Waktu,Beban_MW,Suhu_C,Jam,Hari_Minggu,Bulan,Adalah_Libur
2022-01-01 00:00:00,46.34,30.9,0,5,1,1
2022-01-01 01:00:00,46.54,30.8,1,5,1,1
2022-01-01 02:00:00,48.51,31.5,2,5,1,1
2022-01-01 03:00:00,50.96,32.1,3,5,1,1
2022-01-01 04:00:00,48.77,30.3,4,5,1,1
2022-01-01 05:00:00,50.13,29.6,5,5,1,1
2022-01-01 06:00:00,55.36,30.3,6,5,1,1
2022-01-01 07:00:00,57.03,28.6,7,5,1,1
2022-01-01 08:00:00,64.45,26.6,8,5,1,1
2022-01-01 09:00:00,68.01,26.4,9,5,1,1
2022-01-01 10:00:00,68.36,24.6,10,5,1,1
2022-01-01 11:00:00,70.75,23.8,11,5,1,1
2022-01-01 12:00:00,72.98,23.7,12,5,1,1
2022-01-01 13:00:00,73.76,21.6,13,5,1,1
2022-01-01 14:00:00,76.91,21.6,14,5,1,1
2022-01-01 15:00:00,75.7,22.7,15,5,1,1
2022-01-01 16:00:00,74.78,22.7,16,5,1,1
2022-01-01 17:00:00,77.53,24.4,17,5,1,1
2022-01-01 18:00:00,80.36,24.3,18,5,1,1
2022-01-01 19:00:00,82.17,24.8,19,5,1,1
2022-01-01 20:00:00,84.68,28.2,20,5,1,1
2022-01-01 21:00:00,85.02,27.9,21,5,1,1
2022-01-01 22:00:00,75.23,29.1,22,5,1,1
2022-01-01 23:00:00,65.99,28.7,23,5,1,1
2022-01-02 00:00:00,45.16,30.0,0,6,1,1
2022-01-02 01:00:00,45.73,31.0,1,6,1,1
2022-01-02 02:00:00,48.09,30.1,2,6,1,1
2022-01-02 03:00:00,46.53,31.2,3,6,1,1
2022-01-02 04:00:00,49.59,30.0,4,6,1,1
2022-01-02 05:00:00,48.45,29.6,5,6,1,1
2022-01-02 06:00:00,53.91,28.5,6,6,1,1
2022-01-02 07:00:00,58.76,29.5,7,6,1,1
2022-01-02 08:00:00,63.14,27.0,8,6,1,1
2022-01-02 09:00:00,68.44,25.1,9,6,1,1
2022-01-02 10:00:00,70.2,25.7,10,6,1,1
2022-01-02 11:00:00,69.8,23.2,11,6,1,1
2022-01-02 12:00:00,72.85,23.7,12,6,1,1
2022-01-02 13:00:00,71.26,21.6,13,6,1,1
2022-01-02 14:00:00,73.91,21.9,14,6,1,1
2022-01-02 15:00:00,75.29,23.3,15,6,1,1
2022-01-02 16:00:00,75.55,24.1,16,6,1,1
2022-01-02 17:00:00,80.14,24.3,17,6,1,1
2022-01-02 18:00:00,79.98,24.9,18,6,1,1
2022-01-02 19:00:00,83.67,25.7,19,6,1,1
2022-01-02 20:00:00,82.15,25.8,20,6,1,1
2022-01-02 21:00:00,87.1,27.5,21,6,1,1
2022-01-02 22:00:00,74.68,28.6,22,6,1,1
2022-01-02 23:00:00,65.6,30.7,23,6,1,1
2022-01-03 00:00:00,48.97,30.7,0,0,1,0
2022-01-03 01:00:00,49.72,29.5,1,0,1,0
2022-01-03 02:00:00,52.98,31.3,2,0,1,0
2022-01-03 03:00:00,55.01,30.6,3,0,1,0
2022-01-03 04:00:00,52.09,29.9,4,0,1,0
2022-01-03 05:00:00,54.69,30.3,5,0,1,0
2022-01-03 06:00:00,58.32,29.8,6,0,1,0
2022-01-03 07:00:00,63.48,28.8,7,0,1,0
2022-01-03 08:00:00,71.96,26.3,8,0,1,0
2022-01-03 09:00:00,73.42,25.7,9,0,1,0
2022-01-03 10:00:00,77.53,25.3,10,0,1,0
2022-01-03 11:00:00,78.74,25.0,11,0,1,0
2022-01-03 12:00:00,79.09,23.2,12,0,1,0
2022-01-03 13:00:00,81.98,23.0,13,0,1,0
2022-01-03 14:00:00,80.23,22.1,14,0,1,0
2022-01-03 15:00:00,84.85,22.2,15,0,1,0
2022-01-03 16:00:00,85.29,24.2,16,0,1,0
2022-01-03 17:00:00,88.23,25.3,17,0,1,0
2022-01-03 18:00:00,93.99,24.9,18,0,1,0
2022-01-03 19:00:00,90.43,26.8,19,0,1,0
2022-01-03 20:00:00,93.39,27.3,20,0,1,0
2022-01-03 21:00:00,95.82,27.5,21,0,1,0
2022-01-03 22:00:00,82.74,29.3,22,0,1,0
2022-01-03 23:00:00,73.62,31.1,23,0,1,0
2022-01-04 00:00:00,48.21,30.4,0,1,1,0
2022-01-04 01:00:00,54.82,32.1,1,1,1,0
2022-01-04 02:00:00,49.55,28.9,2,1,1,0
2022-01-04 03:00:00,53.9,31.5,3,1,1,0
2022-01-04 04:00:00,52.73,30.5,4,1,1,0
2022-01-04 05:00:00,54.81,29.6,5,1,1,0
2022-01-04 06:00:00,57.8,29.1,6,1,1,0
2022-01-04 07:00:00,63.48,26.4,7,1,1,0
2022-01-04 08:00:00,70.03,26.8,8,1,1,0
2022-01-04 09:00:00,73.53,26.3,9,1,1,0
2022-01-04 10:00:00,76.35,26.2,10,1,1,0
2022-01-04 11:00:00,80.32,23.8,11,1,1,0
2022-01-04 12:00:00,79.81,22.9,12,1,1,0
2022-01-04 13:00:00,81.35,22.7,13,1,1,0
2022-01-04 14:00:00,82.49,23.7,14,1,1,0
2022-01-04 15:00:00,81.5,23.4,15,1,1,0
2022-01-04 16:00:00,85.41,23.1,16,1,1,0
2022-01-04 17:00:00,86.72,24.6,17,1,1,0
2022-01-04 18:00:00,90.03,25.1,18,1,1,0
2022-01-04 19:00:00,91.36,26.7,19,1,1,0
2022-01-04 20:00:00,94.52,26.4,20,1,1,0
2022-01-04 21:00:00,95.21,27.8,21,1,1,0
2022-01-04 22:00:00,83.09,28.7,22,1,1,0
2022-01-04 23:00:00,73.55,28.7,23,1,1,0
2022-01-05 00:00:00,50.44,30.7,0,2,1,0
2022-01-05 01:00:00,49.37,31.1,1,2,1,0
2022-01-05 02:00:00,50.89,31.0,2,2,1,0
2022-01-05 03:00:00,52.51,30.7,3,2,1,0
2022-01-05 04:00:00,51.86,29.3,4,2,1,0
2022-01-05 05:00:00,52.42,29.5,5,2,1,0
2022-01-05 06:00:00,59.47,28.7,6,2,1,0
2022-01-05 07:00:00,64.11,27.4,7,2,1,0
2022-01-05 08:00:00,69.32,26.9,8,2,1,0
2022-01-05 09:00:00,73.24,26.3,9,2,1,0
2022-01-05 10:00:00,76.56,26.5,10,2,1,0
2022-01-05 11:00:00,74.03,24.3,11,2,1,0
2022-01-05 12:00:00,78.87,23.7,12,2,1,0
2022-01-05 13:00:00,81.24,23.1,13,2,1,0
2022-01-05 14:00:00,82.53,21.5,14,2,1,0
2022-01-05 15:00:00,79.57,23.1,15,2,1,0
2022-01-05 16:00:00,82.51,23.6,16,2,1,0
2022-01-05 17:00:00,86.31,26.1,17,2,1,0
2022-01-05 18:00:00,88.19,24.8,18,2,1,0
2022-01-05 19:00:00,92.46,26.2,19,2,1,0
2022-01-05 20:00:00,96.38,27.0,20,2,1,0
2022-01-05 21:00:00,93.25,27.1,21,2,1,0
2022-01-05 22:00:00,82.86,29.9,22,2,1,0
2022-01-05 23:00:00,75.08,30.4,23,2,1,0
2022-01-06 00:00:00,51.5,31.1,0,3,1,0
2022-01-06 01:00:00,51.01,30.1,1,3,1,0
2022-01-06 02:00:00,56.55,32.1,2,3,1,0
2022-01-06 03:00:00,51.2,29.7,3,3,1,0
2022-01-06 04:00:00,54.63,30.9,4,3,1,0
2022-01-06 05:00:00,57.85,31.6,5,3,1,0
2022-01-06 06:00:00,60.34,28.2,6,3,1,0
2022-01-06 07:00:00,61.61,27.6,7,3,1,0
2022-01-06 08:00:00,69.61,27.1,8,3,1,0
2022-01-06 09:00:00,77.35,25.6,9,3,1,0
2022-01-06 10:00:00,81.05,23.8,10,3,1,0
2022-01-06 11:00:00,79.23,24.2,11,3,1,0
2022-01-06 12:00:00,78.55,22.7,12,3,1,0
2022-01-06 13:00:00,79.5,23.5,13,3,1,0
2022-01-06 14:00:00,85.78,22.3,14,3,1,0
2022-01-06 15:00:00,83.33,24.4,15,3,1,0
2022-01-06 16:00:00,80.75,22.9,16,3,1,0
2022-01-06 17:00:00,87.79,23.9,17,3,1,0
2022-01-06 18:00:00,90.2,25.7,18,3,1,0
2022-01-06 19:00:00,92.14,25.0,19,3,1,0
2022-01-06 20:00:00,90.99,27.2,20,3,1,0
2022-01-06 21:00:00,92.13,29.1,21,3,1,0
2022-01-06 22:00:00,80.39,27.7,22,3,1,0
2022-01-06 23:00:00,75.84,30.0,23,3,1,0
2022-01-07 00:00:00,49.79,30.7,0,4,1,0
2022-01-07 01:00:00,52.54,31.5,1,4,1,0
2022-01-07 02:00:00,52.71,30.0,2,4,1,0
2022-01-07 03:00:00,52.27,29.8,3,4,1,0
2022-01-07 04:00:00,54.25,30.9,4,4,1,0
2022-01-07 05:00:00,54.61,30.1,5,4,1,0
2022-01-07 06:00:00,58.91,29.2,6,4,1,0
2022-01-07 07:00:00,65.7,28.3,7,4,1,0
2022-01-07 08:00:00,70.05,26.5,8,4,1,0
2022-01-07 09:00:00,74.31,26.2,9,4,1,0
2022-01-07 10:00:00,78.23,25.2,10,4,1,0
2022-01-07 11:00:00,80.05,23.6,11,4,1,0
2022-01-07 12:00:00,77.02,25.0,12,4,1,0
2022-01-07 13:00:00,83.62,23.5,13,4,1,0
2022-01-07 14:00:00,82.73,22.0,14,4,1,0
2022-01-07 15:00:00,82.6,23.7,15,4,1,0
2022-01-07 16:00:00,83.79,22.8,16,4,1,0
2022-01-07 17:00:00,87.15,24.8,17,4,1,0
2022-01-07 18:00:00,91.36,25.9,18,4,1,0
2022-01-07 19:00:00,90.47,25.3,19,4,1,0
2022-01-07 20:00:00,89.93,27.8,20,4,1,0
2022-01-07 21:00:00,91.3,28.4,21,4,1,0
2022-01-07 22:00:00,84.92,29.7,22,4,1,0
2022-01-07 23:00:00,74.5,31.3,23,4,1,0
2022-01-08 00:00:00,46.38,30.3,0,5,1,1
2022-01-08 01:00:00,46.9,30.3,1,5,1,1
2022-01-08 02:00:00,47.97,30.3,2,5,1,1
2022-01-08 03:00:00,47.54,30.2,3,5,1,1
2022-01-08 04:00:00,48.83,30.4,4,5,1,1
2022-01-08 05:00:00,47.83,30.1,5,5,1,1
2022-01-08 06:00:00,54.14,29.2,6,5,1,1
2022-01-08 07:00:00,58.18,28.7,7,5,1,1
2022-01-08 08:00:00,63.44,27.0,8,5,1,1
2022-01-08 09:00:00,70.14,27.1,9,5,1,1
2022-01-08 10:00:00,68.04,24.8,10,5,1,1
2022-01-08 11:00:00,70.12,26.3,11,5,1,1
2022-01-08 12:00:00,71.73,24.0,12,5,1,1
2022-01-08 13:00:00,71.51,22.5,13,5,1,1
2022-01-08 14:00:00,73.62,22.1,14,5,1,1
2022-01-08 15:00:00,74.73,23.5,15,5,1,1
2022-01-08 16:00:00,73.39,23.4,16,5,1,1
2022-01-08 17:00:00,81.64,24.7,17,5,1,1
2022-01-08 18:00:00,77.98,25.4,18,5,1,1
2022-01-08 19:00:00,84.08,25.9,19,5,1,1
2022-01-08 20:00:00,84.61,26.3,20,5,1,1
2022-01-08 21:00:00,82.78,26.8,21,5,1,1
2022-01-08 22:00:00,73.29,28.6,22,5,1,1
2022-01-08 23:00:00,64.57,30.5,23,5,1,1
2022-01-09 00:00:00,44.43,30.6,0,6,1,1
2022-01-09 01:00:00,46.28,29.9,1,6,1,1
2022-01-09 02:00:00,47.54,31.1,2,6,1,1
2022-01-09 03:00:00,49.8,31.2,3,6,1,1
2022-01-09 04:00:00,47.19,29.8,4,6,1,1
2022-01-09 05:00:00,49.73,30.0,5,6,1,1
2022-01-09 06:00:00,51.9,29.0,6,6,1,1
2022-01-09 07:00:00,56.46,27.1,7,6,1,1
2022-01-09 08:00:00,62.51,27.3,8,6,1,1
2022-01-09 09:00:00,66.62,26.4,9,6,1,1
2022-01-09 10:00:00,66.6,25.9,10,6,1,1
2022-01-09 11:00:00,70.03,25.0,11,6,1,1
2022-01-09 12:00:00,71.39,22.4,12,6,1,1
2022-01-09 13:00:00,75.08,22.4,13,6,1,1
2022-01-09 14:00:00,75.46,23.4,14,6,1,1
2022-01-09 15:00:00,75.92,23.5,15,6,1,1
2022-01-09 16:00:00,75.1,23.9,16,6,1,1
2022-01-09 17:00:00,79.92,27.3,17,6,1,1
2022-01-09 18:00:00,78.48,25.5,18,6,1,1
2022-01-09 19:00:00,82.31,26.9,19,6,1,1
2022-01-09 20:00:00,84.49,27.8,20,6,1,1
2022-01-09 21:00:00,86.55,28.6,21,6,1,1
2022-01-09 22:00:00,75.96,28.7,22,6,1,1
2022-01-09 23:00:00,69.3,30.4,23,6,1,1
2022-01-10 00:00:00,48.05,29.8,0,0,1,0
2022-01-10 01:00:00,50.8,30.7,1,0,1,0
2022-01-10 02:00:00,52.43,30.6,2,0,1,0
2022-01-10 03:00:00,54.55,30.9,3,0,1,0
2022-01-10 04:00:00,55.9,32.3,4,0,1,0
2022-01-10 05:00:00,53.0,28.3,5,0,1,0
2022-01-10 06:00:00,60.0,29.5,6,0,1,0
2022-01-10 07:00:00,62.67,26.7,7,0,1,0
2022-01-10 08:00:00,71.85,26.6,8,0,1,0
2022-01-10 09:00:00,73.81,26.8,9,0,1,0
2022-01-10 10:00:00,73.69,25.1,10,0,1,0
2022-01-10 11:00:00,78.15,23.3,11,0,1,0
2022-01-10 12:00:00,81.82,23.0,12,0,1,0
2022-01-10 13:00:00,82.09,23.7,13,0,1,0
2022-01-10 14:00:00,83.37,22.4,14,0,1,0
2022-01-10 15:00:00,82.2,23.3,15,0,1,0
2022-01-10 16:00:00,81.89,23.6,16,0,1,0
2022-01-10 17:00:00,85.43,23.7,17,0,1,0
2022-01-10 18:00:00,85.6,26.7,18,0,1,0
2022-01-10 19:00:00,91.51,26.5,19,0,1,0
2022-01-10 20:00:00,95.08,25.4,20,0,1,0
2022-01-10 21:00:00,93.8,28.2,21,0,1,0
2022-01-10 22:00:00,84.17,28.5,22,0,1,0
2022-01-10 23:00:00,77.23,30.5,23,0,1,0
2022-01-11 00:00:00,49.36,29.8,0,1,1,0
2022-01-11 01:00:00,51.12,30.8,1,1,1,0
2022-01-11 02:00:00,52.14,31.4,2,1,1,0
2022-01-11 03:00:00,56.27,31.6,3,1,1,0
2022-01-11 04:00:00,53.23,29.5,4,1,1,0
2022-01-11 05:00:00,52.81,29.6,5,1,1,0
2022-01-11 06:00:00,57.23,28.6,6,1,1,0
2022-01-11 07:00:00,65.71,27.5,7,1,1,0
2022-01-11 08:00:00,68.17,28.4,8,1,1,0
2022-01-11 09:00:00,77.91,26.3,9,1,1,0
2022-01-11 10:00:00,72.41,24.0,10,1,1,0
2022-01-11 11:00:00,80.35,24.9,11,1,1,0
2022-01-11 12:00:00,79.9,25.2,12,1,1,0
2022-01-11 13:00:00,81.33,24.0,13,1,1,0
2022-01-11 14:00:00,81.85,21.8,14,1,1,0
2022-01-11 15:00:00,85.24,22.7,15,1,1,0
2022-01-11 16:00:00,83.3,24.5,16,1,1,0
2022-01-11 17:00:00,86.56,23.6,17,1,1,0
2022-01-11 18:00:00,86.57,25.4,18,1,1,0
2022-01-11 19:00:00,91.47,26.6,19,1,1,0
2022-01-11 20:00:00,92.65,26.3,20,1,1,0
2022-01-11 21:00:00,90.33,28.0,21,1,1,0
2022-01-11 22:00:00,83.05,26.4,22,1,1,0
2022-01-11 23:00:00,72.28,29.0,23,1,1,0
2022-01-12 00:00:00,49.65,30.3,0,2,1,0
2022-01-12 01:00:00,50.87,29.9,1,2,1,0
2022-01-12 02:00:00,55.54,32.3,2,2,1,0
2022-01-12 03:00:00,52.85,29.7,3,2,1,0
2022-01-12 04:00:00,52.66,30.1,4,2,1,0
2022-01-12 05:00:00,54.56,29.9,5,2,1,0
2022-01-12 06:00:00,60.11,30.2,6,2,1,0
2022-01-12 07:00:00,62.4,26.9,7,2,1,0
2022-01-12 08:00:00,70.17,27.9,8,2,1,0
2022-01-12 09:00:00,77.91,26.0,9,2,1,0
2022-01-12 10:00:00,76.68,24.2,10,2,1,0
2022-01-12 11:00:00,75.64,24.5,11,2,1,0
2022-01-12 12:00:00,79.18,23.7,12,2,1,0
2022-01-12 13:00:00,79.17,22.7,13,2,1,0
2022-01-12 14:00:00,83.55,23.1,14,2,1,0
2022-01-12 15:00:00,83.0,22.8,15,2,1,0
2022-01-12 16:00:00,81.86,23.6,16,2,1,0
2022-01-12 17:00:00,87.56,24.7,17,2,1,0
2022-01-12 18:00:00,89.27,26.3,18,2,1,0
2022-01-12 19:00:00,91.17,25.0,19,2,1,0
2022-01-12 20:00:00,91.23,28.7,20,2,1,0
2022-01-12 21:00:00,90.57,26.5,21,2,1,0
2022-01-12 22:00:00,85.03,28.9,22,2,1,0
2022-01-12 23:00:00,74.12,30.3,23,2,1,0
2022-01-13 00:00:00,50.28,30.7,0,3,1,0
2022-01-13 01:00:00,51.04,30.4,1,3,1,0
2022-01-13 02:00:00,52.57,30.8,2,3,1,0
2022-01-13 03:00:00,51.69,30.5,3,3,1,0
2022-01-13 04:00:00,51.54,30.0,4,3,1,0
2022-01-13 05:00:00,54.26,30.5,5,3,1,0
2022-01-13 06:00:00,59.42,29.3,6,3,1,0
2022-01-13 07:00:00,63.17,27.5,7,3,1,0
2022-01-13 08:00:00,69.12,27.7,8,3,1,0
2022-01-13 09:00:00,78.32,26.2,9,3,1,0
2022-01-13 10:00:00,73.8,25.7,10,3,1,0
2022-01-13 11:00:00,76.95,24.7,11,3,1,0
2022-01-13 12:00:00,82.13,22.9,12,3,1,0
2022-01-13 13:00:00,81.06,22.7,13,3,1,0
2022-01-13 14:00:00,80.98,23.6,14,3,1,0
2022-01-13 15:00:00,84.05,23.6,15,3,1,0
2022-01-13 16:00:00,82.23,23.5,16,3,1,0
2022-01-13 17:00:00,87.53,24.3,17,3,1,0
2022-01-13 18:00:00,89.99,26.0,18,3,1,0
2022-01-13 19:00:00,89.95,25.5,19,3,1,0
2022-01-13 20:00:00,90.77,27.4,20,3,1,0
2022-01-13 21:00:00,92.94,27.9,21,3,1,0
2022-01-13 22:00:00,81.46,28.8,22,3,1,0
2022-01-13 23:00:00,75.18,30.7,23,3,1,0
2022-01-14 00:00:00,50.94,31.1,0,4,1,0
2022-01-14 01:00:00,52.92,31.5,1,4,1,0
2022-01-14 02:00:00,54.81,32.0,2,4,1,0
2022-01-14 03:00:00,52.95,30.9,3,4,1,0
2022-01-14 04:00:00,55.01,31.0,4,4,1,0
2022-01-14 05:00:00,54.33,29.6,5,4,1,0
2022-01-14 06:00:00,59.34,29.3,6,4,1,0
2022-01-14 07:00:00,63.49,27.9,7,4,1,0
2022-01-14 08:00:00,68.19,27.1,8,4,1,0
2022-01-14 09:00:00,75.88,26.4,9,4,1,0
2022-01-14 10:00:00,74.02,24.3,10,4,1,0
2022-01-14 11:00:00,77.71,25.8,11,4,1,0
2022-01-14 12:00:00,75.1,22.7,12,4,1,0
2022-01-14 13:00:00,78.97,22.2,13,4,1,0
2022-01-14 14:00:00,80.7,23.9,14,4,1,0
2022-01-14 15:00:00,83.94,23.8,15,4,1,0
2022-01-14 16:00:00,83.27,24.0,16,4,1,0
2022-01-14 17:00:00,87.17,24.7,17,4,1,0
2022-01-14 18:00:00,90.95,25.0,18,4,1,0
2022-01-14 19:00:00,92.77,25.2,19,4,1,0
2022-01-14 20:00:00,92.36,27.1,20,4,1,0
2022-01-14 21:00:00,90.58,27.5,21,4,1,0
2022-01-14 22:00:00,83.75,29.8,22,4,1,0
2022-01-14 23:00:00,73.82,29.7,23,4,1,0
2022-01-15 00:00:00,43.05,29.8,0,5,1,1
2022-01-15 01:00:00,46.45,30.6,1,5,1,1
2022-01-15 02:00:00,48.11,31.3,2,5,1,1
2022-01-15 03:00:00,48.11,30.4,3,5,1,1
2022-01-15 04:00:00,48.13,29.8,4,5,1,1
2022-01-15 05:00:00,49.75,30.0,5,5,1,1
2022-01-15 06:00:00,52.77,29.2,6,5,1,1
2022-01-15 07:00:00,57.95,27.6,7,5,1,1
2022-01-15 08:00:00,62.1,26.6,8,5,1,1
2022-01-15 09:00:00,66.74,26.2,9,5,1,1
2022-01-15 10:00:00,71.01,23.8,10,5,1,1
2022-01-15 11:00:00,67.13,23.0,11,5,1,1
2022-01-15 12:00:00,72.6,23.0,12,5,1,1
2022-01-15 13:00:00,72.02,23.0,13,5,1,1
2022-01-15 14:00:00,72.69,23.2,14,5,1,1
2022-01-15 15:00:00,74.35,24.3,15,5,1,1
2022-01-15 16:00:00,71.48,24.2,16,5,1,1
2022-01-15 17:00:00,77.9,24.0,17,5,1,1
2022-01-15 18:00:00,79.16,25.0,18,5,1,1
2022-01-15 19:00:00,81.63,25.2,19,5,1,1
2022-01-15 20:00:00,81.9,27.0,20,5,1,1
2022-01-15 21:00:00,86.82,27.8,21,5,1,1
2022-01-15 22:00:00,78.17,29.3,22,5,1,1
2022-01-15 23:00:00,63.1,29.2,23,5,1,1
2022-01-16 00:00:00,46.07,30.9,0,6,1,1
2022-01-16 01:00:00,48.73,32.1,1,6,1,1
2022-01-16 02:00:00,47.9,30.9,2,6,1,1
2022-01-16 03:00:00,47.95,31.2,3,6,1,1
2022-01-16 04:00:00,49.02,31.0,4,6,1,1
2022-01-16 05:00:00,47.59,29.5,5,6,1,1
2022-01-16 06:00:00,52.49,29.2,6,6,1,1
2022-01-16 07:00:00,56.15,28.0,7,6,1,1
2022-01-16 08:00:00,62.49,27.1,8,6,1,1
2022-01-16 09:00:00,65.36,25.3,9,6,1,1
2022-01-16 10:00:00,68.66,25.0,10,6,1,1
2022-01-16 11:00:00,68.37,24.6,11,6,1,1
2022-01-16 12:00:00,71.55,24.7,12,6,1,1
2022-01-16 13:00:00,71.92,23.9,13,6,1,1
2022-01-16 14:00:00,74.4,24.7,14,6,1,1
2022-01-16 15:00:00,75.7,22.5,15,6,1,1
2022-01-16 16:00:00,76.53,24.2,16,6,1,1
2022-01-16 17:00:00,74.88,24.3,17,6,1,1
2022-01-16 18:00:00,79.19,26.8,18,6,1,1
2022-01-16 19:00:00,81.48,25.3,19,6,1,1
2022-01-16 20:00:00,84.24,26.3,20,6,1,1
2022-01-16 21:00:00,80.77,27.6,21,6,1,1
2022-01-16 22:00:00,73.19,27.3,22,6,1,1
2022-01-16 23:00:00,66.48,29.4,23,6,1,1
2022-01-17 00:00:00,49.24,29.9,0,0,1,0
2022-01-17 01:00:00,51.85,31.0,1,0,1,0
2022-01-17 02:00:00,53.29,31.3,2,0,1,0
2022-01-17 03:00:00,55.51,32.4,3,0,1,0
2022-01-17 04:00:00,54.93,31.2,4,0,1,0
2022-01-17 05:00:00,53.63,29.4,5,0,1,0
2022-01-17 06:00:00,59.38,28.3,6,0,1,0
2022-01-17 07:00:00,61.24,28.4,7,0,1,0
2022-01-17 08:00:00,71.76,25.9,8,0,1,0
2022-01-17 09:00:00,71.82,27.4,9,0,1,0
2022-01-17 10:00:00,74.98,25.9,10,0,1,0
2022-01-17 11:00:00,77.78,23.8,11,0,1,0
2022-01-17 12:00:00,80.19,22.2,12,0,1,0
2022-01-17 13:00:00,76.28,24.2,13,0,1,0
2022-01-17 14:00:00,82.09,22.9,14,0,1,0
2022-01-17 15:00:00,83.44,24.1,15,0,1,0
2022-01-17 16:00:00,83.77,22.3,16,0,1,0
2022-01-17 17:00:00,86.92,23.7,17,0,1,0
2022-01-17 18:00:00,89.11,25.0,18,0,1,0
2022-01-17 19:00:00,90.03,26.0,19,0,1,0
2022-01-17 20:00:00,91.93,26.6,20,0,1,0
2022-01-17 21:00:00,91.24,28.5,21,0,1,0
2022-01-17 22:00:00,81.66,28.1,22,0,1,0
2022-01-17 23:00:00,74.6,29.7,23,0,1,0
2022-01-18 00:00:00,50.13,30.6,0,1,1,0
2022-01-18 01:00:00,52.32,31.3,1,1,1,0
2022-01-18 02:00:00,53.42,31.6,2,1,1,0
2022-01-18 03:00:00,53.0,30.0,3,1,1,0
2022-01-18 04:00:00,53.24,29.2,4,1,1,0
2022-01-18 05:00:00,53.52,30.9,5,1,1,0
2022-01-18 06:00:00,57.96,29.3,6,1,1,0
2022-01-18 07:00:00,63.81,27.4,7,1,1,0
2022-01-18 08:00:00,69.58,28.2,8,1,1,0
2022-01-18 09:00:00,74.12,26.1,9,1,1,0
2022-01-18 10:00:00,78.02,25.9,10,1,1,0
2022-01-18 11:00:00,81.22,24.2,11,1,1,0
2022-01-18 12:00:00,79.43,25.2,12,1,1,0
2022-01-18 13:00:00,81.27,24.5,13,1,1,0
2022-01-18 14:00:00,83.53,22.8,14,1,1,0
2022-01-18 15:00:00,79.08,23.9,15,1,1,0
2022-01-18 16:00:00,82.18,24.1,16,1,1,0
2022-01-18 17:00:00,89.87,25.3,17,1,1,0
2022-01-18 18:00:00,88.5,24.2,18,1,1,0
2022-01-18 19:00:00,88.92,26.5,19,1,1,0
2022-01-18 20:00:00,92.31,27.8,20,1,1,0
2022-01-18 21:00:00,93.04,26.6,21,1,1,0
2022-01-18 22:00:00,81.63,28.1,22,1,1,0
2022-01-18 23:00:00,76.18,28.2,23,1,1,0
2022-01-19 00:00:00,49.06,30.2,0,2,1,0
2022-01-19 01:00:00,50.83,31.4,1,2,1,0
2022-01-19 02:00:00,53.83,32.2,2,2,1,0
2022-01-19 03:00:00,54.29,30.9,3,2,1,0
2022-01-19 04:00:00,55.46,31.8,4,2,1,0
2022-01-19 05:00:00,53.6,28.7,5,2,1,0
2022-01-19 06:00:00,57.58,27.6,6,2,1,0
2022-01-19 07:00:00,66.01,28.0,7,2,1,0
2022-01-19 08:00:00,70.4,27.3,8,2,1,0
2022-01-19 09:00:00,76.7,25.9,9,2,1,0
2022-01-19 10:00:00,77.19,23.3,10,2,1,0
2022-01-19 11:00:00,79.42,24.1,11,2,1,0
2022-01-19 12:00:00,77.75,22.5,12,2,1,0
2022-01-19 13:00:00,80.34,23.7,13,2,1,0
2022-01-19 14:00:00,84.34,23.3,14,2,1,0
2022-01-19 15:00:00,84.69,22.4,15,2,1,0
2022-01-19 16:00:00,80.26,23.1,16,2,1,0
2022-01-19 17:00:00,88.59,23.3,17,2,1,0
2022-01-19 18:00:00,88.88,24.9,18,2,1,0
2022-01-19 19:00:00,89.88,26.7,19,2,1,0
2022-01-19 20:00:00,93.18,26.2,20,2,1,0
2022-01-19 21:00:00,95.28,28.4,21,2,1,0
2022-01-19 22:00:00,83.89,28.6,22,2,1,0
2022-01-19 23:00:00,72.9,29.2,23,2,1,0
2022-01-20 00:00:00,50.25,30.4,0,3,1,0
2022-01-20 01:00:00,49.93,30.0,1,3,1,0
2022-01-20 02:00:00,52.42,30.6,2,3,1,0
2022-01-20 03:00:00,53.59,29.9,3,3,1,0
2022-01-20 04:00:00,53.53,32.0,4,3,1,0
2022-01-20 05:00:00,55.01,29.9,5,3,1,0
2022-01-20 06:00:00,56.8,28.4,6,3,1,0
2022-01-20 07:00:00,65.68,28.2,7,3,1,0
2022-01-20 08:00:00,68.73,26.9,8,3,1,0
2022-01-20 09:00:00,73.3,25.8,9,3,1,0
2022-01-20 10:00:00,77.69,25.5,10,3,1,0
2022-01-20 11:00:00,78.7,24.8,11,3,1,0
2022-01-20 12:00:00,77.55,23.1,12,3,1,0
2022-01-20 13:00:00,79.11,22.7,13,3,1,0
2022-01-20 14:00:00,81.83,22.8,14,3,1,0
2022-01-20 15:00:00,80.16,21.3,15,3,1,0
2022-01-20 16:00:00,80.4,22.3,16,3,1,0
2022-01-20 17:00:00,88.35,25.3,17,3,1,0
2022-01-20 18:00:00,87.92,26.3,18,3,1,0
2022-01-20 19:00:00,91.93,25.8,19,3,1,0
2022-01-20 20:00:00,95.41,27.5,20,3,1,0
2022-01-20 21:00:00,92.88,28.3,21,3,1,0
2022-01-20 22:00:00,86.35,31.5,22,3,1,0
2022-01-20 23:00:00,78.11,30.7,23,3,1,0
2022-01-21 00:00:00,48.62,30.4,0,4,1,0
2022-01-21 01:00:00,51.57,30.1,1,4,1,0
2022-01-21 02:00:00,51.99,29.7,2,4,1,0
2022-01-21 03:00:00,54.36,31.0,3,4,1,0
2022-01-21 04:00:00,54.51,29.9,4,4,1,0
2022-01-21 05:00:00,53.39,28.7,5,4,1,0
2022-01-21 06:00:00,57.92,28.5,6,4,1,0
2022-01-21 07:00:00,65.51,27.2,7,4,1,0
2022-01-21 08:00:00,71.19,28.3,8,4,1,0
2022-01-21 09:00:00,76.78,26.7,9,4,1,0
2022-01-21 10:00:00,76.7,25.0,10,4,1,0
2022-01-21 11:00:00,77.01,25.4,11,4,1,0
2022-01-21 12:00:00,79.43,23.6,12,4,1,0
2022-01-21 13:00:00,82.66,22.4,13,4,1,0
2022-01-21 14:00:00,83.82,24.2,14,4,1,0
2022-01-21 15:00:00,81.43,23.6,15,4,1,0
2022-01-21 16:00:00,82.65,22.7,16,4,1,0
2022-01-21 17:00:00,85.84,24.0,17,4,1,0
2022-01-21 18:00:00,91.41,24.3,18,4,1,0
2022-01-21 19:00:00,89.73,24.9,19,4,1,0
2022-01-21 20:00:00,94.11,27.7,20,4,1,0
2022-01-21 21:00:00,91.74,29.6,21,4,1,0
2022-01-21 22:00:00,84.85,27.9,22,4,1,0
2022-01-21 23:00:00,75.15,30.3,23,4,1,0
2022-01-22 00:00:00,43.6,29.9,0,5,1,1
2022-01-22 01:00:00,46.65,30.5,1,5,1,1
2022-01-22 02:00:00,46.28,30.5,2,5,1,1
2022-01-22 03:00:00,48.18,30.2,3,5,1,1
2022-01-22 04:00:00,48.39,30.5,4,5,1,1
2022-01-22 05:00:00,46.2,29.2,5,5,1,1
2022-01-22 06:00:00,51.83,29.2,6,5,1,1
2022-01-22 07:00:00,57.15,28.0,7,5,1,1
2022-01-22 08:00:00,64.56,26.8,8,5,1,1
2022-01-22 09:00:00,68.96,25.2,9,5,1,1
2022-01-22 10:00:00,71.45,24.5,10,5,1,1
2022-01-22 11:00:00,72.9,24.8,11,5,1,1
2022-01-22 12:00:00,70.37,23.9,12,5,1,1
2022-01-22 13:00:00,72.72,22.4,13,5,1,1
2022-01-22 14:00:00,73.25,23.1,14,5,1,1
2022-01-22 15:00:00,72.82,23.7,15,5,1,1
2022-01-22 16:00:00,70.9,22.2,16,5,1,1
2022-01-22 17:00:00,79.31,24.6,17,5,1,1
2022-01-22 18:00:00,78.38,24.5,18,5,1,1
2022-01-22 19:00:00,81.97,26.4,19,5,1,1
2022-01-22 20:00:00,87.3,26.4,20,5,1,1
2022-01-22 21:00:00,82.89,26.6,21,5,1,1
2022-01-22 22:00:00,75.15,27.7,22,5,1,1
2022-01-22 23:00:00,68.21,29.9,23,5,1,1
2022-01-23 00:00:00,45.58,30.7,0,6,1,1
2022-01-23 01:00:00,45.78,30.1,1,6,1,1
2022-01-23 02:00:00,47.71,31.5,2,6,1,1
2022-01-23 03:00:00,46.34,29.5,3,6,1,1
2022-01-23 04:00:00,47.56,30.4,4,6,1,1
2022-01-23 05:00:00,48.68,28.9,5,6,1,1
2022-01-23 06:00:00,50.7,28.5,6,6,1,1
2022-01-23 07:00:00,58.94,28.1,7,6,1,1
2022-01-23 08:00:00,60.7,26.3,8,6,1,1
2022-01-23 09:00:00,69.06,25.7,9,6,1,1
2022-01-23 10:00:00,68.42,25.8,10,6,1,1
2022-01-23 11:00:00,68.4,23.7,11,6,1,1
2022-01-23 12:00:00,72.13,24.2,12,6,1,1
2022-01-23 13:00:00,74.53,22.2,13,6,1,1
2022-01-23 14:00:00,73.2,23.4,14,6,1,1
2022-01-23 15:00:00,75.1,24.3,15,6,1,1
2022-01-23 16:00:00,70.18,21.6,16,6,1,1
2022-01-23 17:00:00,77.01,23.5,17,6,1,1
2022-01-23 18:00:00,83.0,25.5,18,6,1,1
2022-01-23 19:00:00,81.63,25.8,19,6,1,1
2022-01-23 20:00:00,79.94,27.3,20,6,1,1
2022-01-23 21:00:00,82.54,27.6,21,6,1,1
2022-01-23 22:00:00,73.41,29.1,22,6,1,1
2022-01-23 23:00:00,66.41,29.7,23,6,1,1
2022-01-24 00:00:00,50.6,31.4,0,0,1,0
2022-01-24 01:00:00,51.78,31.1,1,0,1,0
2022-01-24 02:00:00,52.77,31.3,2,0,1,0
2022-01-24 03:00:00,54.27,30.5,3,0,1,0
2022-01-24 04:00:00,53.85,30.1,4,0,1,0
2022-01-24 05:00:00,54.17,29.5,5,0,1,0
2022-01-24 06:00:00,60.32,29.3,6,0,1,0
2022-01-24 07:00:00,63.61,27.7,7,0,1,0
2022-01-24 08:00:00,67.86,27.2,8,0,1,0
2022-01-24 09:00:00,76.94,27.6,9,0,1,0
2022-01-24 10:00:00,76.84,25.7,10,0,1,0
2022-01-24 11:00:00,78.35,23.9,11,0,1,0
2022-01-24 12:00:00,78.13,24.5,12,0,1,0
2022-01-24 13:00:00,80.14,22.8,13,0,1,0
2022-01-24 14:00:00,83.53,21.4,14,0,1,0
2022-01-24 15:00:00,83.75,22.3,15,0,1,0
2022-01-24 16:00:00,83.42,22.0,16,0,1,0
2022-01-24 17:00:00,89.54,23.9,17,0,1,0
2022-01-24 18:00:00,90.67,25.0,18,0,1,0
2022-01-24 19:00:00,91.39,27.3,19,0,1,0
2022-01-24 20:00:00,92.33,27.3,20,0,1,0
2022-01-24 21:00:00,95.41,27.9,21,0,1,0
2022-01-24 22:00:00,83.36,29.7,22,0,1,0
2022-01-24 23:00:00,73.66,28.1,23,0,1,0
2022-01-25 00:00:00,49.35,30.7,0,1,1,0
2022-01-25 01:00:00,51.44,31.5,1,1,1,0
2022-01-25 02:00:00,50.81,29.8,2,1,1,0
2022-01-25 03:00:00,53.62,31.8,3,1,1,0
2022-01-25 04:00:00,54.96,30.7,4,1,1,0
2022-01-25 05:00:00,52.26,29.5,5,1,1,0
2022-01-25 06:00:00,59.31,29.5,6,1,1,0
2022-01-25 07:00:00,65.36,29.9,7,1,1,0
2022-01-25 08:00:00,67.1,27.1,8,1,1,0
2022-01-25 09:00:00,74.46,26.2,9,1,1,0
2022-01-25 10:00:00,77.02,24.6,10,1,1,0
2022-01-25 11:00:00,78.8,23.5,11,1,1,0
2022-01-25 12:00:00,78.81,24.2,12,1,1,0
2022-01-25 13:00:00,82.23,22.5,13,1,1,0
2022-01-25 14:00:00,81.96,23.1,14,1,1,0
2022-01-25 15:00:00,82.16,22.8,15,1,1,0
2022-01-25 16:00:00,82.55,23.9,16,1,1,0
2022-01-25 17:00:00,89.78,24.4,17,1,1,0
2022-01-25 18:00:00,88.44,25.8,18,1,1,0
2022-01-25 19:00:00,90.27,25.6,19,1,1,0
2022-01-25 20:00:00,91.42,26.8,20,1,1,0
2022-01-25 21:00:00,92.54,27.3,21,1,1,0
2022-01-25 22:00:00,85.51,28.6,22,1,1,0
2022-01-25 23:00:00,75.28,30.1,23,1,1,0
2022-01-26 00:00:00,49.51,31.1,0,2,1,0
2022-01-26 01:00:00,49.81,30.1,1,2,1,0
2022-01-26 02:00:00,53.7,31.7,2,2,1,0
2022-01-26 03:00:00,53.64,31.9,3,2,1,0
2022-01-26 04:00:00,53.49,30.8,4,2,1,0
2022-01-26 05:00:00,57.27,31.3,5,2,1,0
2022-01-26 06:00:00,57.88,28.4,6,2,1,0
2022-01-26 07:00:00,65.33,27.0,7,2,1,0
2022-01-26 08:00:00,71.36,25.6,8,2,1,0
2022-01-26 09:00:00,74.02,27.2,9,2,1,0
2022-01-26 10:00:00,75.27,25.5,10,2,1,0
2022-01-26 11:00:00,77.7,24.1,11,2,1,0
2022-01-26 12:00:00,77.41,23.8,12,2,1,0
2022-01-26 13:00:00,81.33,22.2,13,2,1,0
2022-01-26 14:00:00,81.8,25.0,14,2,1,0
2022-01-26 15:00:00,82.73,23.2,15,2,1,0
2022-01-26 16:00:00,84.43,23.6,16,2,1,0
2022-01-26 17:00:00,89.59,24.8,17,2,1,0
2022-01-26 18:00:00,90.52,25.4,18,2,1,0
2022-01-26 19:00:00,87.57,26.1,19,2,1,0
2022-01-26 20:00:00,93.47,26.4,20,2,1,0
2022-01-26 21:00:00,96.36,28.4,21,2,1,0
2022-01-26 22:00:00,79.94,30.5,22,2,1,0
2022-01-26 23:00:00,76.41,30.9,23,2,1,0
2022-01-27 00:00:00,51.17,31.7,0,3,1,0
2022-01-27 01:00:00,50.05,30.5,1,3,1,0
2022-01-27 02:00:00,52.32,30.2,2,3,1,0
2022-01-27 03:00:00,54.99,30.8,3,3,1,0
2022-01-27 04:00:00,54.69,30.5,4,3,1,0
2022-01-27 05:00:00,54.73,30.7,5,3,1,0
2022-01-27 06:00:00,57.49,27.6,6,3,1,0
2022-01-27 07:00:00,64.65,29.3,7,3,1,0
2022-01-27 08:00:00,70.83,26.9,8,3,1,0
2022-01-27 09:00:00,74.54,25.6,9,3,1,0
2022-01-27 10:00:00,76.18,24.2,10,3,1,0
2022-01-27 11:00:00,82.53,22.8,11,3,1,0
2022-01-27 12:00:00,80.84,24.2,12,3,1,0
2022-01-27 13:00:00,83.0,23.2,13,3,1,0
2022-01-27 14:00:00,79.74,22.0,14,3,1,0
2022-01-27 15:00:00,80.98,22.1,15,3,1,0
2022-01-27 16:00:00,82.26,23.3,16,3,1,0
2022-01-27 17:00:00,86.38,25.5,17,3,1,0
2022-01-27 18:00:00,92.51,24.8,18,3,1,0
2022-01-27 19:00:00,93.72,24.8,19,3,1,0
2022-01-27 20:00:00,91.67,26.8,20,3,1,0
2022-01-27 21:00:00,96.47,27.8,21,3,1,0
2022-01-27 22:00:00,83.13,26.8,22,3,1,0
2022-01-27 23:00:00,77.86,29.8,23,3,1,0
2022-01-28 00:00:00,49.78,30.3,0,4,1,0
2022-01-28 01:00:00,52.53,31.4,1,4,1,0
2022-01-28 02:00:00,55.68,32.5,2,4,1,0
2022-01-28 03:00:00,55.75,31.8,3,4,1,0
2022-01-28 04:00:00,54.06,30.2,4,4,1,0
2022-01-28 05:00:00,52.94,28.9,5,4,1,0
2022-01-28 06:00:00,61.72,31.1,6,4,1,0
2022-01-28 07:00:00,63.06,28.1,7,4,1,0
2022-01-28 08:00:00,69.83,27.0,8,4,1,0
2022-01-28 09:00:00,73.46,25.9,9,4,1,0
2022-01-28 10:00:00,73.9,25.2,10,4,1,0
2022-01-28 11:00:00,78.21,24.1,11,4,1,0
2022-01-28 12:00:00,81.13,23.1,12,4,1,0
2022-01-28 13:00:00,82.63,22.7,13,4,1,0
2022-01-28 14:00:00,82.0,23.0,14,4,1,0
2022-01-28 15:00:00,85.0,22.7,15,4,1,0
2022-01-28 16:00:00,81.2,23.0,16,4,1,0
2022-01-28 17:00:00,84.77,24.3,17,4,1,0
2022-01-28 18:00:00,85.74,24.8,18,4,1,0
2022-01-28 19:00:00,89.0,27.2,19,4,1,0
2022-01-28 20:00:00,94.16,24.9,20,4,1,0
2022-01-28 21:00:00,91.97,28.9,21,4,1,0
2022-01-28 22:00:00,85.1,30.0,22,4,1,0
2022-01-28 23:00:00,75.53,28.2,23,4,1,0
2022-01-29 00:00:00,43.66,30.2,0,5,1,1
2022-01-29 01:00:00,46.56,30.6,1,5,1,1
2022-01-29 02:00:00,46.69,29.9,2,5,1,1
2022-01-29 03:00:00,46.54,30.2,3,5,1,1
2022-01-29 04:00:00,49.01,29.6,4,5,1,1
2022-01-29 05:00:00,50.11,31.2,5,5,1,1
2022-01-29 06:00:00,53.13,29.7,6,5,1,1
2022-01-29 07:00:00,60.52,29.1,7,5,1,1
2022-01-29 08:00:00,63.38,27.6,8,5,1,1
2022-01-29 09:00:00,69.0,25.1,9,5,1,1
2022-01-29 10:00:00,71.04,24.6,10,5,1,1
2022-01-29 11:00:00,69.3,24.6,11,5,1,1
2022-01-29 12:00:00,73.19,22.6,12,5,1,1
2022-01-29 13:00:00,72.21,23.7,13,5,1,1
2022-01-29 14:00:00,73.03,22.8,14,5,1,1
2022-01-29 15:00:00,73.48,22.8,15,5,1,1
2022-01-29 16:00:00,72.9,24.1,16,5,1,1
2022-01-29 17:00:00,80.78,24.5,17,5,1,1
2022-01-29 18:00:00,81.16,24.7,18,5,1,1
2022-01-29 19:00:00,81.14,26.9,19,5,1,1
2022-01-29 20:00:00,84.64,26.1,20,5,1,1
2022-01-29 21:00:00,83.33,28.5,21,5,1,1
2022-01-29 22:00:00,74.88,29.5,22,5,1,1
2022-01-29 23:00:00,66.6,29.6,23,5,1,1
2022-01-30 00:00:00,45.76,30.7,0,6,1,1
2022-01-30 01:00:00,45.64,29.9,1,6,1,1
2022-01-30 02:00:00,47.95,31.7,2,6,1,1
2022-01-30 03:00:00,48.88,30.7,3,6,1,1
2022-01-30 04:00:00,47.85,30.0,4,6,1,1
2022-01-30 05:00:00,49.13,30.7,5,6,1,1
2022-01-30 06:00:00,51.02,28.4,6,6,1,1
2022-01-30 07:00:00,58.95,26.9,7,6,1,1
2022-01-30 08:00:00,62.67,25.8,8,6,1,1
2022-01-30 09:00:00,67.93,26.4,9,6,1,1
2022-01-30 10:00:00,70.56,24.0,10,6,1,1
2022-01-30 11:00:00,69.57,25.6,11,6,1,1
2022-01-30 12:00:00,69.05,21.9,12,6,1,1
2022-01-30 13:00:00,73.13,24.5,13,6,1,1
2022-01-30 14:00:00,74.43,23.2,14,6,1,1
2022-01-30 15:00:00,73.49,23.1,15,6,1,1
2022-01-30 16:00:00,76.34,23.1,16,6,1,1
2022-01-30 17:00:00,74.96,24.5,17,6,1,1
2022-01-30 18:00:00,82.69,25.0,18,6,1,1
2022-01-30 19:00:00,83.48,26.8,19,6,1,1
2022-01-30 20:00:00,84.23,27.1,20,6,1,1
2022-01-30 21:00:00,77.63,28.2,21,6,1,1
2022-01-30 22:00:00,76.96,28.7,22,6,1,1
2022-01-30 23:00:00,65.27,29.8,23,6,1,1
2022-01-31 00:00:00,49.63,30.7,0,0,1,0
2022-01-31 01:00:00,49.51,29.5,1,0,1,0
2022-01-31 02:00:00,51.57,29.9,2,0,1,0
2022-01-31 03:00:00,54.74,31.5,3,0,1,0
2022-01-31 04:00:00,54.94,30.6,4,0,1,0
2022-01-31 05:00:00,54.79,29.7,5,0,1,0
2022-01-31 06:00:00,58.89,29.0,6,0,1,0
2022-01-31 07:00:00,64.64,28.3,7,0,1,0
2022-01-31 08:00:00,68.1,26.6,8,0,1,0
2022-01-31 09:00:00,74.0,25.3,9,0,1,0
2022-01-31 10:00:00,78.0,25.2,10,0,1,0
2022-01-31 11:00:00,79.44,23.4,11,0,1,0
2022-01-31 12:00:00,80.28,23.9,12,0,1,0
2022-01-31 13:00:00,80.3,21.8,13,0,1,0
2022-01-31 14:00:00,83.63,23.8,14,0,1,0
2022-01-31 15:00:00,80.23,23.5,15,0,1,0
2022-01-31 16:00:00,83.9,23.7,16,0,1,0
2022-01-31 17:00:00,87.69,25.0,17,0,1,0
2022-01-31 18:00:00,92.66,26.3,18,0,1,0
2022-01-31 19:00:00,88.38,26.8,19,0,1,0
2022-01-31 20:00:00,95.92,25.5,20,0,1,0
2022-01-31 21:00:00,92.48,27.0,21,0,1,0
2022-01-31 22:00:00,82.51,28.5,22,0,1,0
2022-01-31 23:00:00,74.37,29.8,23,0,1,0
2022-02-01 00:00:00,49.05,31.1,0,1,2,0
2022-02-01 01:00:00,50.03,30.6,1,1,2,0
2022-02-01 02:00:00,51.31,31.4,2,1,2,0
2022-02-01 03:00:00,51.23,30.5,3,1,2,0
2022-02-01 04:00:00,53.08,30.2,4,1,2,0
2022-02-01 05:00:00,51.16,29.0,5,1,2,0
2022-02-01 06:00:00,56.62,28.5,6,1,2,0
2022-02-01 07:00:00,61.17,27.2,7,1,2,0
2022-02-01 08:00:00,67.64,26.5,8,1,2,0
2022-02-01 09:00:00,75.71,27.1,9,1,2,0
2022-02-01 10:00:00,73.93,24.5,10,1,2,0
2022-02-01 11:00:00,75.55,26.5,11,1,2,0
2022-02-01 12:00:00,77.98,24.2,12,1,2,0
2022-02-01 13:00:00,79.04,23.6,13,1,2,0
2022-02-01 14:00:00,84.28,22.6,14,1,2,0
2022-02-01 15:00:00,80.36,24.0,15,1,2,0
2022-02-01 16:00:00,81.18,23.3,16,1,2,0
2022-02-01 17:00:00,88.19,24.5,17,1,2,0
2022-02-01 18:00:00,89.66,27.3,18,1,2,0
2022-02-01 19:00:00,89.9,26.2,19,1,2,0
2022-02-01 20:00:00,90.65,28.2,20,1,2,0
2022-02-01 21:00:00,95.21,27.7,21,1,2,0
2022-02-01 22:00:00,81.69,29.2,22,1,2,0
2022-02-01 23:00:00,74.13,31.5,23,1,2,0
2022-02-02 00:00:00,48.02,30.2,0,2,2,0
2022-02-02 01:00:00,50.81,32.6,1,2,2,0
2022-02-02 02:00:00,53.34,31.8,2,2,2,0
2022-02-02 03:00:00,49.79,30.7,3,2,2,0
2022-02-02 04:00:00,53.76,31.2,4,2,2,0
2022-02-02 05:00:00,54.18,30.9,5,2,2,0
2022-02-02 06:00:00,61.1,29.8,6,2,2,0
2022-02-02 07:00:00,60.58,27.0,7,2,2,0
2022-02-02 08:00:00,67.08,26.7,8,2,2,0
2022-02-02 09:00:00,73.54,26.0,9,2,2,0
2022-02-02 10:00:00,74.92,25.2,10,2,2,0
2022-02-02 11:00:00,75.84,24.9,11,2,2,0
2022-02-02 12:00:00,77.55,23.9,12,2,2,0
2022-02-02 13:00:00,77.6,22.3,13,2,2,0
2022-02-02 14:00:00,81.21,23.6,14,2,2,0
2022-02-02 15:00:00,76.82,23.9,15,2,2,0
2022-02-02 16:00:00,80.59,24.3,16,2,2,0
2022-02-02 17:00:00,85.47,25.3,17,2,2,0
2022-02-02 18:00:00,89.82,25.9,18,2,2,0
2022-02-02 19:00:00,92.67,26.6,19,2,2,0
2022-02-02 20:00:00,90.34,27.2,20,2,2,0
2022-02-02 21:00:00,94.03,27.0,21,2,2,0
2022-02-02 22:00:00,81.81,29.6,22,2,2,0
2022-02-02 23:00:00,71.93,30.3,23,2,2,0
2022-02-03 00:00:00,51.15,30.9,0,3,2,0
2022-02-03 01:00:00,50.01,30.1,1,3,2,0
2022-02-03 02:00:00,50.85,30.4,2,3,2,0
2022-02-03 03:00:00,54.45,32.0,3,3,2,0
2022-02-03 04:00:00,53.46,30.7,4,3,2,0
2022-02-03 05:00:00,53.96,30.6,5,3,2,0
2022-02-03 06:00:00,56.33,29.3,6,3,2,0
2022-02-03 07:00:00,62.58,28.3,7,3,2,0
2022-02-03 08:00:00,69.2,28.0,8,3,2,0
2022-02-03 09:00:00,73.56,25.8,9,3,2,0
2022-02-03 10:00:00,76.6,25.3,10,3,2,0
2022-02-03 11:00:00,77.29,24.1,11,3,2,0
2022-02-03 12:00:00,76.29,23.5,12,3,2,0
2022-02-03 13:00:00,77.51,23.2,13,3,2,0
2022-02-03 14:00:00,80.37,23.4,14,3,2,0
2022-02-03 15:00:00,79.77,23.0,15,3,2,0
2022-02-03 16:00:00,81.18,24.8,16,3,2,0
2022-02-03 17:00:00,85.26,23.7,17,3,2,0
2022-02-03 18:00:00,86.9,25.1,18,3,2,0
2022-02-03 19:00:00,91.39,25.9,19,3,2,0
2022-02-03 20:00:00,91.23,28.4,20,3,2,0
2022-02-03 21:00:00,90.14,28.5,21,3,2,0
2022-02-03 22:00:00,82.96,30.1,22,3,2,0
2022-02-03 23:00:00,73.79,28.9,23,3,2,0
2022-02-04 00:00:00,49.76,30.9,0,4,2,0
2022-02-04 01:00:00,52.12,31.8,1,4,2,0
2022-02-04 02:00:00,51.17,31.3,2,4,2,0
2022-02-04 03:00:00,54.79,32.0,3,4,2,0
2022-02-04 04:00:00,55.1,30.3,4,4,2,0
2022-02-04 05:00:00,53.91,31.2,5,4,2,0
2022-02-04 06:00:00,58.66,31.1,6,4,2,0
2022-02-04 07:00:00,63.15,28.0,7,4,2,0
2022-02-04 08:00:00,69.55,26.9,8,4,2,0
2022-02-04 09:00:00,73.61,27.4,9,4,2,0
2022-02-04 10:00:00,73.61,26.5,10,4,2,0
2022-02-04 11:00:00,76.53,24.0,11,4,2,0
2022-02-04 12:00:00,78.62,23.5,12,4,2,0
2022-02-04 13:00:00,78.99,23.2,13,4,2,0
2022-02-04 14:00:00,81.62,22.2,14,4,2,0
2022-02-04 15:00:00,82.54,22.7,15,4,2,0
2022-02-04 16:00:00,81.02,23.0,16,4,2,0
2022-02-04 17:00:00,86.48,23.8,17,4,2,0
2022-02-04 18:00:00,89.49,25.2,18,4,2,0
2022-02-04 19:00:00,87.92,26.4,19,4,2,0
2022-02-04 20:00:00,89.19,28.5,20,4,2,0
2022-02-04 21:00:00,90.95,27.5,21,4,2,0
2022-02-04 22:00:00,82.11,30.1,22,4,2,0
2022-02-04 23:00:00,71.69,29.9,23,4,2,0
2022-02-05 00:00:00,46.27,30.7,0,5,2,1
2022-02-05 01:00:00,48.73,31.7,1,5,2,1
2022-02-05 02:00:00,45.57,30.4,2,5,2,1
2022-02-05 03:00:00,48.11,31.4,3,5,2,1
2022-02-05 04:00:00,48.1,30.9,4,5,2,1
2022-02-05 05:00:00,49.88,30.5,5,5,2,1
2022-02-05 06:00:00,53.9,29.5,6,5,2,1
2022-02-05 07:00:00,55.92,30.3,7,5,2,1
2022-02-05 08:00:00,62.16,26.8,8,5,2,1
2022-02-05 09:00:00,64.41,25.8,9,5,2,1
2022-02-05 10:00:00,70.39,24.8,10,5,2,1
2022-02-05 11:00:00,69.71,24.0,11,5,2,1
2022-02-05 12:00:00,68.61,23.3,12,5,2,1
2022-02-05 13:00:00,71.29,24.4,13,5,2,1
2022-02-05 14:00:00,72.09,24.4,14,5,2,1
2022-02-05 15:00:00,73.43,22.9,15,5,2,1
2022-02-05 16:00:00,74.27,23.1,16,5,2,1
2022-02-05 17:00:00,75.85,24.8,17,5,2,1
2022-02-05 18:00:00,82.49,24.8,18,5,2,1
2022-02-05 19:00:00,83.45,26.7,19,5,2,1
2022-02-05 20:00:00,80.24,27.4,20,5,2,1
2022-02-05 21:00:00,82.43,27.1,21,5,2,1
2022-02-05 22:00:00,78.09,30.5,22,5,2,1
2022-02-05 23:00:00,69.4,31.5,23,5,2,1
2022-02-06 00:00:00,43.59,30.2,0,6,2,1
2022-02-06 01:00:00,46.32,30.8,1,6,2,1
2022-02-06 02:00:00,50.24,31.5,2,6,2,1
2022-02-06 03:00:00,48.12,31.4,3,6,2,1
2022-02-06 04:00:00,48.12,31.3,4,6,2,1
2022-02-06 05:00:00,50.32,31.7,5,6,2,1
2022-02-06 06:00:00,52.18,29.1,6,6,2,1
2022-02-06 07:00:00,55.96,27.7,7,6,2,1
2022-02-06 08:00:00,62.12,26.2,8,6,2,1
2022-02-06 09:00:00,64.49,25.6,9,6,2,1
2022-02-06 10:00:00,66.68,25.2,10,6,2,1
2022-02-06 11:00:00,70.21,25.9,11,6,2,1
2022-02-06 12:00:00,67.14,23.4,12,6,2,1
2022-02-06 13:00:00,73.14,23.6,13,6,2,1
2022-02-06 14:00:00,69.27,23.3,14,6,2,1
2022-02-06 15:00:00,69.73,24.4,15,6,2,1
2022-02-06 16:00:00,71.75,25.8,16,6,2,1
2022-02-06 17:00:00,78.38,24.0,17,6,2,1
2022-02-06 18:00:00,81.57,24.9,18,6,2,1
2022-02-06 19:00:00,80.63,27.1,19,6,2,1
2022-02-06 20:00:00,81.4,27.8,20,6,2,1
2022-02-06 21:00:00,84.34,29.8,21,6,2,1
2022-02-06 22:00:00,72.84,29.7,22,6,2,1
2022-02-06 23:00:00,65.76,29.8,23,6,2,1
2022-02-07 00:00:00,48.69,31.2,0,0,2,0
2022-02-07 01:00:00,51.86,32.0,1,0,2,0
2022-02-07 02:00:00,52.51,31.9,2,0,2,0
2022-02-07 03:00:00,52.33,31.5,3,0,2,0
2022-02-07 04:00:00,54.42,31.6,4,0,2,0
2022-02-07 05:00:00,54.68,31.0,5,0,2,0
2022-02-07 06:00:00,60.58,30.4,6,0,2,0
2022-02-07 07:00:00,60.87,28.8,7,0,2,0
2022-02-07 08:00:00,68.23,27.1,8,0,2,0
2022-02-07 09:00:00,72.6,26.4,9,0,2,0
2022-02-07 10:00:00,76.55,26.2,10,0,2,0
2022-02-07 11:00:00,77.87,23.8,11,0,2,0
2022-02-07 12:00:00,78.48,24.1,12,0,2,0
2022-02-07 13:00:00,78.5,23.1,13,0,2,0
2022-02-07 14:00:00,82.08,23.3,14,0,2,0
2022-02-07 15:00:00,78.12,24.4,15,0,2,0
2022-02-07 16:00:00,77.78,24.0,16,0,2,0
2022-02-07 17:00:00,84.28,24.5,17,0,2,0
2022-02-07 18:00:00,87.94,24.2,18,0,2,0
2022-02-07 19:00:00,90.71,26.8,19,0,2,0
2022-02-07 20:00:00,85.45,27.8,20,0,2,0
2022-02-07 21:00:00,95.1,30.0,21,0,2,0
2022-02-07 22:00:00,81.83,29.0,22,0,2,0
2022-02-07 23:00:00,71.05,30.3,23,0,2,0
2022-02-08 00:00:00,49.57,30.9,0,1,2,0
2022-02-08 01:00:00,53.33,32.4,1,1,2,0
2022-02-08 02:00:00,52.4,31.2,2,1,2,0
2022-02-08 03:00:00,54.15,31.4,3,1,2,0
2022-02-08 04:00:00,52.35,31.2,4,1,2,0
2022-02-08 05:00:00,53.11,30.2,5,1,2,0
2022-02-08 06:00:00,56.44,28.9,6,1,2,0
2022-02-08 07:00:00,65.13,28.5,7,1,2,0
2022-02-08 08:00:00,69.23,28.1,8,1,2,0
2022-02-08 09:00:00,78.02,25.4,9,1,2,0
2022-02-08 10:00:00,74.5,25.4,10,1,2,0
2022-02-08 11:00:00,75.56,23.9,11,1,2,0
2022-02-08 12:00:00,77.45,24.8,12,1,2,0
2022-02-08 13:00:00,81.88,22.2,13,1,2,0
2022-02-08 14:00:00,80.03,22.8,14,1,2,0
2022-02-08 15:00:00,80.83,23.7,15,1,2,0
2022-02-08 16:00:00,80.79,25.1,16,1,2,0
2022-02-08 17:00:00,86.6,24.4,17,1,2,0
2022-02-08 18:00:00,86.83,24.8,18,1,2,0
2022-02-08 19:00:00,89.23,27.7,19,1,2,0
2022-02-08 20:00:00,90.62,26.1,20,1,2,0
2022-02-08 21:00:00,91.43,26.5,21,1,2,0
2022-02-08 22:00:00,83.9,29.6,22,1,2,0
2022-02-08 23:00:00,75.19,29.7,23,1,2,0
2022-02-09 00:00:00,47.47,29.9,0,2,2,0
2022-02-09 01:00:00,51.04,31.7,1,2,2,0
2022-02-09 02:00:00,51.34,31.5,2,2,2,0
2022-02-09 03:00:00,52.38,30.7,3,2,2,0
2022-02-09 04:00:00,51.41,29.7,4,2,2,0
2022-02-09 05:00:00,54.53,30.8,5,2,2,0
2022-02-09 06:00:00,59.77,29.8,6,2,2,0
2022-02-09 07:00:00,59.7,28.2,7,2,2,0
2022-02-09 08:00:00,69.02,28.7,8,2,2,0
2022-02-09 09:00:00,73.05,25.4,9,2,2,0
2022-02-09 10:00:00,75.92,24.0,10,2,2,0
2022-02-09 11:00:00,75.3,23.9,11,2,2,0
2022-02-09 12:00:00,79.57,23.8,12,2,2,0
2022-02-09 13:00:00,81.12,23.6,13,2,2,0
2022-02-09 14:00:00,81.56,23.1,14,2,2,0
2022-02-09 15:00:00,81.93,23.7,15,2,2,0
2022-02-09 16:00:00,79.41,22.8,16,2,2,0
2022-02-09 17:00:00,85.44,25.6,17,2,2,0
2022-02-09 18:00:00,89.35,25.2,18,2,2,0
2022-02-09 19:00:00,88.08,27.1,19,2,2,0
2022-02-09 20:00:00,93.63,27.5,20,2,2,0
2022-02-09 21:00:00,90.84,28.7,21,2,2,0
2022-02-09 22:00:00,83.28,29.7,22,2,2,0
2022-02-09 23:00:00,76.64,30.5,23,2,2,0
2022-02-10 00:00:00,49.16,31.2,0,3,2,0
2022-02-10 01:00:00,52.09,32.2,1,3,2,0
2022-02-10 02:00:00,53.1,31.4,2,3,2,0
2022-02-10 03:00:00,54.36,31.7,3,3,2,0
2022-02-10 04:00:00,52.83,30.7,4,3,2,0
2022-02-10 05:00:00,54.21,31.2,5,3,2,0
2022-02-10 06:00:00,57.25,28.7,6,3,2,0
2022-02-10 07:00:00,65.62,29.7,7,3,2,0
2022-02-10 08:00:00,67.95,27.2,8,3,2,0
2022-02-10 09:00:00,73.86,25.1,9,3,2,0
2022-02-10 10:00:00,74.57,25.4,10,3,2,0
2022-02-10 11:00:00,77.8,23.9,11,3,2,0
2022-02-10 12:00:00,77.92,24.5,12,3,2,0
2022-02-10 13:00:00,78.02,22.9,13,3,2,0
2022-02-10 14:00:00,79.04,22.9,14,3,2,0
2022-02-10 15:00:00,77.35,21.9,15,3,2,0
2022-02-10 16:00:00,79.26,23.4,16,3,2,0
2022-02-10 17:00:00,87.92,22.5,17,3,2,0
2022-02-10 18:00:00,90.37,24.0,18,3,2,0
2022-02-10 19:00:00,90.72,26.8,19,3,2,0
2022-02-10 20:00:00,91.98,27.9,20,3,2,0
2022-02-10 21:00:00,91.21,28.6,21,3,2,0
2022-02-10 22:00:00,82.9,28.5,22,3,2,0
2022-02-10 23:00:00,73.52,30.1,23,3,2,0
2022-02-11 00:00:00,50.97,30.7,0,4,2,0
2022-02-11 01:00:00,49.52,30.2,1,4,2,0
2022-02-11 02:00:00,54.71,32.5,2,4,2,0
2022-02-11 03:00:00,54.4,31.8,3,4,2,0
2022-02-11 04:00:00,53.81,30.6,4,4,2,0
2022-02-11 05:00:00,51.3,30.1,5,4,2,0
2022-02-11 06:00:00,59.09,29.4,6,4,2,0
2022-02-11 07:00:00,62.77,26.7,7,4,2,0
2022-02-11 08:00:00,67.72,27.1,8,4,2,0
2022-02-11 09:00:00,71.52,25.7,9,4,2,0
2022-02-11 10:00:00,75.21,24.5,10,4,2,0
2022-02-11 11:00:00,76.75,24.2,11,4,2,0
2022-02-11 12:00:00,75.62,25.2,12,4,2,0
2022-02-11 13:00:00,77.26,23.9,13,4,2,0
2022-02-11 14:00:00,81.43,22.8,14,4,2,0
2022-02-11 15:00:00,82.06,23.9,15,4,2,0
2022-02-11 16:00:00,80.94,24.9,16,4,2,0
2022-02-11 17:00:00,88.55,25.2,17,4,2,0
2022-02-11 18:00:00,87.85,25.3,18,4,2,0
2022-02-11 19:00:00,89.38,25.7,19,4,2,0
2022-02-11 20:00:00,89.26,27.8,20,4,2,0
2022-02-11 21:00:00,88.54,28.6,21,4,2,0
2022-02-11 22:00:00,85.89,30.0,22,4,2,0
2022-02-11 23:00:00,75.35,30.6,23,4,2,0
2022-02-12 00:00:00,44.26,31.6,0,5,2,1
2022-02-12 01:00:00,45.55,30.7,1,5,2,1
2022-02-12 02:00:00,48.11,32.3,2,5,2,1
2022-02-12 03:00:00,47.61,31.3,3,5,2,1
2022-02-12 04:00:00,49.67,32.4,4,5,2,1
2022-02-12 05:00:00,47.91,29.5,5,5,2,1
2022-02-12 06:00:00,54.77,30.7,6,5,2,1
2022-02-12 07:00:00,57.15,28.5,7,5,2,1
2022-02-12 08:00:00,61.34,26.7,8,5,2,1
2022-02-12 09:00:00,66.13,25.8,9,5,2,1
2022-02-12 10:00:00,69.13,25.0,10,5,2,1
2022-02-12 11:00:00,69.75,24.8,11,5,2,1
2022-02-12 12:00:00,70.03,24.2,12,5,2,1
2022-02-12 13:00:00,71.62,22.9,13,5,2,1
2022-02-12 14:00:00,73.13,23.2,14,5,2,1
2022-02-12 15:00:00,71.8,25.1,15,5,2,1
2022-02-12 16:00:00,73.91,25.2,16,5,2,1
2022-02-12 17:00:00,75.98,24.8,17,5,2,1
2022-02-12 18:00:00,78.47,25.3,18,5,2,1
2022-02-12 19:00:00,81.64,26.3,19,5,2,1
2022-02-12 20:00:00,79.76,27.8,20,5,2,1
2022-02-12 21:00:00,79.37,27.5,21,5,2,1
2022-02-12 22:00:00,73.67,29.1,22,5,2,1
2022-02-12 23:00:00,62.12,28.8,23,5,2,1
2022-02-13 00:00:00,43.75,31.1,0,6,2,1
2022-02-13 01:00:00,47.22,31.6,1,6,2,1
2022-02-13 02:00:00,46.32,30.9,2,6,2,1
2022-02-13 03:00:00,50.52,32.4,3,6,2,1
2022-02-13 04:00:00,45.72,29.8,4,6,2,1
2022-02-13 05:00:00,46.8,28.9,5,6,2,1
2022-02-13 06:00:00,52.72,29.4,6,6,2,1
2022-02-13 07:00:00,55.26,29.1,7,6,2,1
2022-02-13 08:00:00,62.94,28.6,8,6,2,1
2022-02-13 09:00:00,67.14,25.9,9,6,2,1
2022-02-13 10:00:00,65.24,26.1,10,6,2,1
2022-02-13 11:00:00,68.97,24.4,11,6,2,1
2022-02-13 12:00:00,70.52,23.7,12,6,2,1
2022-02-13 13:00:00,70.72,24.1,13,6,2,1
2022-02-13 14:00:00,70.14,23.8,14,6,2,1
2022-02-13 15:00:00,73.02,22.1,15,6,2,1
2022-02-13 16:00:00,76.19,25.0,16,6,2,1
2022-02-13 17:00:00,77.19,25.5,17,6,2,1
2022-02-13 18:00:00,82.01,24.8,18,6,2,1
2022-02-13 19:00:00,79.16,26.5,19,6,2,1
2022-02-13 20:00:00,82.26,27.7,20,6,2,1
2022-02-13 21:00:00,83.73,28.5,21,6,2,1
2022-02-13 22:00:00,73.44,28.8,22,6,2,1
2022-02-13 23:00:00,64.89,29.6,23,6,2,1
2022-02-14 00:00:00,49.93,30.7,0,0,2,0
2022-02-14 01:00:00,53.75,32.1,1,0,2,0
2022-02-14 02:00:00,52.7,31.7,2,0,2,0
2022-02-14 03:00:00,51.78,30.8,3,0,2,0
2022-02-14 04:00:00,53.69,31.3,4,0,2,0
2022-02-14 05:00:00,54.78,27.8,5,0,2,0
2022-02-14 06:00:00,59.12,30.2,6,0,2,0
2022-02-14 07:00:00,62.17,26.9,7,0,2,0
2022-02-14 08:00:00,66.75,27.0,8,0,2,0
2022-02-14 09:00:00,71.01,25.3,9,0,2,0
2022-02-14 10:00:00,75.78,24.2,10,0,2,0
2022-02-14 11:00:00,77.72,25.4,11,0,2,0
2022-02-14 12:00:00,77.05,23.4,12,0,2,0
2022-02-14 13:00:00,79.62,23.7,13,0,2,0
2022-02-14 14:00:00,78.71,23.2,14,0,2,0
2022-02-14 15:00:00,80.85,23.8,15,0,2,0
2022-02-14 16:00:00,81.42,23.9,16,0,2,0
2022-02-14 17:00:00,85.59,23.4,17,0,2,0
2022-02-14 18:00:00,91.03,26.1,18,0,2,0
2022-02-14 19:00:00,87.95,25.8,19,0,2,0
2022-02-14 20:00:00,91.48,26.0,20,0,2,0
2022-02-14 21:00:00,93.02,28.0,21,0,2,0
2022-02-14 22:00:00,83.28,30.5,22,0,2,0
2022-02-14 23:00:00,73.66,30.8,23,0,2,0
2022-02-15 00:00:00,47.63,30.5,0,1,2,0
2022-02-15 01:00:00,51.79,30.9,1,1,2,0
2022-02-15 02:00:00,51.39,31.0,2,1,2,0
2022-02-15 03:00:00,55.25,32.8,3,1,2,0
2022-02-15 04:00:00,54.23,31.0,4,1,2,0
2022-02-15 05:00:00,53.13,30.4,5,1,2,0
2022-02-15 06:00:00,58.61,30.1,6,1,2,0
2022-02-15 07:00:00,64.64,28.5,7,1,2,0
2022-02-15 08:00:00,66.78,27.1,8,1,2,0
2022-02-15 09:00:00,76.94,26.1,9,1,2,0
2022-02-15 10:00:00,74.08,25.2,10,1,2,0
2022-02-15 11:00:00,74.85,24.4,11,1,2,0
2022-02-15 12:00:00,77.89,24.4,12,1,2,0
2022-02-15 13:00:00,83.22,23.4,13,1,2,0
2022-02-15 14:00:00,77.49,23.9,14,1,2,0
2022-02-15 15:00:00,80.4,23.3,15,1,2,0
2022-02-15 16:00:00,81.41,23.9,16,1,2,0
2022-02-15 17:00:00,86.59,22.8,17,1,2,0
2022-02-15 18:00:00,88.69,26.0,18,1,2,0
2022-02-15 19:00:00,88.17,26.5,19,1,2,0
2022-02-15 20:00:00,89.84,28.1,20,1,2,0
2022-02-15 21:00:00,91.17,26.0,21,1,2,0
2022-02-15 22:00:00,82.02,30.9,22,1,2,0
2022-02-15 23:00:00,72.91,30.0,23,1,2,0
2022-02-16 00:00:00,49.94,31.6,0,2,2,0
2022-02-16 01:00:00,49.28,30.3,1,2,2,0
2022-02-16 02:00:00,52.84,31.8,2,2,2,0
2022-02-16 03:00:00,49.85,30.3,3,2,2,0
2022-02-16 04:00:00,52.33,30.2,4,2,2,0
2022-02-16 05:00:00,57.69,31.6,5,2,2,0
2022-02-16 06:00:00,56.37,29.1,6,2,2,0
2022-02-16 07:00:00,64.57,28.5,7,2,2,0
2022-02-16 08:00:00,68.41,28.0,8,2,2,0
2022-02-16 09:00:00,72.84,26.6,9,2,2,0
2022-02-16 10:00:00,73.2,25.4,10,2,2,0
2022-02-16 11:00:00,76.91,24.7,11,2,2,0
2022-02-16 12:00:00,79.97,25.7,12,2,2,0
2022-02-16 13:00:00,79.01,23.4,13,2,2,0
2022-02-16 14:00:00,80.5,23.4,14,2,2,0
2022-02-16 15:00:00,82.28,24.2,15,2,2,0
2022-02-16 16:00:00,81.19,24.7,16,2,2,0
2022-02-16 17:00:00,83.76,25.4,17,2,2,0
2022-02-16 18:00:00,88.18,25.8,18,2,2,0
2022-02-16 19:00:00,92.23,25.3,19,2,2,0
2022-02-16 20:00:00,90.88,28.6,20,2,2,0
2022-02-16 21:00:00,86.34,27.4,21,2,2,0
2022-02-16 22:00:00,82.86,29.5,22,2,2,0
2022-02-16 23:00:00,72.09,29.5,23,2,2,0
2022-02-17 00:00:00,47.48,30.7,0,3,2,0
2022-02-17 01:00:00,49.41,31.4,1,3,2,0
2022-02-17 02:00:00,53.14,31.5,2,3,2,0
2022-02-17 03:00:00,52.4,31.5,3,3,2,0
2022-02-17 04:00:00,53.79,32.0,4,3,2,0
2022-02-17 05:00:00,53.88,30.5,5,3,2,0
2022-02-17 06:00:00,56.89,29.1,6,3,2,0
2022-02-17 07:00:00,63.18,29.1,7,3,2,0
2022-02-17 08:00:00,68.06,28.2,8,3,2,0
2022-02-17 09:00:00,71.95,25.3,9,3,2,0
2022-02-17 10:00:00,74.44,25.7,10,3,2,0
2022-02-17 11:00:00,77.39,25.0,11,3,2,0
2022-02-17 12:00:00,77.74,23.6,12,3,2,0
2022-02-17 13:00:00,79.51,24.5,13,3,2,0
2022-02-17 14:00:00,83.81,23.1,14,3,2,0
2022-02-17 15:00:00,81.83,23.5,15,3,2,0
2022-02-17 16:00:00,82.03,23.7,16,3,2,0
2022-02-17 17:00:00,86.24,24.5,17,3,2,0
2022-02-17 18:00:00,88.4,24.4,18,3,2,0
2022-02-17 19:00:00,88.69,25.1,19,3,2,0
2022-02-17 20:00:00,92.39,28.5,20,3,2,0
2022-02-17 21:00:00,91.24,27.6,21,3,2,0
2022-02-17 22:00:00,81.98,28.5,22,3,2,0
2022-02-17 23:00:00,72.01,28.4,23,3,2,0
2022-02-18 00:00:00,48.62,30.2,0,4,2,0
2022-02-18 01:00:00,52.38,30.1,1,4,2,0
2022-02-18 02:00:00,52.82,32.6,2,4,2,0
2022-02-18 03:00:00,52.94,31.9,3,4,2,0
2022-02-18 04:00:00,53.29,30.2,4,4,2,0
2022-02-18 05:00:00,54.96,31.9,5,4,2,0
2022-02-18 06:00:00,58.5,30.1,6,4,2,0
2022-02-18 07:00:00,61.54,28.0,7,4,2,0
2022-02-18 08:00:00,69.02,25.3,8,4,2,0
2022-02-18 09:00:00,74.5,28.1,9,4,2,0
2022-02-18 10:00:00,74.74,24.2,10,4,2,0
2022-02-18 11:00:00,77.81,23.1,11,4,2,0
2022-02-18 12:00:00,74.74,24.6,12,4,2,0
2022-02-18 13:00:00,78.5,25.4,13,4,2,0
2022-02-18 14:00:00,80.35,24.4,14,4,2,0
2022-02-18 15:00:00,78.71,23.9,15,4,2,0
2022-02-18 16:00:00,77.76,24.3,16,4,2,0
2022-02-18 17:00:00,85.99,25.1,17,4,2,0
2022-02-18 18:00:00,89.24,25.9,18,4,2,0
2022-02-18 19:00:00,91.81,26.5,19,4,2,0
2022-02-18 20:00:00,89.94,27.4,20,4,2,0
2022-02-18 21:00:00,92.81,28.3,21,4,2,0
2022-02-18 22:00:00,82.67,28.7,22,4,2,0
2022-02-18 23:00:00,74.64,29.9,23,4,2,0
2022-02-19 00:00:00,42.62,29.4,0,5,2,1
2022-02-19 01:00:00,44.12,31.1,1,5,2,1
2022-02-19 02:00:00,46.12,30.5,2,5,2,1
2022-02-19 03:00:00,45.54,30.2,3,5,2,1
2022-02-19 04:00:00,47.54,30.9,4,5,2,1
2022-02-19 05:00:00,49.22,31.2,5,5,2,1
2022-02-19 06:00:00,52.57,30.0,6,5,2,1
2022-02-19 07:00:00,56.82,27.0,7,5,2,1
2022-02-19 08:00:00,62.48,26.5,8,5,2,1
2022-02-19 09:00:00,65.82,27.0,9,5,2,1
2022-02-19 10:00:00,68.3,24.5,10,5,2,1
2022-02-19 11:00:00,69.05,24.3,11,5,2,1
2022-02-19 12:00:00,71.39,24.2,12,5,2,1
2022-02-19 13:00:00,71.37,22.6,13,5,2,1
2022-02-19 14:00:00,72.44,23.4,14,5,2,1
2022-02-19 15:00:00,71.95,22.3,15,5,2,1
2022-02-19 16:00:00,72.3,23.3,16,5,2,1
2022-02-19 17:00:00,76.5,24.7,17,5,2,1
2022-02-19 18:00:00,77.62,24.0,18,5,2,1
2022-02-19 19:00:00,81.94,26.6,19,5,2,1
2022-02-19 20:00:00,79.85,27.3,20,5,2,1
2022-02-19 21:00:00,81.71,28.7,21,5,2,1
2022-02-19 22:00:00,75.62,29.4,22,5,2,1
2022-02-19 23:00:00,66.73,31.2,23,5,2,1
2022-02-20 00:00:00,45.43,30.8,0,6,2,1
2022-02-20 01:00:00,44.94,30.8,1,6,2,1
2022-02-20 02:00:00,46.08,31.4,2,6,2,1
2022-02-20 03:00:00,46.63,31.6,3,6,2,1
2022-02-20 04:00:00,49.54,30.8,4,6,2,1
2022-02-20 05:00:00,47.02,30.1,5,6,2,1
2022-02-20 06:00:00,52.64,28.7,6,6,2,1
2022-02-20 07:00:00,55.36,27.8,7,6,2,1
2022-02-20 08:00:00,63.33,26.1,8,6,2,1
2022-02-20 09:00:00,69.68,27.6,9,6,2,1
2022-02-20 10:00:00,65.12,24.3,10,6,2,1
2022-02-20 11:00:00,67.33,23.9,11,6,2,1
2022-02-20 12:00:00,71.13,23.2,12,6,2,1
2022-02-20 13:00:00,72.51,24.1,13,6,2,1
2022-02-20 14:00:00,73.84,23.0,14,6,2,1
2022-02-20 15:00:00,71.62,24.4,15,6,2,1
2022-02-20 16:00:00,75.82,23.3,16,6,2,1
2022-02-20 17:00:00,78.08,24.7,17,6,2,1
2022-02-20 18:00:00,77.02,24.6,18,6,2,1
2022-02-20 19:00:00,80.07,27.9,19,6,2,1
2022-02-20 20:00:00,79.63,26.3,20,6,2,1
2022-02-20 21:00:00,85.26,28.6,21,6,2,1
2022-02-20 22:00:00,73.31,29.8,22,6,2,1
2022-02-20 23:00:00,67.0,30.4,23,6,2,1
2022-02-21 00:00:00,48.66,30.6,0,0,2,0
2022-02-21 01:00:00,49.98,31.0,1,0,2,0
2022-02-21 02:00:00,50.01,31.3,2,0,2,0
2022-02-21 03:00:00,53.16,31.0,3,0,2,0
2022-02-21 04:00:00,55.48,31.5,4,0,2,0
2022-02-21 05:00:00,54.62,31.9,5,0,2,0
2022-02-21 06:00:00,55.71,28.8,6,0,2,0
2022-02-21 07:00:00,63.96,27.2,7,0,2,0
2022-02-21 08:00:00,66.05,27.2,8,0,2,0
2022-02-21 09:00:00,75.57,28.3,9,0,2,0
2022-02-21 10:00:00,73.84,24.6,10,0,2,0
2022-02-21 11:00:00,74.97,25.8,11,0,2,0
2022-02-21 12:00:00,78.07,25.1,12,0,2,0
2022-02-21 13:00:00,77.96,23.0,13,0,2,0
2022-02-21 14:00:00,79.47,23.7,14,0,2,0
2022-02-21 15:00:00,81.21,24.7,15,0,2,0
2022-02-21 16:00:00,76.64,23.5,16,0,2,0
2022-02-21 17:00:00,89.42,24.3,17,0,2,0
2022-02-21 18:00:00,88.08,24.8,18,0,2,0
2022-02-21 19:00:00,87.12,25.4,19,0,2,0
2022-02-21 20:00:00,89.07,26.7,20,0,2,0
2022-02-21 21:00:00,93.29,27.3,21,0,2,0
2022-02-21 22:00:00,82.97,29.3,22,0,2,0
2022-02-21 23:00:00,74.4,29.5,23,0,2,0
2022-02-22 00:00:00,48.82,30.9,0,1,2,0
2022-02-22 01:00:00,49.55,29.9,1,1,2,0
2022-02-22 02:00:00,52.59,31.5,2,1,2,0
2022-02-22 03:00:00,54.22,31.8,3,1,2,0
2022-02-22 04:00:00,52.42,29.1,4,1,2,0
2022-02-22 05:00:00,53.03,30.4,5,1,2,0
2022-02-22 06:00:00,58.95,30.3,6,1,2,0
2022-02-22 07:00:00,62.15,27.3,7,1,2,0
2022-02-22 08:00:00,68.26,28.6,8,1,2,0
2022-02-22 09:00:00,74.79,26.6,9,1,2,0
2022-02-22 10:00:00,72.69,24.7,10,1,2,0
2022-02-22 11:00:00,78.43,24.4,11,1,2,0
2022-02-22 12:00:00,75.88,24.3,12,1,2,0
2022-02-22 13:00:00,79.15,23.5,13,1,2,0
2022-02-22 14:00:00,82.67,23.7,14,1,2,0
2022-02-22 15:00:00,81.17,22.7,15,1,2,0
2022-02-22 16:00:00,81.18,23.9,16,1,2,0
2022-02-22 17:00:00,84.45,23.3,17,1,2,0
2022-02-22 18:00:00,86.13,25.2,18,1,2,0
2022-02-22 19:00:00,91.19,25.5,19,1,2,0
2022-02-22 20:00:00,89.86,26.7,20,1,2,0
2022-02-22 21:00:00,90.88,29.3,21,1,2,0
2022-02-22 22:00:00,84.53,30.1,22,1,2,0
2022-02-22 23:00:00,72.17,30.6,23,1,2,0
2022-02-23 00:00:00,48.54,29.9,0,2,2,0
2022-02-23 01:00:00,50.5,30.9,1,2,2,0
2022-02-23 02:00:00,53.0,32.2,2,2,2,0
2022-02-23 03:00:00,52.26,31.2,3,2,2,0
2022-02-23 04:00:00,54.85,32.6,4,2,2,0
2022-02-23 05:00:00,52.65,30.4,5,2,2,0
2022-02-23 06:00:00,58.57,29.4,6,2,2,0
2022-02-23 07:00:00,62.07,28.1,7,2,2,0
2022-02-23 08:00:00,69.68,27.4,8,2,2,0
2022-02-23 09:00:00,73.41,26.1,9,2,2,0
2022-02-23 10:00:00,73.6,25.8,10,2,2,0
2022-02-23 11:00:00,76.32,25.2,11,2,2,0
2022-02-23 12:00:00,77.03,23.2,12,2,2,0
2022-02-23 13:00:00,81.28,22.3,13,2,2,0
2022-02-23 14:00:00,80.02,21.8,14,2,2,0
2022-02-23 15:00:00,80.17,23.8,15,2,2,0
2022-02-23 16:00:00,82.94,22.9,16,2,2,0
2022-02-23 17:00:00,87.42,22.7,17,2,2,0
2022-02-23 18:00:00,90.98,25.6,18,2,2,0
2022-02-23 19:00:00,91.77,28.2,19,2,2,0
2022-02-23 20:00:00,89.31,27.3,20,2,2,0
2022-02-23 21:00:00,93.29,29.0,21,2,2,0
2022-02-23 22:00:00,84.5,29.3,22,2,2,0
2022-02-23 23:00:00,75.22,30.0,23,2,2,0
2022-02-24 00:00:00,51.15,31.5,0,3,2,0
2022-02-24 01:00:00,51.41,30.9,1,3,2,0
2022-02-24 02:00:00,51.86,31.5,2,3,2,0
2022-02-24 03:00:00,52.17,31.4,3,3,2,0
2022-02-24 04:00:00,52.2,30.2,4,3,2,0
2022-02-24 05:00:00,52.63,30.9,5,3,2,0
2022-02-24 06:00:00,59.21,29.1,6,3,2,0
2022-02-24 07:00:00,62.57,27.7,7,3,2,0
2022-02-24 08:00:00,70.13,27.7,8,3,2,0
2022-02-24 09:00:00,71.9,25.5,9,3,2,0
2022-02-24 10:00:00,76.88,25.3,10,3,2,0
2022-02-24 11:00:00,75.92,24.4,11,3,2,0
2022-02-24 12:00:00,75.65,24.7,12,3,2,0
2022-02-24 13:00:00,82.28,23.8,13,3,2,0
2022-02-24 14:00:00,82.44,23.2,14,3,2,0
2022-02-24 15:00:00,80.98,24.1,15,3,2,0
2022-02-24 16:00:00,80.68,24.9,16,3,2,0
2022-02-24 17:00:00,87.3,24.9,17,3,2,0
2022-02-24 18:00:00,88.35,25.3,18,3,2,0
2022-02-24 19:00:00,88.04,25.2,19,3,2,0
2022-02-24 20:00:00,90.19,26.4,20,3,2,0
2022-02-24 21:00:00,95.09,28.1,21,3,2,0
2022-02-24 22:00:00,86.05,28.8,22,3,2,0
2022-02-24 23:00:00,75.14,29.9,23,3,2,0
2022-02-25 00:00:00,49.82,30.8,0,4,2,0
2022-02-25 01:00:00,50.97,31.6,1,4,2,0
2022-02-25 02:00:00,51.01,31.2,2,4,2,0
2022-02-25 03:00:00,52.4,31.5,3,4,2,0
2022-02-25 04:00:00,52.71,30.8,4,4,2,0
2022-02-25 05:00:00,54.39,28.5,5,4,2,0
2022-02-25 06:00:00,59.63,28.5,6,4,2,0
2022-02-25 07:00:00,63.88,28.2,7,4,2,0
2022-02-25 08:00:00,67.0,26.3,8,4,2,0
2022-02-25 09:00:00,75.08,26.7,9,4,2,0
2022-02-25 10:00:00,74.85,26.5,10,4,2,0
2022-02-25 11:00:00,73.34,25.4,11,4,2,0
2022-02-25 12:00:00,78.13,23.6,12,4,2,0
2022-02-25 13:00:00,78.28,24.6,13,4,2,0
2022-02-25 14:00:00,79.3,23.4,14,4,2,0
2022-02-25 15:00:00,80.22,23.1,15,4,2,0
2022-02-25 16:00:00,79.81,23.3,16,4,2,0
2022-02-25 17:00:00,86.47,24.2,17,4,2,0
2022-02-25 18:00:00,87.85,25.0,18,4,2,0
2022-02-25 19:00:00,86.06,26.4,19,4,2,0
2022-02-25 20:00:00,93.76,27.4,20,4,2,0
2022-02-25 21:00:00,89.61,28.3,21,4,2,0
2022-02-25 22:00:00,80.75,29.6,22,4,2,0
2022-02-25 23:00:00,73.7,31.0,23,4,2,0
2022-02-26 00:00:00,45.37,31.5,0,5,2,1
2022-02-26 01:00:00,45.87,29.9,1,5,2,1
2022-02-26 02:00:00,44.76,29.2,2,5,2,1
2022-02-26 03:00:00,49.19,31.9,3,5,2,1
2022-02-26 04:00:00,47.02,29.6,4,5,2,1
2022-02-26 05:00:00,48.23,29.9,5,5,2,1
2022-02-26 06:00:00,52.13,28.3,6,5,2,1
2022-02-26 07:00:00,54.16,26.9,7,5,2,1
2022-02-26 08:00:00,61.16,27.7,8,5,2,1
2022-02-26 09:00:00,68.11,26.8,9,5,2,1
2022-02-26 10:00:00,73.73,24.8,10,5,2,1
2022-02-26 11:00:00,67.15,22.4,11,5,2,1
2022-02-26 12:00:00,70.58,23.4,12,5,2,1
2022-02-26 13:00:00,70.76,23.7,13,5,2,1
2022-02-26 14:00:00,75.92,22.1,14,5,2,1
2022-02-26 15:00:00,70.34,23.6,15,5,2,1
2022-02-26 16:00:00,73.59,23.8,16,5,2,1
2022-02-26 17:00:00,75.4,24.9,17,5,2,1
2022-02-26 18:00:00,78.63,25.4,18,5,2,1
2022-02-26 19:00:00,80.47,25.5,19,5,2,1
2022-02-26 20:00:00,83.84,28.2,20,5,2,1
2022-02-26 21:00:00,80.3,28.2,21,5,2,1
2022-02-26 22:00:00,74.79,29.2,22,5,2,1
2022-02-26 23:00:00,64.99,29.3,23,5,2,1
2022-02-27 00:00:00,44.42,30.4,0,6,2,1
2022-02-27 01:00:00,45.98,30.4,1,6,2,1
2022-02-27 02:00:00,45.48,31.1,2,6,2,1
2022-02-27 03:00:00,50.16,32.5,3,6,2,1
2022-02-27 04:00:00,46.15,29.6,4,6,2,1
2022-02-27 05:00:00,48.06,28.8,5,6,2,1
2022-02-27 06:00:00,53.84,30.4,6,6,2,1
2022-02-27 07:00:00,56.37,28.1,7,6,2,1
2022-02-27 08:00:00,60.68,26.7,8,6,2,1
2022-02-27 09:00:00,67.61,27.1,9,6,2,1
2022-02-27 10:00:00,69.63,24.8,10,6,2,1
2022-02-27 11:00:00,68.19,25.9,11,6,2,1
2022-02-27 12:00:00,68.12,24.3,12,6,2,1
2022-02-27 13:00:00,72.8,23.0,13,6,2,1
2022-02-27 14:00:00,70.19,25.0,14,6,2,1
2022-02-27 15:00:00,70.42,22.9,15,6,2,1
2022-02-27 16:00:00,70.82,24.4,16,6,2,1
2022-02-27 17:00:00,77.14,24.7,17,6,2,1
2022-02-27 18:00:00,76.81,26.3,18,6,2,1
2022-02-27 19:00:00,77.0,27.5,19,6,2,1
2022-02-27 20:00:00,79.76,27.3,20,6,2,1
2022-02-27 21:00:00,83.49,27.7,21,6,2,1
2022-02-27 22:00:00,72.06,29.6,22,6,2,1
2022-02-27 23:00:00,64.82,29.6,23,6,2,1
2022-02-28 00:00:00,53.03,32.3,0,0,2,0
2022-02-28 01:00:00,50.77,31.2,1,0,2,0
2022-02-28 02:00:00,51.91,31.0,2,0,2,0
2022-02-28 03:00:00,51.94,31.3,3,0,2,0
2022-02-28 04:00:00,54.22,29.7,4,0,2,0
2022-02-28 05:00:00,51.9,29.3,5,0,2,0
2022-02-28 06:00:00,58.69,30.2,6,0,2,0
2022-02-28 07:00:00,64.61,27.8,7,0,2,0
2022-02-28 08:00:00,68.08,26.4,8,0,2,0
2022-02-28 09:00:00,73.82,26.7,9,0,2,0
2022-02-28 10:00:00,74.79,26.2,10,0,2,0
2022-02-28 11:00:00,76.27,25.0,11,0,2,0
2022-02-28 12:00:00,78.26,24.6,12,0,2,0
2022-02-28 13:00:00,80.54,22.8,13,0,2,0
2022-02-28 14:00:00,79.57,22.1,14,0,2,0
2022-02-28 15:00:00,79.37,24.6,15,0,2,0
2022-02-28 16:00:00,79.63,23.5,16,0,2,0
2022-02-28 17:00:00,84.06,24.2,17,0,2,0
2022-02-28 18:00:00,85.16,26.3,18,0,2,0
2022-02-28 19:00:00,90.02,26.7,19,0,2,0
2022-02-28 20:00:00,92.69,27.6,20,0,2,0
2022-02-28 21:00:00,94.26,30.0,21,0,2,0
2022-02-28 22:00:00,77.66,28.8,22,0,2,0
2022-02-28 23:00:00,73.58,30.8,23,0,2,0
2022-03-01 00:00:00,48.73,31.5,0,1,3,0
2022-03-01 01:00:00,51.63,32.1,1,1,3,0
2022-03-01 02:00:00,53.36,33.2,2,1,3,0
2022-03-01 03:00:00,54.28,32.3,3,1,3,0
2022-03-01 04:00:00,54.15,31.9,4,1,3,0
2022-03-01 05:00:00,52.9,31.7,5,1,3,0
2022-03-01 06:00:00,56.74,29.7,6,1,3,0
2022-03-01 07:00:00,62.4,28.4,7,1,3,0
2022-03-01 08:00:00,67.88,27.2,8,1,3,0
2022-03-01 09:00:00,71.01,25.4,9,1,3,0
2022-03-01 10:00:00,72.23,27.6,10,1,3,0
2022-03-01 11:00:00,76.13,24.3,11,1,3,0
2022-03-01 12:00:00,74.8,24.4,12,1,3,0
2022-03-01 13:00:00,76.26,23.9,13,1,3,0
2022-03-01 14:00:00,79.21,24.2,14,1,3,0
2022-03-01 15:00:00,79.14,24.8,15,1,3,0
2022-03-01 16:00:00,78.5,25.2,16,1,3,0
2022-03-01 17:00:00,84.55,24.7,17,1,3,0
2022-03-01 18:00:00,87.27,25.9,18,1,3,0
2022-03-01 19:00:00,87.4,27.2,19,1,3,0
2022-03-01 20:00:00,90.3,27.8,20,1,3,0
2022-03-01 21:00:00,91.51,30.3,21,1,3,0
2022-03-01 22:00:00,82.87,30.4,22,1,3,0
2022-03-01 23:00:00,75.33,31.4,23,1,3,0
2022-03-02 00:00:00,51.2,32.0,0,2,3,0
2022-03-02 01:00:00,53.59,32.8,1,2,3,0
2022-03-02 02:00:00,53.3,32.1,2,2,3,0
2022-03-02 03:00:00,52.12,30.8,3,2,3,0
2022-03-02 04:00:00,53.6,31.8,4,2,3,0
2022-03-02 05:00:00,52.82,30.3,5,2,3,0
2022-03-02 06:00:00,56.72,29.6,6,2,3,0
2022-03-02 07:00:00,63.0,29.5,7,2,3,0
2022-03-02 08:00:00,68.72,29.0,8,2,3,0
2022-03-02 09:00:00,72.03,27.0,9,2,3,0
2022-03-02 10:00:00,74.52,26.2,10,2,3,0
2022-03-02 11:00:00,74.98,26.5,11,2,3,0
2022-03-02 12:00:00,77.34,24.7,12,2,3,0
2022-03-02 13:00:00,78.07,26.2,13,2,3,0
2022-03-02 14:00:00,78.72,24.5,14,2,3,0
2022-03-02 15:00:00,78.82,22.7,15,2,3,0
2022-03-02 16:00:00,80.76,25.1,16,2,3,0
2022-03-02 17:00:00,85.62,25.5,17,2,3,0
2022-03-02 18:00:00,86.48,27.0,18,2,3,0
2022-03-02 19:00:00,89.19,27.5,19,2,3,0
2022-03-02 20:00:00,89.41,27.9,20,2,3,0
2022-03-02 21:00:00,92.76,28.1,21,2,3,0
2022-03-02 22:00:00,80.26,29.8,22,2,3,0
2022-03-02 23:00:00,72.21,30.1,23,2,3,0
2022-03-03 00:00:00,47.84,31.0,0,3,3,0
2022-03-03 01:00:00,51.39,32.3,1,3,3,0
2022-03-03 02:00:00,52.22,33.3,2,3,3,0
2022-03-03 03:00:00,54.32,32.2,3,3,3,0
2022-03-03 04:00:00,53.29,30.5,4,3,3,0
2022-03-03 05:00:00,55.14,31.2,5,3,3,0
2022-03-03 06:00:00,59.46,31.0,6,3,3,0
2022-03-03 07:00:00,61.26,28.5,7,3,3,0
2022-03-03 08:00:00,66.64,27.9,8,3,3,0
2022-03-03 09:00:00,75.41,27.0,9,3,3,0
2022-03-03 10:00:00,76.77,25.4,10,3,3,0
2022-03-03 11:00:00,76.23,25.7,11,3,3,0
2022-03-03 12:00:00,76.2,24.4,12,3,3,0
2022-03-03 13:00:00,81.18,24.5,13,3,3,0
2022-03-03 14:00:00,78.8,23.3,14,3,3,0
2022-03-03 15:00:00,80.31,23.8,15,3,3,0
2022-03-03 16:00:00,82.15,25.1,16,3,3,0
2022-03-03 17:00:00,84.31,24.9,17,3,3,0
2022-03-03 18:00:00,88.73,27.4,18,3,3,0
2022-03-03 19:00:00,89.66,26.6,19,3,3,0
2022-03-03 20:00:00,90.1,28.2,20,3,3,0
2022-03-03 21:00:00,89.77,29.8,21,3,3,0
2022-03-03 22:00:00,79.71,28.9,22,3,3,0
2022-03-03 23:00:00,72.07,29.4,23,3,3,0
2022-03-04 00:00:00,46.87,30.2,0,4,3,0
2022-03-04 01:00:00,52.58,32.9,1,4,3,0
2022-03-04 02:00:00,52.4,31.6,2,4,3,0
2022-03-04 03:00:00,56.6,33.9,3,4,3,0
2022-03-04 04:00:00,51.64,31.0,4,4,3,0
2022-03-04 05:00:00,55.46,31.0,5,4,3,0
2022-03-04 06:00:00,61.65,31.2,6,4,3,0
2022-03-04 07:00:00,64.84,30.6,7,4,3,0
2022-03-04 08:00:00,67.03,29.6,8,4,3,0
2022-03-04 09:00:00,72.62,27.9,9,4,3,0
2022-03-04 10:00:00,74.5,26.8,10,4,3,0
2022-03-04 11:00:00,76.46,25.6,11,4,3,0
2022-03-04 12:00:00,77.05,25.2,12,4,3,0
2022-03-04 13:00:00,79.42,23.7,13,4,3,0
2022-03-04 14:00:00,79.79,23.3,14,4,3,0
2022-03-04 15:00:00,80.37,24.1,15,4,3,0
2022-03-04 16:00:00,79.18,24.4,16,4,3,0
2022-03-04 17:00:00,85.19,24.8,17,4,3,0
2022-03-04 18:00:00,86.22,26.6,18,4,3,0
2022-03-04 19:00:00,92.2,27.7,19,4,3,0
2022-03-04 20:00:00,92.88,28.1,20,4,3,0
2022-03-04 21:00:00,93.13,30.2,21,4,3,0
2022-03-04 22:00:00,83.23,29.1,22,4,3,0
2022-03-04 23:00:00,74.37,30.7,23,4,3,0
2022-03-05 00:00:00,44.57,30.9,0,5,3,1
2022-03-05 01:00:00,43.2,30.4,1,5,3,1
2022-03-05 02:00:00,47.09,31.9,2,5,3,1
2022-03-05 03:00:00,47.76,31.8,3,5,3,1
2022-03-05 04:00:00,48.88,32.7,4,5,3,1
2022-03-05 05:00:00,47.69,31.3,5,5,3,1
2022-03-05 06:00:00,52.14,29.2,6,5,3,1
2022-03-05 07:00:00,58.37,30.5,7,5,3,1
2022-03-05 08:00:00,59.35,29.0,8,5,3,1
2022-03-05 09:00:00,64.68,27.4,9,5,3,1
2022-03-05 10:00:00,68.9,25.8,10,5,3,1
2022-03-05 11:00:00,67.07,24.4,11,5,3,1
2022-03-05 12:00:00,69.58,24.2,12,5,3,1
2022-03-05 13:00:00,70.76,25.0,13,5,3,1
2022-03-05 14:00:00,72.77,25.5,14,5,3,1
2022-03-05 15:00:00,70.54,25.4,15,5,3,1
2022-03-05 16:00:00,72.09,24.1,16,5,3,1
2022-03-05 17:00:00,77.51,24.3,17,5,3,1
2022-03-05 18:00:00,78.94,26.1,18,5,3,1
2022-03-05 19:00:00,79.98,25.5,19,5,3,1
2022-03-05 20:00:00,81.79,28.3,20,5,3,1
2022-03-05 21:00:00,85.67,28.9,21,5,3,1
2022-03-05 22:00:00,77.79,29.6,22,5,3,1
2022-03-05 23:00:00,63.83,29.6,23,5,3,1
2022-03-06 00:00:00,43.37,31.9,0,6,3,1
2022-03-06 01:00:00,46.45,31.4,1,6,3,1
2022-03-06 02:00:00,46.57,31.1,2,6,3,1
2022-03-06 03:00:00,46.55,29.6,3,6,3,1
2022-03-06 04:00:00,48.8,31.4,4,6,3,1
2022-03-06 05:00:00,50.4,32.2,5,6,3,1
2022-03-06 06:00:00,55.41,31.3,6,6,3,1
2022-03-06 07:00:00,57.78,28.7,7,6,3,1
2022-03-06 08:00:00,59.05,27.5,8,6,3,1
2022-03-06 09:00:00,64.58,27.3,9,6,3,1
2022-03-06 10:00:00,66.96,25.2,10,6,3,1
2022-03-06 11:00:00,68.59,25.4,11,6,3,1
2022-03-06 12:00:00,68.95,25.1,12,6,3,1
2022-03-06 13:00:00,71.77,25.1,13,6,3,1
2022-03-06 14:00:00,73.58,23.9,14,6,3,1
2022-03-06 15:00:00,74.77,24.0,15,6,3,1
2022-03-06 16:00:00,72.89,23.8,16,6,3,1
2022-03-06 17:00:00,75.71,24.5,17,6,3,1
2022-03-06 18:00:00,78.26,25.8,18,6,3,1
2022-03-06 19:00:00,79.7,27.3,19,6,3,1
2022-03-06 20:00:00,82.11,28.7,20,6,3,1
2022-03-06 21:00:00,82.32,28.4,21,6,3,1
2022-03-06 22:00:00,78.86,31.2,22,6,3,1
2022-03-06 23:00:00,65.29,30.6,23,6,3,1
2022-03-07 00:00:00,50.04,31.4,0,0,3,0
2022-03-07 01:00:00,52.84,31.3,1,0,3,0
2022-03-07 02:00:00,49.48,30.1,2,0,3,0
2022-03-07 03:00:00,54.19,32.6,3,0,3,0
2022-03-07 04:00:00,53.43,32.1,4,0,3,0
2022-03-07 05:00:00,53.67,30.6,5,0,3,0
2022-03-07 06:00:00,57.44,30.1,6,0,3,0
2022-03-07 07:00:00,64.21,29.4,7,0,3,0
2022-03-07 08:00:00,67.96,26.7,8,0,3,0
2022-03-07 09:00:00,71.71,26.5,9,0,3,0
2022-03-07 10:00:00,75.86,26.6,10,0,3,0
2022-03-07 11:00:00,76.32,24.2,11,0,3,0
2022-03-07 12:00:00,78.52,24.8,12,0,3,0
2022-03-07 13:00:00,77.1,23.1,13,0,3,0
2022-03-07 14:00:00,80.54,24.4,14,0,3,0
2022-03-07 15:00:00,81.21,24.1,15,0,3,0
2022-03-07 16:00:00,79.24,23.2,16,0,3,0
2022-03-07 17:00:00,83.57,26.1,17,0,3,0
2022-03-07 18:00:00,87.17,25.4,18,0,3,0
2022-03-07 19:00:00,90.95,26.3,19,0,3,0
2022-03-07 20:00:00,92.26,28.2,20,0,3,0
2022-03-07 21:00:00,91.06,30.0,21,0,3,0
2022-03-07 22:00:00,79.02,29.2,22,0,3,0
2022-03-07 23:00:00,72.81,30.9,23,0,3,0
2022-03-08 00:00:00,49.7,31.8,0,1,3,0
2022-03-08 01:00:00,52.29,32.4,1,1,3,0
2022-03-08 02:00:00,52.36,32.1,2,1,3,0
2022-03-08 03:00:00,52.07,31.6,3,1,3,0
2022-03-08 04:00:00,54.0,30.8,4,1,3,0
2022-03-08 05:00:00,54.1,30.9,5,1,3,0
2022-03-08 06:00:00,57.66,29.1,6,1,3,0
2022-03-08 07:00:00,60.18,26.7,7,1,3,0
2022-03-08 08:00:00,64.38,28.3,8,1,3,0
2022-03-08 09:00:00,70.96,27.7,9,1,3,0
2022-03-08 10:00:00,73.84,24.1,10,1,3,0
2022-03-08 11:00:00,76.94,24.4,11,1,3,0
2022-03-08 12:00:00,73.31,25.0,12,1,3,0
2022-03-08 13:00:00,81.54,25.8,13,1,3,0
2022-03-08 14:00:00,80.22,24.0,14,1,3,0
2022-03-08 15:00:00,82.17,23.6,15,1,3,0
2022-03-08 16:00:00,78.48,24.4,16,1,3,0
2022-03-08 17:00:00,86.67,26.3,17,1,3,0
2022-03-08 18:00:00,87.4,25.5,18,1,3,0
2022-03-08 19:00:00,90.2,26.3,19,1,3,0
2022-03-08 20:00:00,89.74,27.6,20,1,3,0
2022-03-08 21:00:00,91.54,28.3,21,1,3,0
2022-03-08 22:00:00,84.06,30.1,22,1,3,0
2022-03-08 23:00:00,73.93,32.1,23,1,3,0
2022-03-09 00:00:00,50.27,31.7,0,2,3,0
2022-03-09 01:00:00,49.16,31.7,1,2,3,0
2022-03-09 02:00:00,52.81,31.8,2,2,3,0
2022-03-09 03:00:00,53.63,30.6,3,2,3,0
2022-03-09 04:00:00,53.24,32.2,4,2,3,0
2022-03-09 05:00:00,53.73,30.8,5,2,3,0
2022-03-09 06:00:00,59.14,29.9,6,2,3,0
2022-03-09 07:00:00,65.55,31.6,7,2,3,0
2022-03-09 08:00:00,67.98,28.2,8,2,3,0
2022-03-09 09:00:00,72.53,26.4,9,2,3,0
2022-03-09 10:00:00,73.92,25.7,10,2,3,0
2022-03-09 11:00:00,75.9,26.1,11,2,3,0
2022-03-09 12:00:00,77.08,24.6,12,2,3,0
2022-03-09 13:00:00,77.05,23.0,13,2,3,0
2022-03-09 14:00:00,79.83,24.7,14,2,3,0
2022-03-09 15:00:00,82.51,23.6,15,2,3,0
2022-03-09 16:00:00,79.25,26.0,16,2,3,0
2022-03-09 17:00:00,83.61,26.0,17,2,3,0
2022-03-09 18:00:00,86.98,25.6,18,2,3,0
2022-03-09 19:00:00,87.41,28.0,19,2,3,0
2022-03-09 20:00:00,87.7,28.1,20,2,3,0
2022-03-09 21:00:00,91.76,29.7,21,2,3,0
2022-03-09 22:00:00,81.41,30.4,22,2,3,0
2022-03-09 23:00:00,71.69,30.2,23,2,3,0
2022-03-10 00:00:00,49.22,30.9,0,3,3,0
2022-03-10 01:00:00,50.71,32.7,1,3,3,0
2022-03-10 02:00:00,50.24,31.7,2,3,3,0
2022-03-10 03:00:00,53.4,31.5,3,3,3,0
2022-03-10 04:00:00,50.72,30.7,4,3,3,0
2022-03-10 05:00:00,53.27,31.2,5,3,3,0
2022-03-10 06:00:00,58.16,31.7,6,3,3,0
2022-03-10 07:00:00,61.77,28.2,7,3,3,0
2022-03-10 08:00:00,68.35,28.0,8,3,3,0
2022-03-10 09:00:00,73.28,28.1,9,3,3,0
2022-03-10 10:00:00,78.24,25.9,10,3,3,0
2022-03-10 11:00:00,77.73,25.5,11,3,3,0
2022-03-10 12:00:00,75.54,23.7,12,3,3,0
2022-03-10 13:00:00,77.02,24.5,13,3,3,0
2022-03-10 14:00:00,84.38,23.9,14,3,3,0
2022-03-10 15:00:00,81.68,24.9,15,3,3,0
2022-03-10 16:00:00,80.9,25.5,16,3,3,0
2022-03-10 17:00:00,85.92,27.2,17,3,3,0
2022-03-10 18:00:00,87.74,26.5,18,3,3,0
2022-03-10 19:00:00,86.01,27.2,19,3,3,0
2022-03-10 20:00:00,90.46,28.2,20,3,3,0
2022-03-10 21:00:00,90.79,28.8,21,3,3,0
2022-03-10 22:00:00,80.97,30.3,22,3,3,0
2022-03-10 23:00:00,72.3,30.6,23,3,3,0
2022-03-11 00:00:00,51.37,31.6,0,4,3,0
2022-03-11 01:00:00,52.32,32.9,1,4,3,0
2022-03-11 02:00:00,53.45,31.2,2,4,3,0
2022-03-11 03:00:00,52.5,32.8,3,4,3,0
2022-03-11 04:00:00,54.35,32.5,4,4,3,0
2022-03-11 05:00:00,52.07,30.7,5,4,3,0
2022-03-11 06:00:00,55.61,28.3,6,4,3,0
2022-03-11 07:00:00,61.33,28.5,7,4,3,0
2022-03-11 08:00:00,68.19,29.0,8,4,3,0
2022-03-11 09:00:00,73.51,26.9,9,4,3,0
2022-03-11 10:00:00,73.54,25.2,10,4,3,0
2022-03-11 11:00:00,72.56,24.8,11,4,3,0
2022-03-11 12:00:00,79.35,25.2,12,4,3,0
2022-03-11 13:00:00,78.5,24.6,13,4,3,0
2022-03-11 14:00:00,78.11,23.8,14,4,3,0
2022-03-11 15:00:00,80.39,23.8,15,4,3,0
2022-03-11 16:00:00,80.27,24.2,16,4,3,0
2022-03-11 17:00:00,85.22,24.4,17,4,3,0
2022-03-11 18:00:00,87.51,27.3,18,4,3,0
2022-03-11 19:00:00,86.61,26.7,19,4,3,0
2022-03-11 20:00:00,91.58,29.0,20,4,3,0
2022-03-11 21:00:00,90.37,30.3,21,4,3,0
2022-03-11 22:00:00,82.07,30.8,22,4,3,0
2022-03-11 23:00:00,73.91,30.5,23,4,3,0
2022-03-12 00:00:00,46.63,31.8,0,5,3,1
2022-03-12 01:00:00,47.9,31.8,1,5,3,1
2022-03-12 02:00:00,47.68,31.3,2,5,3,1
2022-03-12 03:00:00,48.14,32.1,3,5,3,1
2022-03-12 04:00:00,45.82,30.5,4,5,3,1
2022-03-12 05:00:00,51.35,31.8,5,5,3,1
2022-03-12 06:00:00,53.65,29.6,6,5,3,1
2022-03-12 07:00:00,55.53,29.2,7,5,3,1
2022-03-12 08:00:00,62.26,28.2,8,5,3,1
2022-03-12 09:00:00,65.3,26.8,9,5,3,1
2022-03-12 10:00:00,69.42,26.5,10,5,3,1
2022-03-12 11:00:00,67.63,24.8,11,5,3,1
2022-03-12 12:00:00,72.44,25.2,12,5,3,1
2022-03-12 13:00:00,72.34,23.1,13,5,3,1
2022-03-12 14:00:00,74.89,24.1,14,5,3,1
2022-03-12 15:00:00,71.18,25.7,15,5,3,1
2022-03-12 16:00:00,72.61,23.7,16,5,3,1
2022-03-12 17:00:00,75.5,24.6,17,5,3,1
2022-03-12 18:00:00,80.03,26.4,18,5,3,1
2022-03-12 19:00:00,81.48,27.1,19,5,3,1
2022-03-12 20:00:00,85.59,28.3,20,5,3,1
2022-03-12 21:00:00,82.97,29.4,21,5,3,1
2022-03-12 22:00:00,75.82,30.5,22,5,3,1
2022-03-12 23:00:00,66.6,31.7,23,5,3,1
2022-03-13 00:00:00,45.99,31.8,0,6,3,1
2022-03-13 01:00:00,45.86,31.7,1,6,3,1
2022-03-13 02:00:00,48.18,32.5,2,6,3,1
2022-03-13 03:00:00,50.2,33.4,3,6,3,1
2022-03-13 04:00:00,48.14,31.4,4,6,3,1
2022-03-13 05:00:00,47.77,30.0,5,6,3,1
2022-03-13 06:00:00,53.17,30.9,6,6,3,1
2022-03-13 07:00:00,55.67,28.9,7,6,3,1
2022-03-13 08:00:00,62.47,26.3,8,6,3,1
2022-03-13 09:00:00,66.07,27.6,9,6,3,1
2022-03-13 10:00:00,67.65,25.6,10,6,3,1
2022-03-13 11:00:00,66.16,25.1,11,6,3,1
2022-03-13 12:00:00,69.98,24.8,12,6,3,1
2022-03-13 13:00:00,71.93,24.3,13,6,3,1
2022-03-13 14:00:00,71.29,24.6,14,6,3,1
2022-03-13 15:00:00,75.36,23.8,15,6,3,1
2022-03-13 16:00:00,68.19,24.9,16,6,3,1
2022-03-13 17:00:00,78.59,25.0,17,6,3,1
2022-03-13 18:00:00,79.8,26.6,18,6,3,1
2022-03-13 19:00:00,80.83,27.5,19,6,3,1
2022-03-13 20:00:00,81.48,27.3,20,6,3,1
2022-03-13 21:00:00,83.7,29.9,21,6,3,1
2022-03-13 22:00:00,74.98,29.6,22,6,3,1
2022-03-13 23:00:00,65.99,31.5,23,6,3,1
2022-03-14 00:00:00,50.44,31.8,0,0,3,0
2022-03-14 01:00:00,52.75,33.3,1,0,3,0
2022-03-14 02:00:00,51.01,31.8,2,0,3,0
2022-03-14 03:00:00,53.57,31.6,3,0,3,0
2022-03-14 04:00:00,52.99,31.4,4,0,3,0
2022-03-14 05:00:00,52.0,30.6,5,0,3,0
2022-03-14 06:00:00,58.32,30.6,6,0,3,0
2022-03-14 07:00:00,61.37,27.7,7,0,3,0
2022-03-14 08:00:00,69.18,27.2,8,0,3,0
2022-03-14 09:00:00,73.34,26.1,9,0,3,0
2022-03-14 10:00:00,76.69,26.8,10,0,3,0
2022-03-14 11:00:00,75.0,26.5,11,0,3,0
2022-03-14 12:00:00,78.39,24.5,12,0,3,0
2022-03-14 13:00:00,83.56,24.0,13,0,3,0
2022-03-14 14:00:00,80.52,24.1,14,0,3,0
2022-03-14 15:00:00,81.35,25.1,15,0,3,0
2022-03-14 16:00:00,81.08,23.8,16,0,3,0
2022-03-14 17:00:00,83.28,25.4,17,0,3,0
2022-03-14 18:00:00,88.3,26.8,18,0,3,0
2022-03-14 19:00:00,89.27,27.4,19,0,3,0
2022-03-14 20:00:00,89.69,28.2,20,0,3,0
2022-03-14 21:00:00,89.98,29.8,21,0,3,0
2022-03-14 22:00:00,82.06,27.8,22,0,3,0
2022-03-14 23:00:00,72.62,31.4,23,0,3,0
2022-03-15 00:00:00,51.12,30.9,0,1,3,0
2022-03-15 01:00:00,49.56,30.4,1,1,3,0
2022-03-15 02:00:00,51.6,32.4,2,1,3,0
2022-03-15 03:00:00,53.99,33.0,3,1,3,0
2022-03-15 04:00:00,53.28,31.4,4,1,3,0
2022-03-15 05:00:00,57.34,31.6,5,1,3,0
2022-03-15 06:00:00,58.75,31.3,6,1,3,0
2022-03-15 07:00:00,63.56,30.1,7,1,3,0
2022-03-15 08:00:00,67.36,29.3,8,1,3,0
2022-03-15 09:00:00,73.86,27.6,9,1,3,0
2022-03-15 10:00:00,73.78,26.1,10,1,3,0
2022-03-15 11:00:00,74.26,23.9,11,1,3,0
2022-03-15 12:00:00,76.7,24.3,12,1,3,0
2022-03-15 13:00:00,78.48,23.5,13,1,3,0
2022-03-15 14:00:00,78.97,25.7,14,1,3,0
2022-03-15 15:00:00,79.05,24.0,15,1,3,0
2022-03-15 16:00:00,81.88,24.6,16,1,3,0
2022-03-15 17:00:00,85.22,25.6,17,1,3,0
2022-03-15 18:00:00,85.22,26.0,18,1,3,0
2022-03-15 19:00:00,87.87,28.3,19,1,3,0
2022-03-15 20:00:00,90.27,27.5,20,1,3,0
2022-03-15 21:00:00,88.42,29.2,21,1,3,0
2022-03-15 22:00:00,84.09,29.4,22,1,3,0
2022-03-15 23:00:00,73.39,29.8,23,1,3,0
2022-03-16 00:00:00,50.57,31.0,0,2,3,0
2022-03-16 01:00:00,51.51,31.8,1,2,3,0
2022-03-16 02:00:00,49.89,31.7,2,2,3,0
2022-03-16 03:00:00,54.04,31.3,3,2,3,0
2022-03-16 04:00:00,51.35,30.3,4,2,3,0
2022-03-16 05:00:00,53.0,30.8,5,2,3,0
2022-03-16 06:00:00,57.21,28.8,6,2,3,0
2022-03-16 07:00:00,64.87,29.6,7,2,3,0
2022-03-16 08:00:00,69.22,28.1,8,2,3,0
2022-03-16 09:00:00,74.47,25.8,9,2,3,0
2022-03-16 10:00:00,74.1,25.8,10,2,3,0
2022-03-16 11:00:00,75.53,24.6,11,2,3,0
2022-03-16 12:00:00,77.56,24.8,12,2,3,0
2022-03-16 13:00:00,78.75,25.2,13,2,3,0
2022-03-16 14:00:00,81.4,22.5,14,2,3,0
2022-03-16 15:00:00,81.3,24.2,15,2,3,0
2022-03-16 16:00:00,80.91,24.4,16,2,3,0
2022-03-16 17:00:00,81.34,25.7,17,2,3,0
2022-03-16 18:00:00,87.48,26.2,18,2,3,0
2022-03-16 19:00:00,88.51,26.4,19,2,3,0
2022-03-16 20:00:00,90.48,27.7,20,2,3,0
2022-03-16 21:00:00,89.26,28.4,21,2,3,0
2022-03-16 22:00:00,80.99,30.9,22,2,3,0
2022-03-16 23:00:00,74.0,30.8,23,2,3,0
2022-03-17 00:00:00,51.25,33.0,0,3,3,0
2022-03-17 01:00:00,51.69,31.8,1,3,3,0
2022-03-17 02:00:00,50.95,31.4,2,3,3,0
2022-03-17 03:00:00,53.2,30.7,3,3,3,0
2022-03-17 04:00:00,52.93,30.0,4,3,3,0
2022-03-17 05:00:00,52.7,29.6,5,3,3,0
2022-03-17 06:00:00,58.22,30.2,6,3,3,0
2022-03-17 07:00:00,63.96,29.4,7,3,3,0
2022-03-17 08:00:00,68.3,26.7,8,3,3,0
2022-03-17 09:00:00,73.47,27.7,9,3,3,0
2022-03-17 10:00:00,76.17,25.6,10,3,3,0
2022-03-17 11:00:00,78.26,25.3,11,3,3,0
2022-03-17 12:00:00,75.03,25.8,12,3,3,0
2022-03-17 13:00:00,77.26,24.9,13,3,3,0
2022-03-17 14:00:00,78.66,23.8,14,3,3,0
2022-03-17 15:00:00,77.47,23.4,15,3,3,0
2022-03-17 16:00:00,79.83,22.8,16,3,3,0
2022-03-17 17:00:00,86.84,24.6,17,3,3,0
2022-03-17 18:00:00,87.21,25.8,18,3,3,0
2022-03-17 19:00:00,87.74,26.2,19,3,3,0
2022-03-17 20:00:00,92.26,27.9,20,3,3,0
2022-03-17 21:00:00,91.04,29.1,21,3,3,0
2022-03-17 22:00:00,82.44,29.8,22,3,3,0
2022-03-17 23:00:00,74.41,30.3,23,3,3,0
2022-03-18 00:00:00,49.79,31.6,0,4,3,0
2022-03-18 01:00:00,53.63,32.2,1,4,3,0
2022-03-18 02:00:00,50.81,31.1,2,4,3,0
2022-03-18 03:00:00,56.56,33.0,3,4,3,0
2022-03-18 04:00:00,52.56,31.4,4,4,3,0
2022-03-18 05:00:00,54.38,30.8,5,4,3,0
2022-03-18 06:00:00,58.2,30.6,6,4,3,0
2022-03-18 07:00:00,64.06,29.2,7,4,3,0
2022-03-18 08:00:00,67.09,28.8,8,4,3,0
2022-03-18 09:00:00,73.55,27.2,9,4,3,0
2022-03-18 10:00:00,73.58,25.5,10,4,3,0
2022-03-18 11:00:00,77.5,25.5,11,4,3,0
2022-03-18 12:00:00,75.98,23.6,12,4,3,0
2022-03-18 13:00:00,81.69,24.2,13,4,3,0
2022-03-18 14:00:00,78.3,24.0,14,4,3,0
2022-03-18 15:00:00,77.73,24.0,15,4,3,0
2022-03-18 16:00:00,81.5,24.4,16,4,3,0
2022-03-18 17:00:00,84.75,23.7,17,4,3,0
2022-03-18 18:00:00,87.24,25.6,18,4,3,0
2022-03-18 19:00:00,88.12,27.0,19,4,3,0
2022-03-18 20:00:00,87.75,28.1,20,4,3,0
2022-03-18 21:00:00,90.52,28.2,21,4,3,0
2022-03-18 22:00:00,85.41,31.0,22,4,3,0
2022-03-18 23:00:00,73.95,30.1,23,4,3,0
2022-03-19 00:00:00,46.18,32.2,0,5,3,1
2022-03-19 01:00:00,47.92,32.2,1,5,3,1
2022-03-19 02:00:00,45.81,31.5,2,5,3,1
2022-03-19 03:00:00,49.57,33.3,3,5,3,1
2022-03-19 04:00:00,47.83,30.5,4,5,3,1
2022-03-19 05:00:00,49.48,31.6,5,5,3,1
2022-03-19 06:00:00,53.2,30.8,6,5,3,1
2022-03-19 07:00:00,54.61,28.5,7,5,3,1
2022-03-19 08:00:00,58.2,29.1,8,5,3,1
2022-03-19 09:00:00,67.03,26.8,9,5,3,1
2022-03-19 10:00:00,67.49,26.2,10,5,3,1
2022-03-19 11:00:00,69.84,25.4,11,5,3,1
2022-03-19 12:00:00,68.62,24.4,12,5,3,1
2022-03-19 13:00:00,69.91,24.8,13,5,3,1
2022-03-19 14:00:00,71.95,24.6,14,5,3,1
2022-03-19 15:00:00,73.34,22.7,15,5,3,1
2022-03-19 16:00:00,71.56,25.6,16,5,3,1
2022-03-19 17:00:00,78.62,23.8,17,5,3,1
2022-03-19 18:00:00,76.72,26.8,18,5,3,1
2022-03-19 19:00:00,79.55,27.9,19,5,3,1
2022-03-19 20:00:00,81.03,27.1,20,5,3,1
2022-03-19 21:00:00,83.88,28.7,21,5,3,1
2022-03-19 22:00:00,73.29,29.1,22,5,3,1
2022-03-19 23:00:00,68.64,30.7,23,5,3,1
2022-03-20 00:00:00,43.46,31.2,0,6,3,1
2022-03-20 01:00:00,47.32,32.5,1,6,3,1
2022-03-20 02:00:00,48.85,33.0,2,6,3,1
2022-03-20 03:00:00,50.18,33.0,3,6,3,1
2022-03-20 04:00:00,47.18,31.0,4,6,3,1
2022-03-20 05:00:00,50.33,30.7,5,6,3,1
2022-03-20 06:00:00,51.34,28.7,6,6,3,1
2022-03-20 07:00:00,54.76,28.4,7,6,3,1
2022-03-20 08:00:00,60.95,28.8,8,6,3,1
2022-03-20 09:00:00,65.33,28.3,9,6,3,1
2022-03-20 10:00:00,71.38,25.0,10,6,3,1
2022-03-20 11:00:00,70.07,24.7,11,6,3,1
2022-03-20 12:00:00,69.39,24.5,12,6,3,1
2022-03-20 13:00:00,70.89,24.4,13,6,3,1
2022-03-20 14:00:00,73.5,23.4,14,6,3,1
2022-03-20 15:00:00,73.58,24.5,15,6,3,1
2022-03-20 16:00:00,67.17,24.2,16,6,3,1
2022-03-20 17:00:00,78.34,25.2,17,6,3,1
2022-03-20 18:00:00,78.57,26.4,18,6,3,1
2022-03-20 19:00:00,77.45,27.0,19,6,3,1
2022-03-20 20:00:00,82.78,27.7,20,6,3,1
2022-03-20 21:00:00,85.77,28.9,21,6,3,1
2022-03-20 22:00:00,74.83,29.9,22,6,3,1
2022-03-20 23:00:00,67.45,30.5,23,6,3,1
2022-03-21 00:00:00,51.28,31.3,0,0,3,0
2022-03-21 01:00:00,51.87,33.1,1,0,3,0
2022-03-21 02:00:00,50.96,32.4,2,0,3,0
2022-03-21 03:00:00,53.51,31.6,3,0,3,0
2022-03-21 04:00:00,54.03,32.0,4,0,3,0
2022-03-21 05:00:00,52.13,30.6,5,0,3,0
2022-03-21 06:00:00,59.22,30.9,6,0,3,0
2022-03-21 07:00:00,63.68,29.3,7,0,3,0
2022-03-21 08:00:00,67.55,27.9,8,0,3,0
2022-03-21 09:00:00,71.93,27.3,9,0,3,0
2022-03-21 10:00:00,74.23,24.7,10,0,3,0
2022-03-21 11:00:00,76.01,24.3,11,0,3,0
2022-03-21 12:00:00,73.96,23.6,12,0,3,0
2022-03-21 13:00:00,78.73,24.3,13,0,3,0
2022-03-21 14:00:00,77.73,25.4,14,0,3,0
2022-03-21 15:00:00,81.02,25.9,15,0,3,0
2022-03-21 16:00:00,77.38,25.0,16,0,3,0
2022-03-21 17:00:00,87.57,25.6,17,0,3,0
2022-03-21 18:00:00,86.52,24.6,18,0,3,0
2022-03-21 19:00:00,87.72,26.5,19,0,3,0
2022-03-21 20:00:00,90.72,27.4,20,0,3,0
2022-03-21 21:00:00,89.05,28.5,21,0,3,0
2022-03-21 22:00:00,82.46,29.9,22,0,3,0
2022-03-21 23:00:00,71.9,30.5,23,0,3,0
2022-03-22 00:00:00,47.34,29.9,0,1,3,0
2022-03-22 01:00:00,52.36,32.5,1,1,3,0
2022-03-22 02:00:00,50.12,31.1,2,1,3,0
2022-03-22 03:00:00,52.15,32.1,3,1,3,0
2022-03-22 04:00:00,55.87,33.1,4,1,3,0
2022-03-22 05:00:00,52.96,30.1,5,1,3,0
2022-03-22 06:00:00,57.23,28.0,6,1,3,0
2022-03-22 07:00:00,62.81,28.8,7,1,3,0
2022-03-22 08:00:00,67.83,28.9,8,1,3,0
2022-03-22 09:00:00,74.03,28.5,9,1,3,0
2022-03-22 10:00:00,74.73,25.0,10,1,3,0
2022-03-22 11:00:00,72.91,25.6,11,1,3,0
2022-03-22 12:00:00,74.25,24.2,12,1,3,0
2022-03-22 13:00:00,82.09,24.1,13,1,3,0
2022-03-22 14:00:00,79.94,26.1,14,1,3,0
2022-03-22 15:00:00,81.5,22.9,15,1,3,0
2022-03-22 16:00:00,79.37,24.7,16,1,3,0
2022-03-22 17:00:00,85.68,25.5,17,1,3,0
2022-03-22 18:00:00,86.44,26.9,18,1,3,0
2022-03-22 19:00:00,93.2,27.0,19,1,3,0
2022-03-22 20:00:00,90.64,28.2,20,1,3,0
2022-03-22 21:00:00,89.67,28.7,21,1,3,0
2022-03-22 22:00:00,79.61,30.2,22,1,3,0
2022-03-22 23:00:00,75.97,30.6,23,1,3,0
2022-03-23 00:00:00,50.24,32.0,0,2,3,0
2022-03-23 01:00:00,51.62,31.6,1,2,3,0
2022-03-23 02:00:00,53.56,32.3,2,2,3,0
2022-03-23 03:00:00,52.61,31.8,3,2,3,0
2022-03-23 04:00:00,55.47,32.4,4,2,3,0
2022-03-23 05:00:00,53.19,30.8,5,2,3,0
2022-03-23 06:00:00,55.87,28.6,6,2,3,0
2022-03-23 07:00:00,65.08,30.0,7,2,3,0
2022-03-23 08:00:00,67.53,27.3,8,2,3,0
2022-03-23 09:00:00,73.89,26.4,9,2,3,0
2022-03-23 10:00:00,75.2,25.5,10,2,3,0
2022-03-23 11:00:00,77.03,26.3,11,2,3,0
2022-03-23 12:00:00,74.55,22.8,12,2,3,0
2022-03-23 13:00:00,78.01,26.6,13,2,3,0
2022-03-23 14:00:00,79.41,24.8,14,2,3,0
2022-03-23 15:00:00,78.57,24.3,15,2,3,0
2022-03-23 16:00:00,80.64,24.5,16,2,3,0
2022-03-23 17:00:00,87.88,25.4,17,2,3,0
2022-03-23 18:00:00,89.66,26.4,18,2,3,0
2022-03-23 19:00:00,88.09,27.5,19,2,3,0
2022-03-23 20:00:00,90.71,28.4,20,2,3,0
2022-03-23 21:00:00,91.61,29.1,21,2,3,0
2022-03-23 22:00:00,82.9,29.8,22,2,3,0
2022-03-23 23:00:00,71.92,30.7,23,2,3,0
2022-03-24 00:00:00,51.3,31.3,0,3,3,0
2022-03-24 01:00:00,53.24,32.8,1,3,3,0
2022-03-24 02:00:00,53.9,32.5,2,3,3,0
2022-03-24 03:00:00,51.54,29.5,3,3,3,0
2022-03-24 04:00:00,54.85,32.0,4,3,3,0
2022-03-24 05:00:00,52.98,31.0,5,3,3,0
2022-03-24 06:00:00,58.07,30.0,6,3,3,0
2022-03-24 07:00:00,60.28,28.7,7,3,3,0
2022-03-24 08:00:00,68.33,28.9,8,3,3,0
2022-03-24 09:00:00,72.86,27.7,9,3,3,0
2022-03-24 10:00:00,74.51,25.4,10,3,3,0
2022-03-24 11:00:00,77.92,25.5,11,3,3,0
2022-03-24 12:00:00,76.29,23.8,12,3,3,0
2022-03-24 13:00:00,78.55,23.0,13,3,3,0
2022-03-24 14:00:00,79.97,23.5,14,3,3,0
2022-03-24 15:00:00,76.92,24.8,15,3,3,0
2022-03-24 16:00:00,79.5,25.3,16,3,3,0
2022-03-24 17:00:00,81.41,25.6,17,3,3,0
2022-03-24 18:00:00,86.2,26.6,18,3,3,0
2022-03-24 19:00:00,90.27,27.4,19,3,3,0
2022-03-24 20:00:00,91.0,27.5,20,3,3,0
2022-03-24 21:00:00,90.03,29.4,21,3,3,0
2022-03-24 22:00:00,82.9,30.6,22,3,3,0
2022-03-24 23:00:00,72.47,31.4,23,3,3,0
2022-03-25 00:00:00,50.87,32.4,0,4,3,0
2022-03-25 01:00:00,54.72,32.4,1,4,3,0
2022-03-25 02:00:00,54.55,32.3,2,4,3,0
2022-03-25 03:00:00,54.21,32.7,3,4,3,0
2022-03-25 04:00:00,53.74,31.4,4,4,3,0
2022-03-25 05:00:00,51.95,30.1,5,4,3,0
2022-03-25 06:00:00,57.17,29.9,6,4,3,0
2022-03-25 07:00:00,62.85,28.4,7,4,3,0
2022-03-25 08:00:00,67.02,27.5,8,4,3,0
2022-03-25 09:00:00,74.47,26.8,9,4,3,0
2022-03-25 10:00:00,76.98,25.4,10,4,3,0
2022-03-25 11:00:00,76.56,24.9,11,4,3,0
2022-03-25 12:00:00,77.17,23.0,12,4,3,0
2022-03-25 13:00:00,76.24,24.3,13,4,3,0
2022-03-25 14:00:00,81.16,24.0,14,4,3,0
2022-03-25 15:00:00,78.06,23.5,15,4,3,0
2022-03-25 16:00:00,79.25,25.1,16,4,3,0
2022-03-25 17:00:00,87.48,25.9,17,4,3,0
2022-03-25 18:00:00,89.09,24.7,18,4,3,0
2022-03-25 19:00:00,87.86,26.4,19,4,3,0
2022-03-25 20:00:00,89.42,27.4,20,4,3,0
2022-03-25 21:00:00,89.36,28.3,21,4,3,0
2022-03-25 22:00:00,80.96,30.7,22,4,3,0
2022-03-25 23:00:00,72.28,30.7,23,4,3,0
2022-03-26 00:00:00,43.32,31.3,0,5,3,1
2022-03-26 01:00:00,45.22,30.3,1,5,3,1
2022-03-26 02:00:00,48.46,32.5,2,5,3,1
2022-03-26 03:00:00,47.6,30.9,3,5,3,1
2022-03-26 04:00:00,47.63,31.5,4,5,3,1
2022-03-26 05:00:00,47.75,31.1,5,5,3,1
2022-03-26 06:00:00,53.91,31.1,6,5,3,1
2022-03-26 07:00:00,56.23,28.0,7,5,3,1
2022-03-26 08:00:00,60.77,25.6,8,5,3,1
2022-03-26 09:00:00,65.37,27.1,9,5,3,1
2022-03-26 10:00:00,69.74,27.4,10,5,3,1
2022-03-26 11:00:00,69.1,26.2,11,5,3,1
2022-03-26 12:00:00,72.43,24.7,12,5,3,1
2022-03-26 13:00:00,73.12,23.7,13,5,3,1
2022-03-26 14:00:00,74.74,24.6,14,5,3,1
2022-03-26 15:00:00,70.18,23.4,15,5,3,1
2022-03-26 16:00:00,72.92,24.9,16,5,3,1
2022-03-26 17:00:00,76.45,25.6,17,5,3,1
2022-03-26 18:00:00,75.55,26.8,18,5,3,1
2022-03-26 19:00:00,82.8,29.2,19,5,3,1
2022-03-26 20:00:00,80.61,28.3,20,5,3,1
2022-03-26 21:00:00,79.63,28.6,21,5,3,1
2022-03-26 22:00:00,73.33,30.0,22,5,3,1
2022-03-26 23:00:00,63.37,29.4,23,5,3,1
2022-03-27 00:00:00,43.73,30.9,0,6,3,1
2022-03-27 01:00:00,45.77,31.5,1,6,3,1
2022-03-27 02:00:00,48.72,31.6,2,6,3,1
2022-03-27 03:00:00,47.67,32.0,3,6,3,1
2022-03-27 04:00:00,49.51,30.8,4,6,3,1
2022-03-27 05:00:00,50.64,31.7,5,6,3,1
2022-03-27 06:00:00,52.99,30.0,6,6,3,1
2022-03-27 07:00:00,57.11,29.0,7,6,3,1
2022-03-27 08:00:00,61.0,27.7,8,6,3,1
2022-03-27 09:00:00,67.73,27.1,9,6,3,1
2022-03-27 10:00:00,67.99,26.7,10,6,3,1
2022-03-27 11:00:00,65.84,24.5,11,6,3,1
2022-03-27 12:00:00,69.78,24.0,12,6,3,1
2022-03-27 13:00:00,72.34,23.9,13,6,3,1
2022-03-27 14:00:00,71.47,22.9,14,6,3,1
2022-03-27 15:00:00,72.15,23.5,15,6,3,1
2022-03-27 16:00:00,70.94,24.2,16,6,3,1
2022-03-27 17:00:00,74.78,25.9,17,6,3,1
2022-03-27 18:00:00,75.75,26.2,18,6,3,1
2022-03-27 19:00:00,77.04,27.1,19,6,3,1
2022-03-27 20:00:00,82.39,28.7,20,6,3,1
2022-03-27 21:00:00,76.96,28.9,21,6,3,1
2022-03-27 22:00:00,73.27,30.3,22,6,3,1
2022-03-27 23:00:00,64.97,30.7,23,6,3,1
2022-03-28 00:00:00,49.76,31.7,0,0,3,0
2022-03-28 01:00:00,48.83,31.4,1,0,3,0
2022-03-28 02:00:00,50.35,30.0,2,0,3,0
2022-03-28 03:00:00,51.78,31.8,3,0,3,0
2022-03-28 04:00:00,56.19,32.6,4,0,3,0
2022-03-28 05:00:00,54.13,31.6,5,0,3,0
2022-03-28 06:00:00,59.08,30.8,6,0,3,0
2022-03-28 07:00:00,63.6,30.0,7,0,3,0
2022-03-28 08:00:00,68.09,28.1,8,0,3,0
2022-03-28 09:00:00,73.17,27.1,9,0,3,0
2022-03-28 10:00:00,73.92,25.5,10,0,3,0
2022-03-28 11:00:00,76.57,24.9,11,0,3,0
2022-03-28 12:00:00,77.75,25.0,12,0,3,0
2022-03-28 13:00:00,77.72,25.1,13,0,3,0
2022-03-28 14:00:00,80.64,23.9,14,0,3,0
2022-03-28 15:00:00,81.89,23.8,15,0,3,0
2022-03-28 16:00:00,81.1,24.5,16,0,3,0
2022-03-28 17:00:00,87.43,25.7,17,0,3,0
2022-03-28 18:00:00,87.56,24.8,18,0,3,0
2022-03-28 19:00:00,87.01,25.1,19,0,3,0
2022-03-28 20:00:00,88.68,27.6,20,0,3,0
2022-03-28 21:00:00,91.26,28.1,21,0,3,0
2022-03-28 22:00:00,83.2,29.6,22,0,3,0
2022-03-28 23:00:00,77.27,30.7,23,0,3,0
2022-03-29 00:00:00,50.26,31.1,0,1,3,0
2022-03-29 01:00:00,51.42,33.0,1,1,3,0
2022-03-29 02:00:00,51.94,32.3,2,1,3,0
2022-03-29 03:00:00,55.76,32.1,3,1,3,0
2022-03-29 04:00:00,54.07,32.0,4,1,3,0
2022-03-29 05:00:00,52.8,29.9,5,1,3,0
2022-03-29 06:00:00,58.07,30.8,6,1,3,0
2022-03-29 07:00:00,64.39,29.0,7,1,3,0
2022-03-29 08:00:00,68.45,28.5,8,1,3,0
2022-03-29 09:00:00,71.95,26.1,9,1,3,0
2022-03-29 10:00:00,73.06,24.8,10,1,3,0
2022-03-29 11:00:00,76.52,25.8,11,1,3,0
2022-03-29 12:00:00,77.08,24.8,12,1,3,0
2022-03-29 13:00:00,80.31,23.4,13,1,3,0
2022-03-29 14:00:00,80.83,23.3,14,1,3,0
2022-03-29 15:00:00,79.5,25.0,15,1,3,0
2022-03-29 16:00:00,79.05,23.6,16,1,3,0
2022-03-29 17:00:00,85.51,26.5,17,1,3,0
2022-03-29 18:00:00,86.26,25.3,18,1,3,0
2022-03-29 19:00:00,88.47,27.5,19,1,3,0
2022-03-29 20:00:00,90.2,27.7,20,1,3,0
2022-03-29 21:00:00,89.59,29.5,21,1,3,0
2022-03-29 22:00:00,82.68,29.6,22,1,3,0
2022-03-29 23:00:00,72.66,30.7,23,1,3,0
2022-03-30 00:00:00,48.98,31.5,0,2,3,0
2022-03-30 01:00:00,49.94,31.1,1,2,3,0
2022-03-30 02:00:00,53.3,32.6,2,2,3,0
2022-03-30 03:00:00,52.8,31.5,3,2,3,0
2022-03-30 04:00:00,53.89,31.3,4,2,3,0
2022-03-30 05:00:00,53.82,30.0,5,2,3,0
2022-03-30 06:00:00,58.56,28.0,6,2,3,0
2022-03-30 07:00:00,62.76,28.9,7,2,3,0
2022-03-30 08:00:00,67.35,29.9,8,2,3,0
2022-03-30 09:00:00,72.71,27.6,9,2,3,0
2022-03-30 10:00:00,73.04,26.0,10,2,3,0
2022-03-30 11:00:00,78.69,25.0,11,2,3,0
2022-03-30 12:00:00,80.15,24.6,12,2,3,0
2022-03-30 13:00:00,80.02,24.6,13,2,3,0
2022-03-30 14:00:00,81.35,23.1,14,2,3,0
2022-03-30 15:00:00,80.35,25.0,15,2,3,0
2022-03-30 16:00:00,80.54,25.1,16,2,3,0
2022-03-30 17:00:00,82.98,25.7,17,2,3,0
2022-03-30 18:00:00,87.12,26.4,18,2,3,0
2022-03-30 19:00:00,87.11,27.0,19,2,3,0
2022-03-30 20:00:00,90.69,28.5,20,2,3,0
2022-03-30 21:00:00,91.15,29.5,21,2,3,0
2022-03-30 22:00:00,84.98,29.7,22,2,3,0
2022-03-30 23:00:00,74.18,30.4,23,2,3,0
2022-03-31 00:00:00,50.07,31.5,0,3,3,0
2022-03-31 01:00:00,52.43,33.1,1,3,3,0
2022-03-31 02:00:00,52.82,31.0,2,3,3,0
2022-03-31 03:00:00,51.73,30.7,3,3,3,0
2022-03-31 04:00:00,54.16,31.6,4,3,3,0
2022-03-31 05:00:00,53.99,30.9,5,3,3,0
2022-03-31 06:00:00,57.88,30.1,6,3,3,0
2022-03-31 07:00:00,62.68,29.2,7,3,3,0
2022-03-31 08:00:00,65.02,27.8,8,3,3,0
2022-03-31 09:00:00,70.79,28.2,9,3,3,0
2022-03-31 10:00:00,75.11,24.7,10,3,3,0
2022-03-31 11:00:00,78.48,24.5,11,3,3,0
2022-03-31 12:00:00,77.56,24.5,12,3,3,0
2022-03-31 13:00:00,77.8,22.8,13,3,3,0
2022-03-31 14:00:00,77.57,23.9,14,3,3,0
2022-03-31 15:00:00,81.22,25.5,15,3,3,0
2022-03-31 16:00:00,79.01,24.6,16,3,3,0
2022-03-31 17:00:00,86.92,25.4,17,3,3,0
2022-03-31 18:00:00,87.95,25.0,18,3,3,0
2022-03-31 19:00:00,89.58,26.5,19,3,3,0
2022-03-31 20:00:00,90.24,27.7,20,3,3,0
2022-03-31 21:00:00,91.37,28.8,21,3,3,0
2022-03-31 22:00:00,83.11,31.0,22,3,3,0
2022-03-31 23:00:00,73.0,31.3,23,3,3,0
2022-04-01 00:00:00,51.96,31.6,0,4,4,0
2022-04-01 01:00:00,53.39,33.1,1,4,4,0
2022-04-01 02:00:00,56.94,33.4,2,4,4,0
2022-04-01 03:00:00,60.19,33.8,3,4,4,0
2022-04-01 04:00:00,60.32,33.7,4,4,4,0
2022-04-01 05:00:00,57.6,31.0,5,4,4,0
2022-04-01 06:00:00,61.48,30.4,6,4,4,0
2022-04-01 07:00:00,67.64,29.0,7,4,4,0
2022-04-01 08:00:00,71.9,28.8,8,4,4,0
2022-04-01 09:00:00,80.13,28.3,9,4,4,0
2022-04-01 10:00:00,77.82,27.8,10,4,4,0
2022-04-01 11:00:00,79.71,26.1,11,4,4,0
2022-04-01 12:00:00,80.57,25.3,12,4,4,0
2022-04-01 13:00:00,81.59,25.3,13,4,4,0
2022-04-01 14:00:00,83.49,24.3,14,4,4,0
2022-04-01 15:00:00,85.19,26.8,15,4,4,0
2022-04-01 16:00:00,83.86,24.2,16,4,4,0
2022-04-01 17:00:00,84.46,26.3,17,4,4,0
2022-04-01 18:00:00,94.72,28.6,18,4,4,0
2022-04-01 19:00:00,91.29,28.0,19,4,4,0
2022-04-01 20:00:00,97.0,28.8,20,4,4,0
2022-04-01 21:00:00,97.33,29.7,21,4,4,0
2022-04-01 22:00:00,91.85,30.9,22,4,4,0
2022-04-01 23:00:00,81.83,32.9,23,4,4,0
2022-04-02 00:00:00,46.35,30.7,0,5,4,1
2022-04-02 01:00:00,51.16,34.1,1,5,4,1
2022-04-02 02:00:00,51.64,31.9,2,5,4,1
2022-04-02 03:00:00,50.53,32.7,3,5,4,1
2022-04-02 04:00:00,52.44,32.1,4,5,4,1
2022-04-02 05:00:00,53.28,32.3,5,5,4,1
2022-04-02 06:00:00,55.03,29.7,6,5,4,1
2022-04-02 07:00:00,61.86,30.4,7,5,4,1
2022-04-02 08:00:00,67.04,30.6,8,5,4,1
2022-04-02 09:00:00,70.67,26.9,9,5,4,1
2022-04-02 10:00:00,71.6,27.2,10,5,4,1
2022-04-02 11:00:00,73.44,25.6,11,5,4,1
2022-04-02 12:00:00,73.87,25.9,12,5,4,1
2022-04-02 13:00:00,74.52,25.2,13,5,4,1
2022-04-02 14:00:00,76.53,24.5,14,5,4,1
2022-04-02 15:00:00,75.35,25.5,15,5,4,1
2022-04-02 16:00:00,75.24,27.0,16,5,4,1
2022-04-02 17:00:00,81.53,26.0,17,5,4,1
2022-04-02 18:00:00,83.31,27.6,18,5,4,1
2022-04-02 19:00:00,84.98,26.9,19,5,4,1
2022-04-02 20:00:00,88.01,28.2,20,5,4,1
2022-04-02 21:00:00,87.54,30.4,21,5,4,1
2022-04-02 22:00:00,81.62,32.2,22,5,4,1
2022-04-02 23:00:00,72.01,32.1,23,5,4,1
2022-04-03 00:00:00,48.05,32.2,0,6,4,1
2022-04-03 01:00:00,50.48,32.9,1,6,4,1
2022-04-03 02:00:00,51.26,32.0,2,6,4,1
2022-04-03 03:00:00,52.94,33.3,3,6,4,1
2022-04-03 04:00:00,53.8,33.2,4,6,4,1
2022-04-03 05:00:00,51.71,31.5,5,6,4,1
2022-04-03 06:00:00,58.81,30.6,6,6,4,1
2022-04-03 07:00:00,60.33,30.2,7,6,4,1
2022-04-03 08:00:00,62.54,28.7,8,6,4,1
2022-04-03 09:00:00,71.28,27.9,9,6,4,1
2022-04-03 10:00:00,71.21,28.7,10,6,4,1
2022-04-03 11:00:00,72.32,26.0,11,6,4,1
2022-04-03 12:00:00,72.86,25.2,12,6,4,1
2022-04-03 13:00:00,78.62,24.6,13,6,4,1
2022-04-03 14:00:00,77.1,25.6,14,6,4,1
2022-04-03 15:00:00,77.42,25.0,15,6,4,1
2022-04-03 16:00:00,76.79,25.0,16,6,4,1
2022-04-03 17:00:00,82.6,27.2,17,6,4,1
2022-04-03 18:00:00,86.02,28.1,18,6,4,1
2022-04-03 19:00:00,84.46,27.5,19,6,4,1
2022-04-03 20:00:00,83.62,27.5,20,6,4,1
2022-04-03 21:00:00,90.56,30.8,21,6,4,1
2022-04-03 22:00:00,80.08,30.5,22,6,4,1
2022-04-03 23:00:00,72.48,32.5,23,6,4,1
2022-04-04 00:00:00,52.5,30.9,0,0,4,0
2022-04-04 01:00:00,55.96,33.6,1,0,4,0
2022-04-04 02:00:00,55.46,32.0,2,0,4,0
2022-04-04 03:00:00,58.03,33.4,3,0,4,0
2022-04-04 04:00:00,57.5,32.5,4,0,4,0
2022-04-04 05:00:00,58.73,31.1,5,0,4,0
2022-04-04 06:00:00,61.04,30.7,6,0,4,0
2022-04-04 07:00:00,71.3,30.6,7,0,4,0
2022-04-04 08:00:00,73.4,29.1,8,0,4,0
2022-04-04 09:00:00,75.1,28.4,9,0,4,0
2022-04-04 10:00:00,78.98,28.6,10,0,4,0
2022-04-04 11:00:00,80.61,24.9,11,0,4,0
2022-04-04 12:00:00,82.53,26.8,12,0,4,0
2022-04-04 13:00:00,82.38,25.2,13,0,4,0
2022-04-04 14:00:00,85.08,24.3,14,0,4,0
2022-04-04 15:00:00,84.82,24.1,15,0,4,0
2022-04-04 16:00:00,83.81,25.4,16,0,4,0
2022-04-04 17:00:00,89.7,26.9,17,0,4,0
2022-04-04 18:00:00,94.44,26.9,18,0,4,0
2022-04-04 19:00:00,91.51,29.2,19,0,4,0
2022-04-04 20:00:00,96.79,27.8,20,0,4,0
2022-04-04 21:00:00,99.11,30.0,21,0,4,0
2022-04-04 22:00:00,86.9,30.0,22,0,4,0
2022-04-04 23:00:00,79.49,32.1,23,0,4,0
2022-04-05 00:00:00,55.93,33.2,0,1,4,0
2022-04-05 01:00:00,54.32,32.5,1,1,4,0
2022-04-05 02:00:00,53.52,30.9,2,1,4,0
2022-04-05 03:00:00,57.17,33.0,3,1,4,0
2022-04-05 04:00:00,59.69,32.8,4,1,4,0
2022-04-05 05:00:00,60.16,32.2,5,1,4,0
2022-04-05 06:00:00,62.62,32.0,6,1,4,0
2022-04-05 07:00:00,67.89,29.2,7,1,4,0
2022-04-05 08:00:00,73.8,29.5,8,1,4,0
2022-04-05 09:00:00,80.1,28.9,9,1,4,0
2022-04-05 10:00:00,79.91,25.6,10,1,4,0
2022-04-05 11:00:00,80.81,26.4,11,1,4,0
2022-04-05 12:00:00,83.72,25.1,12,1,4,0
2022-04-05 13:00:00,85.12,25.1,13,1,4,0
2022-04-05 14:00:00,88.7,25.3,14,1,4,0
2022-04-05 15:00:00,86.6,24.7,15,1,4,0
2022-04-05 16:00:00,85.27,25.0,16,1,4,0
2022-04-05 17:00:00,89.18,26.2,17,1,4,0
2022-04-05 18:00:00,91.76,26.1,18,1,4,0
2022-04-05 19:00:00,91.74,27.1,19,1,4,0
2022-04-05 20:00:00,96.11,29.5,20,1,4,0
2022-04-05 21:00:00,98.27,29.1,21,1,4,0
2022-04-05 22:00:00,89.05,31.5,22,1,4,0
2022-04-05 23:00:00,81.02,32.2,23,1,4,0
2022-04-06 00:00:00,52.61,31.1,0,2,4,0
2022-04-06 01:00:00,54.37,32.3,1,2,4,0
2022-04-06 02:00:00,57.93,34.0,2,2,4,0
2022-04-06 03:00:00,57.08,32.1,3,2,4,0
2022-04-06 04:00:00,57.78,32.1,4,2,4,0
2022-04-06 05:00:00,58.95,32.2,5,2,4,0
2022-04-06 06:00:00,62.88,31.6,6,2,4,0
2022-04-06 07:00:00,66.77,29.8,7,2,4,0
2022-04-06 08:00:00,75.2,28.5,8,2,4,0
2022-04-06 09:00:00,79.73,29.1,9,2,4,0
2022-04-06 10:00:00,77.07,28.4,10,2,4,0
2022-04-06 11:00:00,77.18,27.0,11,2,4,0
2022-04-06 12:00:00,82.03,25.6,12,2,4,0
2022-04-06 13:00:00,85.43,24.5,13,2,4,0
2022-04-06 14:00:00,84.17,24.3,14,2,4,0
2022-04-06 15:00:00,86.7,25.6,15,2,4,0
2022-04-06 16:00:00,85.12,25.9,16,2,4,0
2022-04-06 17:00:00,90.96,27.3,17,2,4,0
2022-04-06 18:00:00,94.15,27.5,18,2,4,0
2022-04-06 19:00:00,93.39,26.8,19,2,4,0
2022-04-06 20:00:00,96.34,29.8,20,2,4,0
2022-04-06 21:00:00,97.92,29.2,21,2,4,0
2022-04-06 22:00:00,88.05,30.7,22,2,4,0
2022-04-06 23:00:00,82.08,32.0,23,2,4,0
2022-04-07 00:00:00,56.56,34.1,0,3,4,0
2022-04-07 01:00:00,59.1,35.4,1,3,4,0
2022-04-07 02:00:00,57.19,33.5,2,3,4,0
2022-04-07 03:00:00,58.21,32.7,3,3,4,0
2022-04-07 04:00:00,58.26,32.9,4,3,4,0
2022-04-07 05:00:00,59.45,32.5,5,3,4,0
2022-04-07 06:00:00,61.62,30.7,6,3,4,0
2022-04-07 07:00:00,70.69,31.5,7,3,4,0
2022-04-07 08:00:00,72.71,29.2,8,3,4,0
2022-04-07 09:00:00,80.74,28.4,9,3,4,0
2022-04-07 10:00:00,82.98,27.5,10,3,4,0
2022-04-07 11:00:00,82.07,26.5,11,3,4,0
2022-04-07 12:00:00,82.02,26.2,12,3,4,0
2022-04-07 13:00:00,82.45,24.6,13,3,4,0
2022-04-07 14:00:00,86.51,24.6,14,3,4,0
2022-04-07 15:00:00,85.37,24.3,15,3,4,0
2022-04-07 16:00:00,85.91,25.9,16,3,4,0
2022-04-07 17:00:00,94.29,26.8,17,3,4,0
2022-04-07 18:00:00,91.32,27.4,18,3,4,0
2022-04-07 19:00:00,93.03,29.3,19,3,4,0
2022-04-07 20:00:00,95.47,29.0,20,3,4,0
2022-04-07 21:00:00,99.88,30.6,21,3,4,0
2022-04-07 22:00:00,88.3,30.1,22,3,4,0
2022-04-07 23:00:00,77.38,31.5,23,3,4,0
2022-04-08 00:00:00,55.3,33.0,0,4,4,0
2022-04-08 01:00:00,55.03,33.5,1,4,4,0
2022-04-08 02:00:00,55.57,32.8,2,4,4,0
2022-04-08 03:00:00,57.32,32.8,3,4,4,0
2022-04-08 04:00:00,55.98,31.2,4,4,4,0
2022-04-08 05:00:00,58.9,31.5,5,4,4,0
2022-04-08 06:00:00,64.23,31.7,6,4,4,0
2022-04-08 07:00:00,70.42,30.5,7,4,4,0
2022-04-08 08:00:00,72.2,29.4,8,4,4,0
2022-04-08 09:00:00,77.58,28.0,9,4,4,0
2022-04-08 10:00:00,81.17,27.0,10,4,4,0
2022-04-08 11:00:00,80.73,25.6,11,4,4,0
2022-04-08 12:00:00,84.27,26.1,12,4,4,0
2022-04-08 13:00:00,84.86,25.5,13,4,4,0
2022-04-08 14:00:00,81.16,25.4,14,4,4,0
2022-04-08 15:00:00,86.95,24.7,15,4,4,0
2022-04-08 16:00:00,86.52,23.8,16,4,4,0
2022-04-08 17:00:00,92.92,27.0,17,4,4,0
2022-04-08 18:00:00,89.38,26.6,18,4,4,0
2022-04-08 19:00:00,93.15,27.3,19,4,4,0
2022-04-08 20:00:00,95.54,29.6,20,4,4,0
2022-04-08 21:00:00,95.7,29.7,21,4,4,0
2022-04-08 22:00:00,92.31,31.8,22,4,4,0
2022-04-08 23:00:00,79.63,32.3,23,4,4,0
2022-04-09 00:00:00,49.56,33.0,0,5,4,1
2022-04-09 01:00:00,49.63,31.8,1,5,4,1
2022-04-09 02:00:00,53.23,34.0,2,5,4,1
2022-04-09 03:00:00,49.11,33.1,3,5,4,1
2022-04-09 04:00:00,51.69,32.2,4,5,4,1
2022-04-09 05:00:00,51.44,31.9,5,5,4,1
2022-04-09 06:00:00,55.78,29.6,6,5,4,1
2022-04-09 07:00:00,61.03,30.4,7,5,4,1
2022-04-09 08:00:00,64.88,28.2,8,5,4,1
2022-04-09 09:00:00,66.87,26.9,9,5,4,1
2022-04-09 10:00:00,70.91,25.8,10,5,4,1
2022-04-09 11:00:00,74.53,27.1,11,5,4,1
2022-04-09 12:00:00,75.95,25.0,12,5,4,1
2022-04-09 13:00:00,76.75,26.4,13,5,4,1
2022-04-09 14:00:00,74.33,24.6,14,5,4,1
2022-04-09 15:00:00,78.59,23.8,15,5,4,1
2022-04-09 16:00:00,77.71,24.6,16,5,4,1
2022-04-09 17:00:00,81.91,27.2,17,5,4,1
2022-04-09 18:00:00,79.89,26.9,18,5,4,1
2022-04-09 19:00:00,86.65,27.5,19,5,4,1
2022-04-09 20:00:00,85.34,29.1,20,5,4,1
2022-04-09 21:00:00,89.11,30.4,21,5,4,1
2022-04-09 22:00:00,81.05,31.9,22,5,4,1
2022-04-09 23:00:00,75.17,33.0,23,5,4,1
2022-04-10 00:00:00,48.51,32.2,0,6,4,1
2022-04-10 01:00:00,49.07,31.8,1,6,4,1
2022-04-10 02:00:00,52.68,32.7,2,6,4,1
2022-04-10 03:00:00,51.84,33.1,3,6,4,1
2022-04-10 04:00:00,52.61,31.7,4,6,4,1
2022-04-10 05:00:00,51.77,31.1,5,6,4,1
2022-04-10 06:00:00,56.18,31.3,6,6,4,1
2022-04-10 07:00:00,60.93,30.0,7,6,4,1
2022-04-10 08:00:00,65.82,29.0,8,6,4,1
2022-04-10 09:00:00,72.02,27.4,9,6,4,1
2022-04-10 10:00:00,73.64,26.8,10,6,4,1
2022-04-10 11:00:00,72.33,25.4,11,6,4,1
2022-04-10 12:00:00,72.16,26.2,12,6,4,1
2022-04-10 13:00:00,75.07,26.0,13,6,4,1
2022-04-10 14:00:00,74.58,23.5,14,6,4,1
2022-04-10 15:00:00,76.16,24.4,15,6,4,1
2022-04-10 16:00:00,75.96,24.3,16,6,4,1
2022-04-10 17:00:00,83.4,25.7,17,6,4,1
2022-04-10 18:00:00,79.57,26.9,18,6,4,1
2022-04-10 19:00:00,83.58,26.8,19,6,4,1
2022-04-10 20:00:00,84.98,28.3,20,6,4,1
2022-04-10 21:00:00,89.23,29.2,21,6,4,1
2022-04-10 22:00:00,78.24,31.2,22,6,4,1
2022-04-10 23:00:00,71.93,31.9,23,6,4,1
2022-04-11 00:00:00,53.13,31.9,0,0,4,0
2022-04-11 01:00:00,56.63,33.0,1,0,4,0
2022-04-11 02:00:00,56.76,32.6,2,0,4,0
2022-04-11 03:00:00,57.32,32.6,3,0,4,0
2022-04-11 04:00:00,59.1,33.8,4,0,4,0
2022-04-11 05:00:00,57.67,32.9,5,0,4,0
2022-04-11 06:00:00,62.15,30.0,6,0,4,0
2022-04-11 07:00:00,69.08,30.7,7,0,4,0
2022-04-11 08:00:00,70.59,29.6,8,0,4,0
2022-04-11 09:00:00,75.91,27.0,9,0,4,0
2022-04-11 10:00:00,79.71,27.7,10,0,4,0
2022-04-11 11:00:00,81.4,27.4,11,0,4,0
2022-04-11 12:00:00,80.35,24.6,12,0,4,0
2022-04-11 13:00:00,83.06,24.4,13,0,4,0
2022-04-11 14:00:00,82.01,25.8,14,0,4,0
2022-04-11 15:00:00,87.28,25.4,15,0,4,0
2022-04-11 16:00:00,82.89,26.0,16,0,4,0
2022-04-11 17:00:00,92.2,26.4,17,0,4,0
2022-04-11 18:00:00,92.74,27.3,18,0,4,0
2022-04-11 19:00:00,96.7,26.9,19,0,4,0
2022-04-11 20:00:00,95.4,29.8,20,0,4,0
2022-04-11 21:00:00,98.94,31.0,21,0,4,0
2022-04-11 22:00:00,85.4,30.8,22,0,4,0
2022-04-11 23:00:00,76.22,31.8,23,0,4,0
2022-04-12 00:00:00,52.98,31.2,0,1,4,0
2022-04-12 01:00:00,54.22,33.3,1,1,4,0
2022-04-12 02:00:00,57.02,33.5,2,1,4,0
2022-04-12 03:00:00,58.47,32.8,3,1,4,0
2022-04-12 04:00:00,59.97,33.4,4,1,4,0
2022-04-12 05:00:00,57.37,31.6,5,1,4,0
2022-04-12 06:00:00,61.8,31.5,6,1,4,0
2022-04-12 07:00:00,67.25,29.2,7,1,4,0
2022-04-12 08:00:00,73.93,29.0,8,1,4,0
2022-04-12 09:00:00,76.77,27.8,9,1,4,0
2022-04-12 10:00:00,78.09,27.2,10,1,4,0
2022-04-12 11:00:00,80.06,25.9,11,1,4,0
2022-04-12 12:00:00,82.82,25.4,12,1,4,0
2022-04-12 13:00:00,85.98,25.8,13,1,4,0
2022-04-12 14:00:00,82.99,24.7,14,1,4,0
2022-04-12 15:00:00,82.57,23.9,15,1,4,0
2022-04-12 16:00:00,88.86,26.9,16,1,4,0
2022-04-12 17:00:00,90.93,27.3,17,1,4,0
2022-04-12 18:00:00,93.25,26.0,18,1,4,0
2022-04-12 19:00:00,93.1,28.5,19,1,4,0
2022-04-12 20:00:00,96.82,28.6,20,1,4,0
2022-04-12 21:00:00,99.65,30.2,21,1,4,0
2022-04-12 22:00:00,89.2,31.2,22,1,4,0
2022-04-12 23:00:00,81.35,31.6,23,1,4,0
2022-04-13 00:00:00,52.82,31.8,0,2,4,0
2022-04-13 01:00:00,54.51,32.3,1,2,4,0
2022-04-13 02:00:00,56.03,32.3,2,2,4,0
2022-04-13 03:00:00,57.19,32.2,3,2,4,0
2022-04-13 04:00:00,58.23,32.4,4,2,4,0
2022-04-13 05:00:00,56.35,31.3,5,2,4,0
2022-04-13 06:00:00,64.02,31.5,6,2,4,0
2022-04-13 07:00:00,68.52,31.2,7,2,4,0
2022-04-13 08:00:00,71.25,28.5,8,2,4,0
2022-04-13 09:00:00,77.81,28.2,9,2,4,0
2022-04-13 10:00:00,77.85,27.4,10,2,4,0
2022-04-13 11:00:00,79.1,26.5,11,2,4,0
2022-04-13 12:00:00,77.78,25.6,12,2,4,0
2022-04-13 13:00:00,86.82,25.7,13,2,4,0
2022-04-13 14:00:00,85.93,25.4,14,2,4,0
2022-04-13 15:00:00,84.83,24.1,15,2,4,0
2022-04-13 16:00:00,83.93,26.2,16,2,4,0
2022-04-13 17:00:00,86.18,26.9,17,2,4,0
2022-04-13 18:00:00,91.5,26.4,18,2,4,0
2022-04-13 19:00:00,95.66,28.0,19,2,4,0
2022-04-13 20:00:00,98.25,29.5,20,2,4,0
2022-04-13 21:00:00,98.7,29.9,21,2,4,0
2022-04-13 22:00:00,89.8,31.9,22,2,4,0
2022-04-13 23:00:00,83.23,33.7,23,2,4,0
2022-04-14 00:00:00,52.81,31.8,0,3,4,0
2022-04-14 01:00:00,55.23,31.8,1,3,4,0
2022-04-14 02:00:00,56.5,33.2,2,3,4,0
2022-04-14 03:00:00,57.26,33.4,3,3,4,0
2022-04-14 04:00:00,56.83,32.3,4,3,4,0
2022-04-14 05:00:00,58.63,33.0,5,3,4,0
2022-04-14 06:00:00,62.51,29.9,6,3,4,0
2022-04-14 07:00:00,67.33,30.6,7,3,4,0
2022-04-14 08:00:00,70.63,28.5,8,3,4,0
2022-04-14 09:00:00,79.2,29.3,9,3,4,0
2022-04-14 10:00:00,79.82,28.6,10,3,4,0
2022-04-14 11:00:00,82.38,25.6,11,3,4,0
2022-04-14 12:00:00,82.72,25.1,12,3,4,0
2022-04-14 13:00:00,82.77,25.8,13,3,4,0
2022-04-14 14:00:00,85.15,24.7,14,3,4,0
2022-04-14 15:00:00,85.23,25.1,15,3,4,0
2022-04-14 16:00:00,83.52,25.6,16,3,4,0
2022-04-14 17:00:00,89.3,24.6,17,3,4,0
2022-04-14 18:00:00,91.58,27.0,18,3,4,0
2022-04-14 19:00:00,98.06,27.4,19,3,4,0
2022-04-14 20:00:00,95.15,28.6,20,3,4,0
2022-04-14 21:00:00,101.36,31.2,21,3,4,0
2022-04-14 22:00:00,86.48,30.0,22,3,4,0
2022-04-14 23:00:00,81.19,32.5,23,3,4,0
2022-04-15 00:00:00,54.48,32.2,0,4,4,0
2022-04-15 01:00:00,56.06,32.6,1,4,4,0
2022-04-15 02:00:00,57.75,33.6,2,4,4,0
2022-04-15 03:00:00,59.21,33.1,3,4,4,0
2022-04-15 04:00:00,58.99,32.9,4,4,4,0
2022-04-15 05:00:00,61.09,32.6,5,4,4,0
2022-04-15 06:00:00,60.8,30.7,6,4,4,0
2022-04-15 07:00:00,67.41,29.5,7,4,4,0
2022-04-15 08:00:00,72.46,28.1,8,4,4,0
2022-04-15 09:00:00,76.36,27.3,9,4,4,0
2022-04-15 10:00:00,80.69,29.4,10,4,4,0
2022-04-15 11:00:00,78.55,27.2,11,4,4,0
2022-04-15 12:00:00,80.88,24.5,12,4,4,0
2022-04-15 13:00:00,80.75,24.1,13,4,4,0
2022-04-15 14:00:00,87.58,25.4,14,4,4,0
2022-04-15 15:00:00,84.64,25.6,15,4,4,0
2022-04-15 16:00:00,88.58,26.0,16,4,4,0
2022-04-15 17:00:00,92.66,26.0,17,4,4,0
2022-04-15 18:00:00,93.6,26.9,18,4,4,0
2022-04-15 19:00:00,93.29,28.2,19,4,4,0
2022-04-15 20:00:00,94.09,29.1,20,4,4,0
2022-04-15 21:00:00,97.4,28.3,21,4,4,0
2022-04-15 22:00:00,88.1,30.8,22,4,4,0
2022-04-15 23:00:00,76.26,31.1,23,4,4,0
2022-04-16 00:00:00,47.66,32.6,0,5,4,1
2022-04-16 01:00:00,52.35,35.3,1,5,4,1
2022-04-16 02:00:00,53.64,33.3,2,5,4,1
2022-04-16 03:00:00,54.17,32.6,3,5,4,1
2022-04-16 04:00:00,53.78,33.2,4,5,4,1
2022-04-16 05:00:00,53.46,32.2,5,5,4,1
2022-04-16 06:00:00,56.96,31.3,6,5,4,1
2022-04-16 07:00:00,60.33,30.5,7,5,4,1
2022-04-16 08:00:00,68.69,30.6,8,5,4,1
2022-04-16 09:00:00,72.8,27.1,9,5,4,1
2022-04-16 10:00:00,70.02,27.4,10,5,4,1
2022-04-16 11:00:00,72.66,25.4,11,5,4,1
2022-04-16 12:00:00,73.01,26.0,12,5,4,1
2022-04-16 13:00:00,74.91,24.4,13,5,4,1
2022-04-16 14:00:00,78.47,24.7,14,5,4,1
2022-04-16 15:00:00,74.37,24.9,15,5,4,1
2022-04-16 16:00:00,77.29,26.3,16,5,4,1
2022-04-16 17:00:00,83.4,26.9,17,5,4,1
2022-04-16 18:00:00,83.27,26.0,18,5,4,1
2022-04-16 19:00:00,86.54,28.0,19,5,4,1
2022-04-16 20:00:00,86.59,28.4,20,5,4,1
2022-04-16 21:00:00,89.05,29.0,21,5,4,1
2022-04-16 22:00:00,77.09,30.8,22,5,4,1
2022-04-16 23:00:00,70.73,31.6,23,5,4,1
2022-04-17 00:00:00,51.2,34.4,0,6,4,1
2022-04-17 01:00:00,48.15,33.2,1,6,4,1
2022-04-17 02:00:00,49.05,31.9,2,6,4,1
2022-04-17 03:00:00,50.84,32.4,3,6,4,1
2022-04-17 04:00:00,54.67,33.3,4,6,4,1
2022-04-17 05:00:00,54.11,33.5,5,6,4,1
2022-04-17 06:00:00,54.47,29.7,6,6,4,1
2022-04-17 07:00:00,60.77,28.5,7,6,4,1
2022-04-17 08:00:00,64.41,30.5,8,6,4,1
2022-04-17 09:00:00,66.88,28.3,9,6,4,1
2022-04-17 10:00:00,70.84,26.3,10,6,4,1
2022-04-17 11:00:00,70.53,26.6,11,6,4,1
2022-04-17 12:00:00,71.49,23.4,12,6,4,1
2022-04-17 13:00:00,76.52,25.1,13,6,4,1
2022-04-17 14:00:00,77.96,25.3,14,6,4,1
2022-04-17 15:00:00,77.81,25.9,15,6,4,1
2022-04-17 16:00:00,78.34,24.7,16,6,4,1
2022-04-17 17:00:00,84.3,26.2,17,6,4,1
2022-04-17 18:00:00,79.71,26.3,18,6,4,1
2022-04-17 19:00:00,85.74,28.2,19,6,4,1
2022-04-17 20:00:00,85.34,28.3,20,6,4,1
2022-04-17 21:00:00,86.24,29.7,21,6,4,1
2022-04-17 22:00:00,79.82,30.2,22,6,4,1
2022-04-17 23:00:00,69.56,32.3,23,6,4,1
2022-04-18 00:00:00,53.13,33.2,0,0,4,0
2022-04-18 01:00:00,55.87,32.7,1,0,4,0
2022-04-18 02:00:00,57.13,33.0,2,0,4,0
2022-04-18 03:00:00,56.26,31.7,3,0,4,0
2022-04-18 04:00:00,56.84,32.2,4,0,4,0
2022-04-18 05:00:00,59.1,31.8,5,0,4,0
2022-04-18 06:00:00,66.37,33.1,6,0,4,0
2022-04-18 07:00:00,66.59,29.1,7,0,4,0
2022-04-18 08:00:00,71.87,30.2,8,0,4,0
2022-04-18 09:00:00,77.13,28.8,9,0,4,0
2022-04-18 10:00:00,80.6,27.2,10,0,4,0
2022-04-18 11:00:00,82.95,27.6,11,0,4,0
2022-04-18 12:00:00,81.4,25.8,12,0,4,0
2022-04-18 13:00:00,83.58,25.4,13,0,4,0
2022-04-18 14:00:00,84.76,25.0,14,0,4,0
2022-04-18 15:00:00,85.47,26.1,15,0,4,0
2022-04-18 16:00:00,84.07,26.4,16,0,4,0
2022-04-18 17:00:00,86.15,25.7,17,0,4,0
2022-04-18 18:00:00,94.93,25.9,18,0,4,0
2022-04-18 19:00:00,97.62,27.8,19,0,4,0
2022-04-18 20:00:00,94.78,28.4,20,0,4,0
2022-04-18 21:00:00,95.64,30.0,21,0,4,0
2022-04-18 22:00:00,89.43,32.0,22,0,4,0
2022-04-18 23:00:00,78.42,31.5,23,0,4,0
2022-04-19 00:00:00,54.81,32.4,0,1,4,0
2022-04-19 01:00:00,55.54,32.9,1,1,4,0
2022-04-19 02:00:00,56.69,33.7,2,1,4,0
2022-04-19 03:00:00,54.06,31.1,3,1,4,0
2022-04-19 04:00:00,58.42,32.0,4,1,4,0
2022-04-19 05:00:00,59.19,32.0,5,1,4,0
2022-04-19 06:00:00,65.5,32.0,6,1,4,0
2022-04-19 07:00:00,65.84,29.6,7,1,4,0
2022-04-19 08:00:00,74.62,27.5,8,1,4,0
2022-04-19 09:00:00,75.15,28.5,9,1,4,0
2022-04-19 10:00:00,80.41,26.5,10,1,4,0
2022-04-19 11:00:00,77.9,25.2,11,1,4,0
2022-04-19 12:00:00,80.66,25.0,12,1,4,0
2022-04-19 13:00:00,86.52,25.0,13,1,4,0
2022-04-19 14:00:00,86.39,24.5,14,1,4,0
2022-04-19 15:00:00,84.13,23.4,15,1,4,0
2022-04-19 16:00:00,84.17,26.3,16,1,4,0
2022-04-19 17:00:00,91.42,27.2,17,1,4,0
2022-04-19 18:00:00,93.72,27.5,18,1,4,0
2022-04-19 19:00:00,96.63,27.1,19,1,4,0
2022-04-19 20:00:00,95.07,28.8,20,1,4,0
2022-04-19 21:00:00,94.63,30.0,21,1,4,0
2022-04-19 22:00:00,89.32,31.5,22,1,4,0
2022-04-19 23:00:00,79.1,32.4,23,1,4,0
2022-04-20 00:00:00,52.0,31.9,0,2,4,0
2022-04-20 01:00:00,55.78,32.9,1,2,4,0
2022-04-20 02:00:00,56.91,33.4,2,2,4,0
2022-04-20 03:00:00,59.19,34.0,3,2,4,0
2022-04-20 04:00:00,57.79,33.0,4,2,4,0
2022-04-20 05:00:00,59.67,32.5,5,2,4,0
2022-04-20 06:00:00,61.64,31.1,6,2,4,0
2022-04-20 07:00:00,67.94,31.2,7,2,4,0
2022-04-20 08:00:00,72.08,29.3,8,2,4,0
2022-04-20 09:00:00,80.38,27.3,9,2,4,0
2022-04-20 10:00:00,80.52,28.1,10,2,4,0
2022-04-20 11:00:00,82.56,26.7,11,2,4,0
2022-04-20 12:00:00,84.15,25.2,12,2,4,0
2022-04-20 13:00:00,89.82,24.8,13,2,4,0
2022-04-20 14:00:00,85.09,25.2,14,2,4,0
2022-04-20 15:00:00,87.35,25.5,15,2,4,0
2022-04-20 16:00:00,86.68,25.7,16,2,4,0
2022-04-20 17:00:00,93.0,26.4,17,2,4,0
2022-04-20 18:00:00,95.98,28.4,18,2,4,0
2022-04-20 19:00:00,93.59,28.8,19,2,4,0
2022-04-20 20:00:00,95.23,29.2,20,2,4,0
2022-04-20 21:00:00,99.18,30.8,21,2,4,0
2022-04-20 22:00:00,87.2,30.2,22,2,4,0
2022-04-20 23:00:00,79.88,32.1,23,2,4,0
2022-04-21 00:00:00,57.15,33.9,0,3,4,0
2022-04-21 01:00:00,54.78,32.7,1,3,4,0
2022-04-21 02:00:00,55.5,32.3,2,3,4,0
2022-04-21 03:00:00,57.02,32.3,3,3,4,0
2022-04-21 04:00:00,56.8,31.6,4,3,4,0
2022-04-21 05:00:00,55.57,31.2,5,3,4,0
2022-04-21 06:00:00,62.02,30.7,6,3,4,0
2022-04-21 07:00:00,67.24,28.9,7,3,4,0
2022-04-21 08:00:00,74.06,29.0,8,3,4,0
2022-04-21 09:00:00,76.03,28.7,9,3,4,0
2022-04-21 10:00:00,77.55,26.3,10,3,4,0
2022-04-21 11:00:00,80.92,27.4,11,3,4,0
2022-04-21 12:00:00,78.63,25.9,12,3,4,0
2022-04-21 13:00:00,83.27,26.0,13,3,4,0
2022-04-21 14:00:00,82.18,24.5,14,3,4,0
2022-04-21 15:00:00,87.27,25.8,15,3,4,0
2022-04-21 16:00:00,83.76,24.7,16,3,4,0
2022-04-21 17:00:00,94.15,26.9,17,3,4,0
2022-04-21 18:00:00,94.79,27.1,18,3,4,0
2022-04-21 19:00:00,93.18,28.4,19,3,4,0
2022-04-21 20:00:00,93.93,28.1,20,3,4,0
2022-04-21 21:00:00,96.43,29.3,21,3,4,0
2022-04-21 22:00:00,88.89,31.5,22,3,4,0
2022-04-21 23:00:00,78.72,31.1,23,3,4,0
2022-04-22 00:00:00,53.58,32.8,0,4,4,0
2022-04-22 01:00:00,54.9,31.8,1,4,4,0
2022-04-22 02:00:00,57.75,33.7,2,4,4,0
2022-04-22 03:00:00,56.01,31.9,3,4,4,0
2022-04-22 04:00:00,57.86,32.9,4,4,4,0
2022-04-22 05:00:00,58.72,32.3,5,4,4,0
2022-04-22 06:00:00,61.38,30.4,6,4,4,0
2022-04-22 07:00:00,68.23,30.5,7,4,4,0
2022-04-22 08:00:00,72.42,29.2,8,4,4,0
2022-04-22 09:00:00,78.16,27.5,9,4,4,0
2022-04-22 10:00:00,82.02,26.2,10,4,4,0
2022-04-22 11:00:00,80.67,24.6,11,4,4,0
2022-04-22 12:00:00,83.5,25.8,12,4,4,0
2022-04-22 13:00:00,84.36,23.9,13,4,4,0
2022-04-22 14:00:00,84.63,25.1,14,4,4,0
2022-04-22 15:00:00,84.83,24.9,15,4,4,0
2022-04-22 16:00:00,84.93,26.1,16,4,4,0
2022-04-22 17:00:00,91.74,25.9,17,4,4,0
2022-04-22 18:00:00,91.08,26.7,18,4,4,0
2022-04-22 19:00:00,91.69,28.6,19,4,4,0
2022-04-22 20:00:00,97.48,29.3,20,4,4,0
2022-04-22 21:00:00,99.66,30.3,21,4,4,0
2022-04-22 22:00:00,90.18,31.4,22,4,4,0
2022-04-22 23:00:00,77.84,30.6,23,4,4,0
2022-04-23 00:00:00,50.45,33.1,0,5,4,1
2022-04-23 01:00:00,51.7,33.4,1,5,4,1
2022-04-23 02:00:00,51.29,32.2,2,5,4,1
2022-04-23 03:00:00,51.16,32.7,3,5,4,1
2022-04-23 04:00:00,51.46,32.4,4,5,4,1
2022-04-23 05:00:00,52.29,31.7,5,5,4,1
2022-04-23 06:00:00,57.33,31.3,6,5,4,1
2022-04-23 07:00:00,62.05,31.2,7,5,4,1
2022-04-23 08:00:00,63.33,29.9,8,5,4,1
2022-04-23 09:00:00,72.57,26.9,9,5,4,1
2022-04-23 10:00:00,70.97,27.5,10,5,4,1
2022-04-23 11:00:00,73.06,27.2,11,5,4,1
2022-04-23 12:00:00,75.69,25.8,12,5,4,1
2022-04-23 13:00:00,71.79,26.0,13,5,4,1
2022-04-23 14:00:00,75.68,26.6,14,5,4,1
2022-04-23 15:00:00,75.89,26.0,15,5,4,1
2022-04-23 16:00:00,75.97,25.7,16,5,4,1
2022-04-23 17:00:00,81.81,27.0,17,5,4,1
2022-04-23 18:00:00,86.11,27.1,18,5,4,1
2022-04-23 19:00:00,86.15,28.0,19,5,4,1
2022-04-23 20:00:00,88.09,28.7,20,5,4,1
2022-04-23 21:00:00,89.63,31.3,21,5,4,1
2022-04-23 22:00:00,76.69,30.3,22,5,4,1
2022-04-23 23:00:00,70.01,33.1,23,5,4,1
2022-04-24 00:00:00,48.0,32.9,0,6,4,1
2022-04-24 01:00:00,49.32,31.7,1,6,4,1
2022-04-24 02:00:00,51.85,33.3,2,6,4,1
2022-04-24 03:00:00,50.02,31.2,3,6,4,1
2022-04-24 04:00:00,52.94,33.0,4,6,4,1
2022-04-24 05:00:00,55.79,32.5,5,6,4,1
2022-04-24 06:00:00,55.43,30.5,6,6,4,1
2022-04-24 07:00:00,62.23,30.1,7,6,4,1
2022-04-24 08:00:00,66.78,30.6,8,6,4,1
2022-04-24 09:00:00,69.9,27.6,9,6,4,1
2022-04-24 10:00:00,73.19,26.2,10,6,4,1
2022-04-24 11:00:00,75.07,27.4,11,6,4,1
2022-04-24 12:00:00,73.34,27.1,12,6,4,1
2022-04-24 13:00:00,76.88,25.1,13,6,4,1
2022-04-24 14:00:00,77.12,25.8,14,6,4,1
2022-04-24 15:00:00,76.53,26.2,15,6,4,1
2022-04-24 16:00:00,76.86,24.9,16,6,4,1
2022-04-24 17:00:00,80.91,25.8,17,6,4,1
2022-04-24 18:00:00,82.97,28.0,18,6,4,1
2022-04-24 19:00:00,84.22,29.3,19,6,4,1
2022-04-24 20:00:00,88.59,29.5,20,6,4,1
2022-04-24 21:00:00,86.97,29.3,21,6,4,1
2022-04-24 22:00:00,79.62,32.6,22,6,4,1
2022-04-24 23:00:00,69.95,31.4,23,6,4,1
2022-04-25 00:00:00,50.54,32.2,0,0,4,0
2022-04-25 01:00:00,55.24,33.1,1,0,4,0
2022-04-25 02:00:00,58.12,34.2,2,0,4,0
2022-04-25 03:00:00,58.14,33.5,3,0,4,0
2022-04-25 04:00:00,60.54,32.8,4,0,4,0
2022-04-25 05:00:00,59.4,32.2,5,0,4,0
2022-04-25 06:00:00,63.68,31.0,6,0,4,0
2022-04-25 07:00:00,66.06,30.5,7,0,4,0
2022-04-25 08:00:00,71.56,27.0,8,0,4,0
2022-04-25 09:00:00,77.04,27.7,9,0,4,0
2022-04-25 10:00:00,78.12,27.2,10,0,4,0
2022-04-25 11:00:00,79.63,25.3,11,0,4,0
2022-04-25 12:00:00,79.06,25.8,12,0,4,0
2022-04-25 13:00:00,81.92,25.0,13,0,4,0
2022-04-25 14:00:00,86.46,26.4,14,0,4,0
2022-04-25 15:00:00,84.79,26.4,15,0,4,0
2022-04-25 16:00:00,84.19,25.2,16,0,4,0
2022-04-25 17:00:00,91.23,26.1,17,0,4,0
2022-04-25 18:00:00,94.89,26.9,18,0,4,0
2022-04-25 19:00:00,94.36,27.6,19,0,4,0
2022-04-25 20:00:00,97.15,29.2,20,0,4,0
2022-04-25 21:00:00,95.33,29.4,21,0,4,0
2022-04-25 22:00:00,86.35,30.1,22,0,4,0
2022-04-25 23:00:00,80.17,32.3,23,0,4,0
2022-04-26 00:00:00,56.39,33.0,0,1,4,0
2022-04-26 01:00:00,56.05,32.2,1,1,4,0
2022-04-26 02:00:00,58.07,33.7,2,1,4,0
2022-04-26 03:00:00,57.11,32.4,3,1,4,0
2022-04-26 04:00:00,59.81,32.7,4,1,4,0
2022-04-26 05:00:00,60.0,32.5,5,1,4,0
2022-04-26 06:00:00,60.37,31.0,6,1,4,0
2022-04-26 07:00:00,66.69,30.4,7,1,4,0
2022-04-26 08:00:00,72.53,28.6,8,1,4,0
2022-04-26 09:00:00,75.08,27.8,9,1,4,0
2022-04-26 10:00:00,77.95,26.8,10,1,4,0
2022-04-26 11:00:00,79.78,25.6,11,1,4,0
2022-04-26 12:00:00,81.51,25.4,12,1,4,0
2022-04-26 13:00:00,83.52,23.9,13,1,4,0
2022-04-26 14:00:00,84.55,24.6,14,1,4,0
2022-04-26 15:00:00,86.38,24.9,15,1,4,0
2022-04-26 16:00:00,84.59,25.3,16,1,4,0
2022-04-26 17:00:00,90.57,26.0,17,1,4,0
2022-04-26 18:00:00,90.38,27.0,18,1,4,0
2022-04-26 19:00:00,96.22,28.3,19,1,4,0
2022-04-26 20:00:00,95.51,29.7,20,1,4,0
2022-04-26 21:00:00,95.01,29.5,21,1,4,0
2022-04-26 22:00:00,87.61,30.0,22,1,4,0
2022-04-26 23:00:00,76.97,31.0,23,1,4,0
2022-04-27 00:00:00,52.98,32.1,0,2,4,0
2022-04-27 01:00:00,55.38,32.6,1,2,4,0
2022-04-27 02:00:00,55.6,32.4,2,2,4,0
2022-04-27 03:00:00,58.6,31.8,3,2,4,0
2022-04-27 04:00:00,57.56,32.1,4,2,4,0
2022-04-27 05:00:00,59.21,32.0,5,2,4,0
2022-04-27 06:00:00,61.38,31.5,6,2,4,0
2022-04-27 07:00:00,65.98,29.6,7,2,4,0
2022-04-27 08:00:00,70.55,28.7,8,2,4,0
2022-04-27 09:00:00,76.33,27.2,9,2,4,0
2022-04-27 10:00:00,79.96,27.0,10,2,4,0
2022-04-27 11:00:00,82.49,25.5,11,2,4,0
2022-04-27 12:00:00,82.46,26.0,12,2,4,0
2022-04-27 13:00:00,83.62,23.7,13,2,4,0
2022-04-27 14:00:00,83.99,24.7,14,2,4,0
2022-04-27 15:00:00,86.85,25.4,15,2,4,0
2022-04-27 16:00:00,88.42,25.7,16,2,4,0
2022-04-27 17:00:00,91.48,28.3,17,2,4,0
2022-04-27 18:00:00,94.48,27.3,18,2,4,0
2022-04-27 19:00:00,94.98,27.2,19,2,4,0
2022-04-27 20:00:00,97.31,28.9,20,2,4,0
2022-04-27 21:00:00,94.26,28.6,21,2,4,0
2022-04-27 22:00:00,87.53,30.9,22,2,4,0
2022-04-27 23:00:00,78.91,31.2,23,2,4,0
2022-04-28 00:00:00,55.97,33.2,0,3,4,0
2022-04-28 01:00:00,54.08,32.4,1,3,4,0
2022-04-28 02:00:00,54.49,32.9,2,3,4,0
2022-04-28 03:00:00,56.45,32.4,3,3,4,0
2022-04-28 04:00:00,60.85,33.9,4,3,4,0
2022-04-28 05:00:00,56.4,31.6,5,3,4,0
2022-04-28 06:00:00,63.48,32.5,6,3,4,0
2022-04-28 07:00:00,68.6,30.7,7,3,4,0
2022-04-28 08:00:00,72.38,29.4,8,3,4,0
2022-04-28 09:00:00,78.66,28.3,9,3,4,0
2022-04-28 10:00:00,77.44,27.3,10,3,4,0
2022-04-28 11:00:00,80.37,24.6,11,3,4,0
2022-04-28 12:00:00,83.8,25.3,12,3,4,0
2022-04-28 13:00:00,82.05,25.8,13,3,4,0
2022-04-28 14:00:00,87.45,25.0,14,3,4,0
2022-04-28 15:00:00,83.27,24.0,15,3,4,0
2022-04-28 16:00:00,86.42,25.5,16,3,4,0
2022-04-28 17:00:00,90.59,27.5,17,3,4,0
2022-04-28 18:00:00,90.75,28.0,18,3,4,0
2022-04-28 19:00:00,93.45,27.9,19,3,4,0
2022-04-28 20:00:00,97.88,29.8,20,3,4,0
2022-04-28 21:00:00,97.26,29.7,21,3,4,0
2022-04-28 22:00:00,88.64,29.6,22,3,4,0
2022-04-28 23:00:00,80.31,31.1,23,3,4,0
2022-04-29 00:00:00,54.27,33.7,0,4,4,0
2022-04-29 01:00:00,53.9,32.6,1,4,4,0
2022-04-29 02:00:00,55.1,32.8,2,4,4,0
2022-04-29 03:00:00,56.28,32.6,3,4,4,0
2022-04-29 04:00:00,61.07,34.0,4,4,4,0
2022-04-29 05:00:00,60.47,33.1,5,4,4,0
2022-04-29 06:00:00,64.58,32.8,6,4,4,0
2022-04-29 07:00:00,67.43,29.9,7,4,4,0
2022-04-29 08:00:00,74.25,29.2,8,4,4,0
2022-04-29 09:00:00,80.63,26.8,9,4,4,0
2022-04-29 10:00:00,79.72,28.2,10,4,4,0
2022-04-29 11:00:00,76.73,25.2,11,4,4,0
2022-04-29 12:00:00,82.38,25.7,12,4,4,0
2022-04-29 13:00:00,85.5,24.3,13,4,4,0
2022-04-29 14:00:00,85.39,24.5,14,4,4,0
2022-04-29 15:00:00,86.21,24.5,15,4,4,0
2022-04-29 16:00:00,85.61,25.0,16,4,4,0
2022-04-29 17:00:00,89.07,25.7,17,4,4,0
2022-04-29 18:00:00,91.21,26.6,18,4,4,0
2022-04-29 19:00:00,93.77,28.6,19,4,4,0
2022-04-29 20:00:00,97.88,28.1,20,4,4,0
2022-04-29 21:00:00,96.44,30.2,21,4,4,0
2022-04-29 22:00:00,90.42,32.0,22,4,4,0
2022-04-29 23:00:00,79.01,31.4,23,4,4,0
2022-04-30 00:00:00,49.8,31.9,0,5,4,1
2022-04-30 01:00:00,50.12,32.7,1,5,4,1
2022-04-30 02:00:00,50.78,33.9,2,5,4,1
2022-04-30 03:00:00,53.05,33.0,3,5,4,1
2022-04-30 04:00:00,54.35,32.0,4,5,4,1
2022-04-30 05:00:00,54.05,32.2,5,5,4,1
2022-04-30 06:00:00,54.99,30.1,6,5,4,1
2022-04-30 07:00:00,60.26,30.6,7,5,4,1
2022-04-30 08:00:00,63.89,29.3,8,5,4,1
2022-04-30 09:00:00,72.99,27.7,9,5,4,1
2022-04-30 10:00:00,70.89,26.3,10,5,4,1
2022-04-30 11:00:00,71.75,25.5,11,5,4,1
2022-04-30 12:00:00,73.47,26.0,12,5,4,1
2022-04-30 13:00:00,75.07,26.1,13,5,4,1
2022-04-30 14:00:00,79.09,24.5,14,5,4,1
2022-04-30 15:00:00,74.86,25.5,15,5,4,1
2022-04-30 16:00:00,78.46,23.9,16,5,4,1
2022-04-30 17:00:00,82.33,25.7,17,5,4,1
2022-04-30 18:00:00,85.68,27.0,18,5,4,1
2022-04-30 19:00:00,87.8,27.2,19,5,4,1
2022-04-30 20:00:00,86.48,28.3,20,5,4,1
2022-04-30 21:00:00,86.8,29.5,21,5,4,1
2022-04-30 22:00:00,80.2,31.2,22,5,4,1
2022-04-30 23:00:00,71.22,31.7,23,5,4,1
2022-05-01 00:00:00,47.39,31.7,0,6,5,1
2022-05-01 01:00:00,52.05,32.2,1,6,5,1
2022-05-01 02:00:00,53.29,33.5,2,6,5,1
2022-05-01 03:00:00,53.65,34.2,3,6,5,1
2022-05-01 04:00:00,50.16,31.3,4,6,5,1
2022-05-01 05:00:00,52.12,32.4,5,6,5,1
2022-05-01 06:00:00,59.76,31.6,6,6,5,1
2022-05-01 07:00:00,63.91,32.1,7,6,5,1
2022-05-01 08:00:00,66.43,29.7,8,6,5,1
2022-05-01 09:00:00,72.56,29.3,9,6,5,1
2022-05-01 10:00:00,72.11,28.1,10,6,5,1
2022-05-01 11:00:00,75.18,25.5,11,6,5,1
2022-05-01 12:00:00,75.43,27.2,12,6,5,1
2022-05-01 13:00:00,77.05,26.3,13,6,5,1
2022-05-01 14:00:00,75.56,26.4,14,6,5,1
2022-05-01 15:00:00,77.15,29.3,15,6,5,1
2022-05-01 16:00:00,79.12,24.9,16,6,5,1
2022-05-01 17:00:00,82.65,28.6,17,6,5,1
2022-05-01 18:00:00,87.44,27.8,18,6,5,1
2022-05-01 19:00:00,91.22,29.2,19,6,5,1
2022-05-01 20:00:00,90.56,30.0,20,6,5,1
2022-05-01 21:00:00,93.43,30.7,21,6,5,1
2022-05-01 22:00:00,83.29,31.5,22,6,5,1
2022-05-01 23:00:00,73.7,33.1,23,6,5,1
2022-05-02 00:00:00,54.97,32.3,0,0,5,0
2022-05-02 01:00:00,60.45,34.5,1,0,5,0
2022-05-02 02:00:00,58.05,33.7,2,0,5,0
2022-05-02 03:00:00,57.74,33.0,3,0,5,0
2022-05-02 04:00:00,58.8,33.1,4,0,5,0
2022-05-02 05:00:00,61.64,33.8,5,0,5,0
2022-05-02 06:00:00,63.88,31.6,6,0,5,0
2022-05-02 07:00:00,72.66,31.3,7,0,5,0
2022-05-02 08:00:00,74.36,29.4,8,0,5,0
2022-05-02 09:00:00,81.58,29.6,9,0,5,0
2022-05-02 10:00:00,80.54,28.5,10,0,5,0
2022-05-02 11:00:00,80.8,28.7,11,0,5,0
2022-05-02 12:00:00,81.57,26.4,12,0,5,0
2022-05-02 13:00:00,84.29,26.7,13,0,5,0
2022-05-02 14:00:00,87.39,26.1,14,0,5,0
2022-05-02 15:00:00,87.67,27.2,15,0,5,0
2022-05-02 16:00:00,87.81,26.0,16,0,5,0
2022-05-02 17:00:00,90.55,27.8,17,0,5,0
2022-05-02 18:00:00,94.76,27.8,18,0,5,0
2022-05-02 19:00:00,94.48,28.9,19,0,5,0
2022-05-02 20:00:00,100.0,30.1,20,0,5,0
2022-05-02 21:00:00,101.99,31.2,21,0,5,0
2022-05-02 22:00:00,89.41,31.9,22,0,5,0
2022-05-02 23:00:00,83.5,33.0,23,0,5,0
2022-05-03 00:00:00,59.91,34.7,0,1,5,0
2022-05-03 01:00:00,59.54,34.7,1,1,5,0
2022-05-03 02:00:00,59.61,34.7,2,1,5,0
2022-05-03 03:00:00,59.07,33.5,3,1,5,0
2022-05-03 04:00:00,59.4,32.8,4,1,5,0
2022-05-03 05:00:00,60.83,33.6,5,1,5,0
2022-05-03 06:00:00,66.67,32.7,6,1,5,0
2022-05-03 07:00:00,70.14,32.2,7,1,5,0
2022-05-03 08:00:00,71.56,29.5,8,1,5,0
2022-05-03 09:00:00,79.74,28.8,9,1,5,0
2022-05-03 10:00:00,81.03,26.7,10,1,5,0
2022-05-03 11:00:00,81.69,26.9,11,1,5,0
2022-05-03 12:00:00,81.61,27.3,12,1,5,0
2022-05-03 13:00:00,86.23,25.8,13,1,5,0
2022-05-03 14:00:00,85.19,26.5,14,1,5,0
2022-05-03 15:00:00,86.59,26.0,15,1,5,0
2022-05-03 16:00:00,89.71,26.8,16,1,5,0
2022-05-03 17:00:00,94.32,26.3,17,1,5,0
2022-05-03 18:00:00,92.31,28.1,18,1,5,0
2022-05-03 19:00:00,94.03,26.6,19,1,5,0
2022-05-03 20:00:00,99.3,29.9,20,1,5,0
2022-05-03 21:00:00,96.75,29.7,21,1,5,0
2022-05-03 22:00:00,89.35,33.0,22,1,5,0
2022-05-03 23:00:00,83.47,33.5,23,1,5,0
2022-05-04 00:00:00,56.89,33.8,0,2,5,0
2022-05-04 01:00:00,59.64,35.1,1,2,5,0
2022-05-04 02:00:00,58.24,33.2,2,2,5,0
2022-05-04 03:00:00,61.49,35.3,3,2,5,0
2022-05-04 04:00:00,60.61,34.2,4,2,5,0
2022-05-04 05:00:00,60.98,32.6,5,2,5,0
2022-05-04 06:00:00,68.41,32.9,6,2,5,0
2022-05-04 07:00:00,68.56,30.2,7,2,5,0
2022-05-04 08:00:00,72.52,29.3,8,2,5,0
2022-05-04 09:00:00,77.7,28.5,9,2,5,0
2022-05-04 10:00:00,79.67,27.6,10,2,5,0
2022-05-04 11:00:00,82.9,26.3,11,2,5,0
2022-05-04 12:00:00,80.26,27.5,12,2,5,0
2022-05-04 13:00:00,86.47,25.9,13,2,5,0
2022-05-04 14:00:00,87.87,26.3,14,2,5,0
2022-05-04 15:00:00,83.87,25.7,15,2,5,0
2022-05-04 16:00:00,85.21,25.1,16,2,5,0
2022-05-04 17:00:00,93.31,27.4,17,2,5,0
2022-05-04 18:00:00,94.5,26.5,18,2,5,0
2022-05-04 19:00:00,97.29,28.9,19,2,5,0
2022-05-04 20:00:00,97.67,28.9,20,2,5,0
2022-05-04 21:00:00,105.14,32.6,21,2,5,0
2022-05-04 22:00:00,91.78,32.7,22,2,5,0
2022-05-04 23:00:00,80.53,32.9,23,2,5,0
2022-05-05 00:00:00,56.4,34.5,0,3,5,0
2022-05-05 01:00:00,57.64,33.2,1,3,5,0
2022-05-05 02:00:00,59.45,34.4,2,3,5,0
2022-05-05 03:00:00,60.64,34.0,3,3,5,0
2022-05-05 04:00:00,61.33,33.7,4,3,5,0
2022-05-05 05:00:00,59.73,33.8,5,3,5,0
2022-05-05 06:00:00,64.92,32.6,6,3,5,0
2022-05-05 07:00:00,69.21,31.3,7,3,5,0
2022-05-05 08:00:00,72.45,28.7,8,3,5,0
2022-05-05 09:00:00,78.78,28.2,9,3,5,0
2022-05-05 10:00:00,82.52,27.9,10,3,5,0
2022-05-05 11:00:00,84.45,27.2,11,3,5,0
2022-05-05 12:00:00,83.18,25.6,12,3,5,0
2022-05-05 13:00:00,85.35,28.1,13,3,5,0
2022-05-05 14:00:00,85.66,27.2,14,3,5,0
2022-05-05 15:00:00,86.96,26.6,15,3,5,0
2022-05-05 16:00:00,87.15,26.6,16,3,5,0
2022-05-05 17:00:00,94.59,27.0,17,3,5,0
2022-05-05 18:00:00,96.19,27.2,18,3,5,0
2022-05-05 19:00:00,92.16,29.0,19,3,5,0
2022-05-05 20:00:00,99.09,30.2,20,3,5,0
2022-05-05 21:00:00,102.24,30.0,21,3,5,0
2022-05-05 22:00:00,91.11,32.3,22,3,5,0
2022-05-05 23:00:00,83.39,32.7,23,3,5,0
2022-05-06 00:00:00,54.01,31.9,0,4,5,0
2022-05-06 01:00:00,57.09,33.2,1,4,5,0
2022-05-06 02:00:00,57.44,33.7,2,4,5,0
2022-05-06 03:00:00,60.56,35.4,3,4,5,0
2022-05-06 04:00:00,61.69,33.9,4,4,5,0
2022-05-06 05:00:00,60.41,31.8,5,4,5,0
2022-05-06 06:00:00,66.05,32.4,6,4,5,0
2022-05-06 07:00:00,67.15,29.8,7,4,5,0
2022-05-06 08:00:00,75.92,30.9,8,4,5,0
2022-05-06 09:00:00,81.29,28.6,9,4,5,0
2022-05-06 10:00:00,83.66,27.9,10,4,5,0
2022-05-06 11:00:00,82.09,28.2,11,4,5,0
2022-05-06 12:00:00,81.02,25.5,12,4,5,0
2022-05-06 13:00:00,87.12,25.0,13,4,5,0
2022-05-06 14:00:00,86.36,25.5,14,4,5,0
2022-05-06 15:00:00,88.36,27.0,15,4,5,0
2022-05-06 16:00:00,87.28,25.3,16,4,5,0
2022-05-06 17:00:00,91.62,24.9,17,4,5,0
2022-05-06 18:00:00,94.86,27.6,18,4,5,0
2022-05-06 19:00:00,99.21,29.4,19,4,5,0
2022-05-06 20:00:00,100.06,31.0,20,4,5,0
2022-05-06 21:00:00,98.58,30.7,21,4,5,0
2022-05-06 22:00:00,88.48,31.7,22,4,5,0
2022-05-06 23:00:00,81.92,33.8,23,4,5,0
2022-05-07 00:00:00,48.94,32.0,0,5,5,1
2022-05-07 01:00:00,53.01,33.6,1,5,5,1
2022-05-07 02:00:00,52.76,34.2,2,5,5,1
2022-05-07 03:00:00,56.42,34.2,3,5,5,1
2022-05-07 04:00:00,53.08,33.1,4,5,5,1
2022-05-07 05:00:00,57.65,32.9,5,5,5,1
2022-05-07 06:00:00,58.96,30.0,6,5,5,1
2022-05-07 07:00:00,62.96,30.5,7,5,5,1
2022-05-07 08:00:00,65.61,30.4,8,5,5,1
2022-05-07 09:00:00,71.38,28.2,9,5,5,1
2022-05-07 10:00:00,72.3,28.0,10,5,5,1
2022-05-07 11:00:00,72.34,27.5,11,5,5,1
2022-05-07 12:00:00,75.74,26.3,12,5,5,1
2022-05-07 13:00:00,75.85,26.3,13,5,5,1
2022-05-07 14:00:00,76.96,25.2,14,5,5,1
2022-05-07 15:00:00,77.8,26.0,15,5,5,1
2022-05-07 16:00:00,77.19,27.0,16,5,5,1
2022-05-07 17:00:00,87.51,27.3,17,5,5,1
2022-05-07 18:00:00,84.32,27.5,18,5,5,1
2022-05-07 19:00:00,87.63,29.1,19,5,5,1
2022-05-07 20:00:00,90.33,30.6,20,5,5,1
2022-05-07 21:00:00,89.75,29.4,21,5,5,1
2022-05-07 22:00:00,84.48,32.9,22,5,5,1
2022-05-07 23:00:00,75.17,32.6,23,5,5,1
2022-05-08 00:00:00,51.75,33.8,0,6,5,1
2022-05-08 01:00:00,53.87,34.8,1,6,5,1
2022-05-08 02:00:00,52.38,32.9,2,6,5,1
2022-05-08 03:00:00,53.62,33.3,3,6,5,1
2022-05-08 04:00:00,53.64,33.2,4,6,5,1
2022-05-08 05:00:00,54.28,32.2,5,6,5,1
2022-05-08 06:00:00,61.31,33.4,6,6,5,1
2022-05-08 07:00:00,63.06,30.3,7,6,5,1
2022-05-08 08:00:00,67.2,29.6,8,6,5,1
2022-05-08 09:00:00,71.24,29.1,9,6,5,1
2022-05-08 10:00:00,72.81,27.0,10,6,5,1
2022-05-08 11:00:00,73.46,26.9,11,6,5,1
2022-05-08 12:00:00,75.77,26.8,12,6,5,1
2022-05-08 13:00:00,76.82,25.9,13,6,5,1
2022-05-08 14:00:00,78.43,25.9,14,6,5,1
2022-05-08 15:00:00,79.78,25.7,15,6,5,1
2022-05-08 16:00:00,76.97,25.3,16,6,5,1
2022-05-08 17:00:00,84.9,27.4,17,6,5,1
2022-05-08 18:00:00,85.82,29.4,18,6,5,1
2022-05-08 19:00:00,90.39,29.0,19,6,5,1
2022-05-08 20:00:00,89.18,30.2,20,6,5,1
2022-05-08 21:00:00,93.03,31.6,21,6,5,1
2022-05-08 22:00:00,81.51,31.0,22,6,5,1
2022-05-08 23:00:00,73.77,34.2,23,6,5,1
2022-05-09 00:00:00,55.84,33.6,0,0,5,0
2022-05-09 01:00:00,60.18,35.2,1,0,5,0
2022-05-09 02:00:00,57.78,33.4,2,0,5,0
2022-05-09 03:00:00,59.29,35.3,3,0,5,0
2022-05-09 04:00:00,61.14,34.1,4,0,5,0
2022-05-09 05:00:00,60.12,33.3,5,0,5,0
2022-05-09 06:00:00,65.93,32.2,6,0,5,0
2022-05-09 07:00:00,71.91,30.8,7,0,5,0
2022-05-09 08:00:00,77.05,31.0,8,0,5,0
2022-05-09 09:00:00,81.83,29.1,9,0,5,0
2022-05-09 10:00:00,80.14,26.4,10,0,5,0
2022-05-09 11:00:00,82.36,26.3,11,0,5,0
2022-05-09 12:00:00,81.99,26.4,12,0,5,0
2022-05-09 13:00:00,84.65,26.4,13,0,5,0
2022-05-09 14:00:00,85.3,26.0,14,0,5,0
2022-05-09 15:00:00,84.67,27.1,15,0,5,0
2022-05-09 16:00:00,89.06,25.0,16,0,5,0
2022-05-09 17:00:00,89.49,27.3,17,0,5,0
2022-05-09 18:00:00,97.21,26.5,18,0,5,0
2022-05-09 19:00:00,99.33,29.6,19,0,5,0
2022-05-09 20:00:00,99.94,29.9,20,0,5,0
2022-05-09 21:00:00,99.27,31.4,21,0,5,0
2022-05-09 22:00:00,88.01,31.3,22,0,5,0
2022-05-09 23:00:00,82.37,33.9,23,0,5,0
2022-05-10 00:00:00,57.78,34.3,0,1,5,0
2022-05-10 01:00:00,58.24,34.3,1,1,5,0
2022-05-10 02:00:00,57.77,33.9,2,1,5,0
2022-05-10 03:00:00,61.53,34.3,3,1,5,0
2022-05-10 04:00:00,61.49,32.9,4,1,5,0
2022-05-10 05:00:00,61.27,33.5,5,1,5,0
2022-05-10 06:00:00,67.22,33.3,6,1,5,0
2022-05-10 07:00:00,69.31,31.9,7,1,5,0
2022-05-10 08:00:00,73.49,29.4,8,1,5,0
2022-05-10 09:00:00,80.53,29.3,9,1,5,0
2022-05-10 10:00:00,81.54,27.0,10,1,5,0
2022-05-10 11:00:00,81.79,27.6,11,1,5,0
2022-05-10 12:00:00,83.21,26.9,12,1,5,0
2022-05-10 13:00:00,85.03,24.6,13,1,5,0
2022-05-10 14:00:00,86.36,25.1,14,1,5,0
2022-05-10 15:00:00,87.51,25.9,15,1,5,0
2022-05-10 16:00:00,83.59,26.3,16,1,5,0
2022-05-10 17:00:00,93.04,26.2,17,1,5,0
2022-05-10 18:00:00,95.38,28.3,18,1,5,0
2022-05-10 19:00:00,95.55,29.2,19,1,5,0
2022-05-10 20:00:00,98.01,29.8,20,1,5,0
2022-05-10 21:00:00,99.31,30.4,21,1,5,0
2022-05-10 22:00:00,91.64,32.8,22,1,5,0
2022-05-10 23:00:00,83.54,34.2,23,1,5,0
2022-05-11 00:00:00,55.86,33.1,0,2,5,0
2022-05-11 01:00:00,55.1,33.4,1,2,5,0
2022-05-11 02:00:00,60.07,34.4,2,2,5,0
2022-05-11 03:00:00,59.22,33.6,3,2,5,0
2022-05-11 04:00:00,62.35,33.4,4,2,5,0
2022-05-11 05:00:00,60.13,33.4,5,2,5,0
2022-05-11 06:00:00,62.72,30.5,6,2,5,0
2022-05-11 07:00:00,71.22,32.1,7,2,5,0
2022-05-11 08:00:00,75.48,30.1,8,2,5,0
2022-05-11 09:00:00,76.48,28.6,9,2,5,0
2022-05-11 10:00:00,79.73,27.9,10,2,5,0
2022-05-11 11:00:00,83.5,27.1,11,2,5,0
2022-05-11 12:00:00,82.14,25.2,12,2,5,0
2022-05-11 13:00:00,87.98,27.3,13,2,5,0
2022-05-11 14:00:00,86.07,26.0,14,2,5,0
2022-05-11 15:00:00,85.34,26.5,15,2,5,0
2022-05-11 16:00:00,87.82,27.3,16,2,5,0
2022-05-11 17:00:00,96.0,26.4,17,2,5,0
2022-05-11 18:00:00,95.5,28.4,18,2,5,0
2022-05-11 19:00:00,98.64,28.8,19,2,5,0
2022-05-11 20:00:00,103.08,30.7,20,2,5,0
2022-05-11 21:00:00,97.11,29.3,21,2,5,0
2022-05-11 22:00:00,92.91,31.9,22,2,5,0
2022-05-11 23:00:00,79.02,32.3,23,2,5,0
2022-05-12 00:00:00,56.99,33.8,0,3,5,0
2022-05-12 01:00:00,58.05,34.2,1,3,5,0
2022-05-12 02:00:00,59.46,33.4,2,3,5,0
2022-05-12 03:00:00,60.35,33.3,3,3,5,0
2022-05-12 04:00:00,60.93,33.4,4,3,5,0
2022-05-12 05:00:00,60.15,32.1,5,3,5,0
2022-05-12 06:00:00,66.97,32.7,6,3,5,0
2022-05-12 07:00:00,69.88,30.7,7,3,5,0
2022-05-12 08:00:00,73.5,27.7,8,3,5,0
2022-05-12 09:00:00,81.57,28.7,9,3,5,0
2022-05-12 10:00:00,83.39,27.2,10,3,5,0
2022-05-12 11:00:00,82.36,25.9,11,3,5,0
2022-05-12 12:00:00,84.02,25.5,12,3,5,0
2022-05-12 13:00:00,85.89,26.2,13,3,5,0
2022-05-12 14:00:00,84.17,27.1,14,3,5,0
2022-05-12 15:00:00,86.27,26.4,15,3,5,0
2022-05-12 16:00:00,89.44,26.1,16,3,5,0
2022-05-12 17:00:00,91.85,27.5,17,3,5,0
2022-05-12 18:00:00,98.54,27.6,18,3,5,0
2022-05-12 19:00:00,98.48,28.4,19,3,5,0
2022-05-12 20:00:00,98.8,29.1,20,3,5,0
2022-05-12 21:00:00,100.23,29.6,21,3,5,0
2022-05-12 22:00:00,89.59,31.7,22,3,5,0
2022-05-12 23:00:00,81.7,33.0,23,3,5,0
2022-05-13 00:00:00,57.48,33.4,0,4,5,0
2022-05-13 01:00:00,56.68,33.5,1,4,5,0
2022-05-13 02:00:00,59.04,33.2,2,4,5,0
2022-05-13 03:00:00,59.07,34.4,3,4,5,0
2022-05-13 04:00:00,57.89,32.4,4,4,5,0
2022-05-13 05:00:00,63.41,33.4,5,4,5,0
2022-05-13 06:00:00,64.56,31.2,6,4,5,0
2022-05-13 07:00:00,68.75,30.4,7,4,5,0
2022-05-13 08:00:00,75.48,28.8,8,4,5,0
2022-05-13 09:00:00,81.27,28.6,9,4,5,0
2022-05-13 10:00:00,82.4,28.8,10,4,5,0
2022-05-13 11:00:00,81.69,27.6,11,4,5,0
2022-05-13 12:00:00,83.19,27.3,12,4,5,0
2022-05-13 13:00:00,86.26,26.6,13,4,5,0
2022-05-13 14:00:00,87.96,25.1,14,4,5,0
2022-05-13 15:00:00,85.98,25.9,15,4,5,0
2022-05-13 16:00:00,87.1,25.9,16,4,5,0
2022-05-13 17:00:00,93.64,28.2,17,4,5,0
2022-05-13 18:00:00,97.06,27.0,18,4,5,0
2022-05-13 19:00:00,98.56,29.7,19,4,5,0
2022-05-13 20:00:00,97.19,30.7,20,4,5,0
2022-05-13 21:00:00,102.27,32.5,21,4,5,0
2022-05-13 22:00:00,89.57,31.7,22,4,5,0
2022-05-13 23:00:00,83.4,33.4,23,4,5,0
2022-05-14 00:00:00,54.18,35.3,0,5,5,1
2022-05-14 01:00:00,52.07,33.4,1,5,5,1
2022-05-14 02:00:00,51.94,32.8,2,5,5,1
2022-05-14 03:00:00,52.75,32.4,3,5,5,1
2022-05-14 04:00:00,55.77,34.0,4,5,5,1
2022-05-14 05:00:00,52.58,31.3,5,5,5,1
2022-05-14 06:00:00,57.56,31.7,6,5,5,1
2022-05-14 07:00:00,61.24,31.4,7,5,5,1
2022-05-14 08:00:00,69.31,30.1,8,5,5,1
2022-05-14 09:00:00,72.57,29.3,9,5,5,1
2022-05-14 10:00:00,73.45,28.2,10,5,5,1
2022-05-14 11:00:00,76.3,28.2,11,5,5,1
2022-05-14 12:00:00,73.29,25.8,12,5,5,1
2022-05-14 13:00:00,74.37,25.6,13,5,5,1
2022-05-14 14:00:00,78.77,25.4,14,5,5,1
2022-05-14 15:00:00,78.62,26.8,15,5,5,1
2022-05-14 16:00:00,75.3,27.3,16,5,5,1
2022-05-14 17:00:00,84.49,27.5,17,5,5,1
2022-05-14 18:00:00,84.57,28.9,18,5,5,1
2022-05-14 19:00:00,85.24,28.0,19,5,5,1
2022-05-14 20:00:00,90.28,31.3,20,5,5,1
2022-05-14 21:00:00,88.04,32.3,21,5,5,1
2022-05-14 22:00:00,82.43,32.6,22,5,5,1
2022-05-14 23:00:00,74.89,34.3,23,5,5,1
2022-05-15 00:00:00,49.99,32.1,0,6,5,1
2022-05-15 01:00:00,51.82,33.4,1,6,5,1
2022-05-15 02:00:00,53.56,33.4,2,6,5,1
2022-05-15 03:00:00,52.48,34.4,3,6,5,1
2022-05-15 04:00:00,53.0,32.6,4,6,5,1
2022-05-15 05:00:00,56.37,33.4,5,6,5,1
2022-05-15 06:00:00,60.3,33.1,6,6,5,1
2022-05-15 07:00:00,65.19,31.6,7,6,5,1
2022-05-15 08:00:00,65.16,30.2,8,6,5,1
2022-05-15 09:00:00,72.56,28.2,9,6,5,1
2022-05-15 10:00:00,71.92,27.3,10,6,5,1
2022-05-15 11:00:00,73.18,28.2,11,6,5,1
2022-05-15 12:00:00,76.84,27.2,12,6,5,1
2022-05-15 13:00:00,79.07,26.1,13,6,5,1
2022-05-15 14:00:00,79.83,25.7,14,6,5,1
2022-05-15 15:00:00,81.48,24.5,15,6,5,1
2022-05-15 16:00:00,80.21,25.7,16,6,5,1
2022-05-15 17:00:00,82.45,28.7,17,6,5,1
2022-05-15 18:00:00,85.54,27.0,18,6,5,1
2022-05-15 19:00:00,86.18,29.1,19,6,5,1
2022-05-15 20:00:00,94.05,30.8,20,6,5,1
2022-05-15 21:00:00,91.87,30.0,21,6,5,1
2022-05-15 22:00:00,82.5,32.1,22,6,5,1
2022-05-15 23:00:00,76.36,33.6,23,6,5,1
2022-05-16 00:00:00,55.04,33.5,0,0,5,0
2022-05-16 01:00:00,60.76,36.2,1,0,5,0
2022-05-16 02:00:00,56.44,32.7,2,0,5,0
2022-05-16 03:00:00,59.11,34.7,3,0,5,0
2022-05-16 04:00:00,61.03,33.3,4,0,5,0
2022-05-16 05:00:00,62.36,33.4,5,0,5,0
2022-05-16 06:00:00,66.55,32.4,6,0,5,0
2022-05-16 07:00:00,69.21,30.4,7,0,5,0
2022-05-16 08:00:00,73.26,30.2,8,0,5,0
2022-05-16 09:00:00,77.66,27.5,9,0,5,0
2022-05-16 10:00:00,79.51,28.5,10,0,5,0
2022-05-16 11:00:00,82.22,27.4,11,0,5,0
2022-05-16 12:00:00,85.34,27.0,12,0,5,0
2022-05-16 13:00:00,87.48,27.0,13,0,5,0
2022-05-16 14:00:00,84.11,26.3,14,0,5,0
2022-05-16 15:00:00,85.68,26.3,15,0,5,0
2022-05-16 16:00:00,85.64,25.8,16,0,5,0
2022-05-16 17:00:00,88.71,26.6,17,0,5,0
2022-05-16 18:00:00,95.77,28.9,18,0,5,0
2022-05-16 19:00:00,97.22,30.1,19,0,5,0
2022-05-16 20:00:00,98.69,29.8,20,0,5,0
2022-05-16 21:00:00,103.49,31.1,21,0,5,0
2022-05-16 22:00:00,90.78,31.3,22,0,5,0
2022-05-16 23:00:00,82.42,33.8,23,0,5,0
2022-05-17 00:00:00,57.37,34.0,0,1,5,0
2022-05-17 01:00:00,60.6,35.4,1,1,5,0
2022-05-17 02:00:00,58.39,33.3,2,1,5,0
2022-05-17 03:00:00,60.22,33.6,3,1,5,0
2022-05-17 04:00:00,60.42,33.6,4,1,5,0
2022-05-17 05:00:00,61.19,33.3,5,1,5,0
2022-05-17 06:00:00,65.43,31.8,6,1,5,0
2022-05-17 07:00:00,68.36,30.3,7,1,5,0
2022-05-17 08:00:00,74.83,30.7,8,1,5,0
2022-05-17 09:00:00,82.07,29.5,9,1,5,0
2022-05-17 10:00:00,84.07,27.3,10,1,5,0
2022-05-17 11:00:00,85.07,28.3,11,1,5,0
2022-05-17 12:00:00,81.55,27.5,12,1,5,0
2022-05-17 13:00:00,83.46,26.2,13,1,5,0
2022-05-17 14:00:00,84.86,26.1,14,1,5,0
2022-05-17 15:00:00,87.04,26.6,15,1,5,0
2022-05-17 16:00:00,82.21,25.8,16,1,5,0
2022-05-17 17:00:00,92.13,27.2,17,1,5,0
2022-05-17 18:00:00,97.28,26.3,18,1,5,0
2022-05-17 19:00:00,98.97,29.7,19,1,5,0
2022-05-17 20:00:00,96.99,28.8,20,1,5,0
2022-05-17 21:00:00,101.5,32.2,21,1,5,0
2022-05-17 22:00:00,92.06,31.7,22,1,5,0
2022-05-17 23:00:00,83.09,32.7,23,1,5,0
2022-05-18 00:00:00,55.11,33.0,0,2,5,0
2022-05-18 01:00:00,57.17,33.6,1,2,5,0
2022-05-18 02:00:00,59.69,35.1,2,2,5,0
2022-05-18 03:00:00,56.12,31.9,3,2,5,0
2022-05-18 04:00:00,61.43,34.5,4,2,5,0
2022-05-18 05:00:00,60.72,33.1,5,2,5,0
2022-05-18 06:00:00,62.86,31.0,6,2,5,0
2022-05-18 07:00:00,70.03,30.2,7,2,5,0
2022-05-18 08:00:00,77.01,31.3,8,2,5,0
2022-05-18 09:00:00,80.45,28.2,9,2,5,0
2022-05-18 10:00:00,79.82,27.1,10,2,5,0
2022-05-18 11:00:00,79.49,28.1,11,2,5,0
2022-05-18 12:00:00,84.38,26.8,12,2,5,0
2022-05-18 13:00:00,84.68,25.4,13,2,5,0
2022-05-18 14:00:00,85.36,26.2,14,2,5,0
2022-05-18 15:00:00,84.76,25.3,15,2,5,0
2022-05-18 16:00:00,86.37,27.4,16,2,5,0
2022-05-18 17:00:00,95.95,28.0,17,2,5,0
2022-05-18 18:00:00,93.85,28.4,18,2,5,0
2022-05-18 19:00:00,94.72,29.3,19,2,5,0
2022-05-18 20:00:00,102.02,31.4,20,2,5,0
2022-05-18 21:00:00,101.19,31.0,21,2,5,0
2022-05-18 22:00:00,86.88,31.1,22,2,5,0
2022-05-18 23:00:00,83.3,33.2,23,2,5,0
2022-05-19 00:00:00,60.18,35.1,0,3,5,0
2022-05-19 01:00:00,54.25,33.1,1,3,5,0
2022-05-19 02:00:00,57.34,33.7,2,3,5,0
2022-05-19 03:00:00,57.33,34.2,3,3,5,0
2022-05-19 04:00:00,60.26,33.4,4,3,5,0
2022-05-19 05:00:00,60.76,32.0,5,3,5,0
2022-05-19 06:00:00,66.74,32.9,6,3,5,0
2022-05-19 07:00:00,74.22,32.9,7,3,5,0
2022-05-19 08:00:00,76.18,30.2,8,3,5,0
2022-05-19 09:00:00,81.96,28.2,9,3,5,0
2022-05-19 10:00:00,82.77,26.8,10,3,5,0
2022-05-19 11:00:00,81.95,27.4,11,3,5,0
2022-05-19 12:00:00,83.75,27.4,12,3,5,0
2022-05-19 13:00:00,84.35,26.5,13,3,5,0
2022-05-19 14:00:00,86.44,26.0,14,3,5,0
2022-05-19 15:00:00,86.92,25.7,15,3,5,0
2022-05-19 16:00:00,86.68,25.7,16,3,5,0
2022-05-19 17:00:00,95.53,27.8,17,3,5,0
2022-05-19 18:00:00,94.17,28.7,18,3,5,0
2022-05-19 19:00:00,94.65,27.7,19,3,5,0
2022-05-19 20:00:00,99.09,31.3,20,3,5,0
2022-05-19 21:00:00,102.68,31.5,21,3,5,0
2022-05-19 22:00:00,90.47,33.1,22,3,5,0
2022-05-19 23:00:00,80.36,31.8,23,3,5,0
2022-05-20 00:00:00,56.17,32.4,0,4,5,0
2022-05-20 01:00:00,57.81,33.7,1,4,5,0
2022-05-20 02:00:00,59.34,34.4,2,4,5,0
2022-05-20 03:00:00,61.52,35.3,3,4,5,0
2022-05-20 04:00:00,59.98,34.0,4,4,5,0
2022-05-20 05:00:00,59.53,32.6,5,4,5,0
2022-05-20 06:00:00,64.35,31.2,6,4,5,0
2022-05-20 07:00:00,71.71,32.0,7,4,5,0
2022-05-20 08:00:00,75.14,29.2,8,4,5,0
2022-05-20 09:00:00,81.11,30.3,9,4,5,0
2022-05-20 10:00:00,83.06,27.8,10,4,5,0
2022-05-20 11:00:00,85.09,28.4,11,4,5,0
2022-05-20 12:00:00,84.9,27.1,12,4,5,0
2022-05-20 13:00:00,87.74,26.0,13,4,5,0
2022-05-20 14:00:00,85.19,25.6,14,4,5,0
2022-05-20 15:00:00,84.93,25.9,15,4,5,0
2022-05-20 16:00:00,87.67,26.9,16,4,5,0
2022-05-20 17:00:00,90.81,27.2,17,4,5,0
2022-05-20 18:00:00,94.24,27.5,18,4,5,0
2022-05-20 19:00:00,97.75,28.8,19,4,5,0
2022-05-20 20:00:00,101.87,30.1,20,4,5,0
2022-05-20 21:00:00,98.35,29.3,21,4,5,0
2022-05-20 22:00:00,90.88,32.4,22,4,5,0
2022-05-20 23:00:00,81.36,32.0,23,4,5,0
2022-05-21 00:00:00,48.91,32.5,0,5,5,1
2022-05-21 01:00:00,50.72,32.5,1,5,5,1
2022-05-21 02:00:00,51.96,32.6,2,5,5,1
2022-05-21 03:00:00,53.13,32.8,3,5,5,1
2022-05-21 04:00:00,54.32,32.9,4,5,5,1
2022-05-21 05:00:00,56.1,34.4,5,5,5,1
2022-05-21 06:00:00,58.01,31.6,6,5,5,1
2022-05-21 07:00:00,62.67,31.2,7,5,5,1
2022-05-21 08:00:00,65.53,30.3,8,5,5,1
2022-05-21 09:00:00,72.1,29.1,9,5,5,1
2022-05-21 10:00:00,74.26,27.9,10,5,5,1
2022-05-21 11:00:00,75.57,26.2,11,5,5,1
2022-05-21 12:00:00,74.86,27.7,12,5,5,1
2022-05-21 13:00:00,75.87,27.6,13,5,5,1
2022-05-21 14:00:00,79.36,24.7,14,5,5,1
2022-05-21 15:00:00,79.18,25.3,15,5,5,1
2022-05-21 16:00:00,78.49,26.3,16,5,5,1
2022-05-21 17:00:00,86.92,26.4,17,5,5,1
2022-05-21 18:00:00,85.24,28.4,18,5,5,1
2022-05-21 19:00:00,86.24,28.4,19,5,5,1
2022-05-21 20:00:00,90.64,31.7,20,5,5,1
2022-05-21 21:00:00,89.31,32.0,21,5,5,1
2022-05-21 22:00:00,84.03,32.2,22,5,5,1
2022-05-21 23:00:00,75.05,33.7,23,5,5,1
2022-05-22 00:00:00,52.59,34.3,0,6,5,1
2022-05-22 01:00:00,53.78,33.4,1,6,5,1
2022-05-22 02:00:00,52.41,33.3,2,6,5,1
2022-05-22 03:00:00,52.09,33.9,3,6,5,1
2022-05-22 04:00:00,56.29,34.2,4,6,5,1
2022-05-22 05:00:00,55.36,32.9,5,6,5,1
2022-05-22 06:00:00,56.93,30.7,6,6,5,1
2022-05-22 07:00:00,63.17,30.4,7,6,5,1
2022-05-22 08:00:00,68.4,29.9,8,6,5,1
2022-05-22 09:00:00,70.05,28.9,9,6,5,1
2022-05-22 10:00:00,73.15,29.6,10,6,5,1
2022-05-22 11:00:00,76.63,26.1,11,6,5,1
2022-05-22 12:00:00,74.14,26.9,12,6,5,1
2022-05-22 13:00:00,77.29,27.3,13,6,5,1
2022-05-22 14:00:00,73.83,27.8,14,6,5,1
2022-05-22 15:00:00,75.71,25.8,15,6,5,1
2022-05-22 16:00:00,78.39,26.9,16,6,5,1
2022-05-22 17:00:00,86.01,27.6,17,6,5,1
2022-05-22 18:00:00,82.84,28.2,18,6,5,1
2022-05-22 19:00:00,86.85,28.9,19,6,5,1
2022-05-22 20:00:00,89.01,30.3,20,6,5,1
2022-05-22 21:00:00,90.39,29.0,21,6,5,1
2022-05-22 22:00:00,81.27,32.5,22,6,5,1
2022-05-22 23:00:00,74.87,32.9,23,6,5,1
2022-05-23 00:00:00,55.35,33.3,0,0,5,0
2022-05-23 01:00:00,59.9,35.5,1,0,5,0
2022-05-23 02:00:00,58.41,33.5,2,0,5,0
2022-05-23 03:00:00,59.14,33.5,3,0,5,0
2022-05-23 04:00:00,62.87,35.1,4,0,5,0
2022-05-23 05:00:00,60.0,32.2,5,0,5,0
2022-05-23 06:00:00,64.9,31.6,6,0,5,0
2022-05-23 07:00:00,69.58,30.9,7,0,5,0
2022-05-23 08:00:00,75.73,30.7,8,0,5,0
2022-05-23 09:00:00,79.86,29.1,9,0,5,0
2022-05-23 10:00:00,79.48,27.0,10,0,5,0
2022-05-23 11:00:00,82.04,26.7,11,0,5,0
2022-05-23 12:00:00,81.97,26.1,12,0,5,0
2022-05-23 13:00:00,85.69,26.1,13,0,5,0
2022-05-23 14:00:00,85.85,26.3,14,0,5,0
2022-05-23 15:00:00,88.08,26.5,15,0,5,0
2022-05-23 16:00:00,87.92,25.1,16,0,5,0
2022-05-23 17:00:00,91.55,28.0,17,0,5,0
2022-05-23 18:00:00,94.75,28.2,18,0,5,0
2022-05-23 19:00:00,98.83,30.1,19,0,5,0
2022-05-23 20:00:00,99.29,30.4,20,0,5,0
2022-05-23 21:00:00,100.59,31.9,21,0,5,0
2022-05-23 22:00:00,90.14,32.4,22,0,5,0
2022-05-23 23:00:00,84.42,33.9,23,0,5,0
2022-05-24 00:00:00,57.57,33.9,0,1,5,0
2022-05-24 01:00:00,57.43,33.8,1,1,5,0
2022-05-24 02:00:00,61.86,35.8,2,1,5,0
2022-05-24 03:00:00,57.69,34.6,3,1,5,0
2022-05-24 04:00:00,62.32,33.9,4,1,5,0
2022-05-24 05:00:00,59.31,31.8,5,1,5,0
2022-05-24 06:00:00,64.5,31.0,6,1,5,0
2022-05-24 07:00:00,70.11,31.3,7,1,5,0
2022-05-24 08:00:00,76.84,30.1,8,1,5,0
2022-05-24 09:00:00,77.82,28.5,9,1,5,0
2022-05-24 10:00:00,83.25,28.1,10,1,5,0
2022-05-24 11:00:00,83.2,28.4,11,1,5,0
2022-05-24 12:00:00,84.63,27.1,12,1,5,0
2022-05-24 13:00:00,85.23,25.2,13,1,5,0
2022-05-24 14:00:00,84.67,25.9,14,1,5,0
2022-05-24 15:00:00,88.34,25.5,15,1,5,0
2022-05-24 16:00:00,87.33,26.2,16,1,5,0
2022-05-24 17:00:00,95.57,26.8,17,1,5,0
2022-05-24 18:00:00,94.41,27.6,18,1,5,0
2022-05-24 19:00:00,95.58,28.0,19,1,5,0
2022-05-24 20:00:00,101.58,29.9,20,1,5,0
2022-05-24 21:00:00,103.94,30.6,21,1,5,0
2022-05-24 22:00:00,88.73,29.7,22,1,5,0
2022-05-24 23:00:00,82.79,34.5,23,1,5,0
2022-05-25 00:00:00,57.96,34.3,0,2,5,0
2022-05-25 01:00:00,57.15,33.6,1,2,5,0
2022-05-25 02:00:00,59.54,34.0,2,2,5,0
2022-05-25 03:00:00,58.41,32.9,3,2,5,0
2022-05-25 04:00:00,63.64,34.8,4,2,5,0
2022-05-25 05:00:00,61.73,34.3,5,2,5,0
2022-05-25 06:00:00,66.22,32.1,6,2,5,0
2022-05-25 07:00:00,70.61,31.9,7,2,5,0
2022-05-25 08:00:00,74.51,30.1,8,2,5,0
2022-05-25 09:00:00,78.79,27.9,9,2,5,0
2022-05-25 10:00:00,82.12,27.7,10,2,5,0
2022-05-25 11:00:00,84.02,27.3,11,2,5,0
2022-05-25 12:00:00,84.52,26.2,12,2,5,0
2022-05-25 13:00:00,85.58,26.0,13,2,5,0
2022-05-25 14:00:00,87.05,25.9,14,2,5,0
2022-05-25 15:00:00,88.29,26.1,15,2,5,0
2022-05-25 16:00:00,88.34,26.6,16,2,5,0
2022-05-25 17:00:00,88.44,26.3,17,2,5,0
2022-05-25 18:00:00,94.27,27.4,18,2,5,0
2022-05-25 19:00:00,95.94,27.9,19,2,5,0
2022-05-25 20:00:00,101.33,30.8,20,2,5,0
2022-05-25 21:00:00,98.82,29.4,21,2,5,0
2022-05-25 22:00:00,93.75,32.9,22,2,5,0
2022-05-25 23:00:00,81.59,33.9,23,2,5,0
2022-05-26 00:00:00,56.11,33.2,0,3,5,0
2022-05-26 01:00:00,56.12,31.8,1,3,5,0
2022-05-26 02:00:00,57.1,33.7,2,3,5,0
2022-05-26 03:00:00,62.32,33.8,3,3,5,0
2022-05-26 04:00:00,60.73,32.7,4,3,5,0
2022-05-26 05:00:00,60.2,32.4,5,3,5,0
2022-05-26 06:00:00,66.01,33.2,6,3,5,0
2022-05-26 07:00:00,70.66,31.6,7,3,5,0
2022-05-26 08:00:00,74.06,29.3,8,3,5,0
2022-05-26 09:00:00,80.07,27.7,9,3,5,0
2022-05-26 10:00:00,83.29,27.7,10,3,5,0
2022-05-26 11:00:00,81.84,27.0,11,3,5,0
2022-05-26 12:00:00,84.53,26.9,12,3,5,0
2022-05-26 13:00:00,83.67,25.7,13,3,5,0
2022-05-26 14:00:00,86.14,26.4,14,3,5,0
2022-05-26 15:00:00,87.44,27.7,15,3,5,0
2022-05-26 16:00:00,87.95,27.2,16,3,5,0
2022-05-26 17:00:00,91.84,27.1,17,3,5,0
2022-05-26 18:00:00,93.97,27.9,18,3,5,0
2022-05-26 19:00:00,99.0,28.7,19,3,5,0
2022-05-26 20:00:00,102.36,30.9,20,3,5,0
2022-05-26 21:00:00,100.65,30.5,21,3,5,0
2022-05-26 22:00:00,87.76,32.0,22,3,5,0
2022-05-26 23:00:00,85.64,32.9,23,3,5,0
2022-05-27 00:00:00,55.72,33.1,0,4,5,0
2022-05-27 01:00:00,56.13,32.8,1,4,5,0
2022-05-27 02:00:00,58.78,34.3,2,4,5,0
2022-05-27 03:00:00,60.14,33.8,3,4,5,0
2022-05-27 04:00:00,61.34,33.9,4,4,5,0
2022-05-27 05:00:00,61.2,32.4,5,4,5,0
2022-05-27 06:00:00,65.65,33.0,6,4,5,0
2022-05-27 07:00:00,68.92,30.3,7,4,5,0
2022-05-27 08:00:00,79.29,31.4,8,4,5,0
2022-05-27 09:00:00,79.74,27.6,9,4,5,0
2022-05-27 10:00:00,80.73,28.3,10,4,5,0
2022-05-27 11:00:00,81.11,27.6,11,4,5,0
2022-05-27 12:00:00,84.44,25.9,12,4,5,0
2022-05-27 13:00:00,87.43,26.5,13,4,5,0
2022-05-27 14:00:00,88.25,27.0,14,4,5,0
2022-05-27 15:00:00,86.39,24.4,15,4,5,0
2022-05-27 16:00:00,87.41,26.9,16,4,5,0
2022-05-27 17:00:00,96.11,25.2,17,4,5,0
2022-05-27 18:00:00,96.68,27.2,18,4,5,0
2022-05-27 19:00:00,96.48,30.3,19,4,5,0
2022-05-27 20:00:00,93.82,29.5,20,4,5,0
2022-05-27 21:00:00,100.34,30.1,21,4,5,0
2022-05-27 22:00:00,92.56,31.8,22,4,5,0
2022-05-27 23:00:00,82.3,34.5,23,4,5,0
2022-05-28 00:00:00,49.33,32.0,0,5,5,1
2022-05-28 01:00:00,51.23,33.0,1,5,5,1
2022-05-28 02:00:00,55.19,35.2,2,5,5,1
2022-05-28 03:00:00,55.6,35.3,3,5,5,1
2022-05-28 04:00:00,56.17,33.4,4,5,5,1
2022-05-28 05:00:00,54.02,31.8,5,5,5,1
2022-05-28 06:00:00,60.35,33.7,6,5,5,1
2022-05-28 07:00:00,66.12,32.3,7,5,5,1
2022-05-28 08:00:00,66.27,30.5,8,5,5,1
2022-05-28 09:00:00,73.39,28.3,9,5,5,1
2022-05-28 10:00:00,74.41,28.0,10,5,5,1
2022-05-28 11:00:00,76.49,27.0,11,5,5,1
2022-05-28 12:00:00,75.03,26.8,12,5,5,1
2022-05-28 13:00:00,76.38,27.3,13,5,5,1
2022-05-28 14:00:00,78.27,26.7,14,5,5,1
2022-05-28 15:00:00,78.0,25.3,15,5,5,1
2022-05-28 16:00:00,77.07,27.6,16,5,5,1
2022-05-28 17:00:00,82.88,27.4,17,5,5,1
2022-05-28 18:00:00,84.63,28.5,18,5,5,1
2022-05-28 19:00:00,85.9,30.1,19,5,5,1
2022-05-28 20:00:00,89.52,29.1,20,5,5,1
2022-05-28 21:00:00,90.92,31.0,21,5,5,1
2022-05-28 22:00:00,81.7,31.6,22,5,5,1
2022-05-28 23:00:00,71.06,31.6,23,5,5,1
2022-05-29 00:00:00,50.26,33.7,0,6,5,1
2022-05-29 01:00:00,56.87,35.9,1,6,5,1
2022-05-29 02:00:00,51.22,32.5,2,6,5,1
2022-05-29 03:00:00,54.98,33.8,3,6,5,1
2022-05-29 04:00:00,55.72,34.0,4,6,5,1
2022-05-29 05:00:00,52.24,32.9,5,6,5,1
2022-05-29 06:00:00,61.32,31.9,6,6,5,1
2022-05-29 07:00:00,63.06,30.0,7,6,5,1
2022-05-29 08:00:00,66.6,30.2,8,6,5,1
2022-05-29 09:00:00,71.42,28.4,9,6,5,1
2022-05-29 10:00:00,71.14,26.2,10,6,5,1
2022-05-29 11:00:00,77.17,28.1,11,6,5,1
2022-05-29 12:00:00,73.84,27.3,12,6,5,1
2022-05-29 13:00:00,76.34,26.2,13,6,5,1
2022-05-29 14:00:00,76.94,26.2,14,6,5,1
2022-05-29 15:00:00,78.27,27.0,15,6,5,1
2022-05-29 16:00:00,80.38,26.7,16,6,5,1
2022-05-29 17:00:00,87.0,27.9,17,6,5,1
2022-05-29 18:00:00,84.57,27.8,18,6,5,1
2022-05-29 19:00:00,88.6,30.0,19,6,5,1
2022-05-29 20:00:00,89.85,30.3,20,6,5,1
2022-05-29 21:00:00,89.43,31.2,21,6,5,1
2022-05-29 22:00:00,85.51,31.0,22,6,5,1
2022-05-29 23:00:00,76.47,33.1,23,6,5,1
2022-05-30 00:00:00,55.56,32.8,0,0,5,0
2022-05-30 01:00:00,58.71,33.4,1,0,5,0
2022-05-30 02:00:00,59.31,33.3,2,0,5,0
2022-05-30 03:00:00,58.88,33.0,3,0,5,0
2022-05-30 04:00:00,62.83,35.2,4,0,5,0
2022-05-30 05:00:00,63.6,33.9,5,0,5,0
2022-05-30 06:00:00,66.23,33.5,6,0,5,0
2022-05-30 07:00:00,71.22,30.1,7,0,5,0
2022-05-30 08:00:00,74.59,30.1,8,0,5,0
2022-05-30 09:00:00,81.69,27.9,9,0,5,0
2022-05-30 10:00:00,80.99,27.4,10,0,5,0
2022-05-30 11:00:00,83.11,26.4,11,0,5,0
2022-05-30 12:00:00,83.59,27.5,12,0,5,0
2022-05-30 13:00:00,84.9,25.8,13,0,5,0
2022-05-30 14:00:00,86.37,26.9,14,0,5,0
2022-05-30 15:00:00,89.08,26.6,15,0,5,0
2022-05-30 16:00:00,83.02,28.4,16,0,5,0
2022-05-30 17:00:00,90.99,26.0,17,0,5,0
2022-05-30 18:00:00,93.46,29.0,18,0,5,0
2022-05-30 19:00:00,95.46,29.9,19,0,5,0
2022-05-30 20:00:00,100.97,29.2,20,0,5,0
2022-05-30 21:00:00,104.16,31.8,21,0,5,0
2022-05-30 22:00:00,92.82,32.3,22,0,5,0
2022-05-30 23:00:00,80.68,32.6,23,0,5,0
2022-05-31 00:00:00,56.66,32.8,0,1,5,0
2022-05-31 01:00:00,55.48,33.3,1,1,5,0
2022-05-31 02:00:00,63.0,35.6,2,1,5,0
2022-05-31 03:00:00,59.18,33.9,3,1,5,0
2022-05-31 04:00:00,60.9,34.1,4,1,5,0
2022-05-31 05:00:00,59.5,32.2,5,1,5,0
2022-05-31 06:00:00,63.56,31.4,6,1,5,0
2022-05-31 07:00:00,73.7,31.9,7,1,5,0
2022-05-31 08:00:00,74.68,28.9,8,1,5,0
2022-05-31 09:00:00,81.23,28.6,9,1,5,0
2022-05-31 10:00:00,79.12,28.0,10,1,5,0
2022-05-31 11:00:00,82.86,27.3,11,1,5,0
2022-05-31 12:00:00,84.46,26.4,12,1,5,0
2022-05-31 13:00:00,86.2,26.5,13,1,5,0
2022-05-31 14:00:00,84.91,26.6,14,1,5,0
2022-05-31 15:00:00,88.58,26.7,15,1,5,0
2022-05-31 16:00:00,87.02,25.7,16,1,5,0
2022-05-31 17:00:00,91.49,26.9,17,1,5,0
2022-05-31 18:00:00,91.44,29.0,18,1,5,0
2022-05-31 19:00:00,98.29,29.7,19,1,5,0
2022-05-31 20:00:00,102.47,28.9,20,1,5,0
2022-05-31 21:00:00,99.34,31.3,21,1,5,0
2022-05-31 22:00:00,89.84,30.4,22,1,5,0
2022-05-31 23:00:00,83.59,32.9,23,1,5,0
2022-06-01 00:00:00,57.24,35.7,0,2,6,0
2022-06-01 01:00:00,56.76,33.8,1,2,6,0
2022-06-01 02:00:00,57.78,34.1,2,2,6,0
2022-06-01 03:00:00,62.01,35.2,3,2,6,0
2022-06-01 04:00:00,60.8,33.0,4,2,6,0
2022-06-01 05:00:00,60.76,33.1,5,2,6,0
2022-06-01 06:00:00,65.5,33.2,6,2,6,0
2022-06-01 07:00:00,69.42,31.3,7,2,6,0
2022-06-01 08:00:00,73.93,30.5,8,2,6,0
2022-06-01 09:00:00,78.87,30.3,9,2,6,0
2022-06-01 10:00:00,80.32,29.1,10,2,6,0
2022-06-01 11:00:00,82.83,28.1,11,2,6,0
2022-06-01 12:00:00,83.76,27.0,12,2,6,0
2022-06-01 13:00:00,85.07,27.2,13,2,6,0
2022-06-01 14:00:00,86.23,26.6,14,2,6,0
2022-06-01 15:00:00,86.0,27.2,15,2,6,0
2022-06-01 16:00:00,84.01,26.9,16,2,6,0
2022-06-01 17:00:00,92.72,27.8,17,2,6,0
2022-06-01 18:00:00,92.97,27.9,18,2,6,0
2022-06-01 19:00:00,93.97,29.7,19,2,6,0
2022-06-01 20:00:00,99.17,30.1,20,2,6,0
2022-06-01 21:00:00,98.83,30.9,21,2,6,0
2022-06-01 22:00:00,92.24,32.9,22,2,6,0
2022-06-01 23:00:00,83.56,33.7,23,2,6,0
2022-06-02 00:00:00,56.47,34.8,0,3,6,0
2022-06-02 01:00:00,57.92,34.3,1,3,6,0
2022-06-02 02:00:00,58.03,35.1,2,3,6,0
2022-06-02 03:00:00,62.33,35.0,3,3,6,0
2022-06-02 04:00:00,59.93,34.6,4,3,6,0
2022-06-02 05:00:00,59.81,32.9,5,3,6,0
2022-06-02 06:00:00,67.69,32.9,6,3,6,0
2022-06-02 07:00:00,70.65,32.1,7,3,6,0
2022-06-02 08:00:00,73.38,30.7,8,3,6,0
2022-06-02 09:00:00,79.85,28.0,9,3,6,0
2022-06-02 10:00:00,81.41,28.9,10,3,6,0
2022-06-02 11:00:00,81.78,29.7,11,3,6,0
2022-06-02 12:00:00,82.15,27.0,12,3,6,0
2022-06-02 13:00:00,84.38,26.3,13,3,6,0
2022-06-02 14:00:00,85.79,27.0,14,3,6,0
2022-06-02 15:00:00,83.03,27.1,15,3,6,0
2022-06-02 16:00:00,85.84,28.2,16,3,6,0
2022-06-02 17:00:00,95.57,26.9,17,3,6,0
2022-06-02 18:00:00,92.77,29.3,18,3,6,0
2022-06-02 19:00:00,95.96,30.2,19,3,6,0
2022-06-02 20:00:00,96.89,30.6,20,3,6,0
2022-06-02 21:00:00,102.43,32.0,21,3,6,0
2022-06-02 22:00:00,94.7,33.6,22,3,6,0
2022-06-02 23:00:00,84.76,34.3,23,3,6,0
2022-06-03 00:00:00,54.38,33.3,0,4,6,0
2022-06-03 01:00:00,59.52,35.3,1,4,6,0
2022-06-03 02:00:00,60.79,34.7,2,4,6,0
2022-06-03 03:00:00,60.93,34.7,3,4,6,0
2022-06-03 04:00:00,61.48,34.3,4,4,6,0
2022-06-03 05:00:00,60.45,33.4,5,4,6,0
2022-06-03 06:00:00,67.35,33.7,6,4,6,0
2022-06-03 07:00:00,72.05,31.7,7,4,6,0
2022-06-03 08:00:00,74.42,29.8,8,4,6,0
2022-06-03 09:00:00,77.39,29.4,9,4,6,0
2022-06-03 10:00:00,79.66,28.9,10,4,6,0
2022-06-03 11:00:00,83.82,28.9,11,4,6,0
2022-06-03 12:00:00,83.49,27.8,12,4,6,0
2022-06-03 13:00:00,85.28,26.2,13,4,6,0
2022-06-03 14:00:00,85.22,28.7,14,4,6,0
2022-06-03 15:00:00,88.08,27.1,15,4,6,0
2022-06-03 16:00:00,88.86,28.3,16,4,6,0
2022-06-03 17:00:00,94.66,27.8,17,4,6,0
2022-06-03 18:00:00,96.83,29.2,18,4,6,0
2022-06-03 19:00:00,96.61,30.4,19,4,6,0
2022-06-03 20:00:00,99.48,31.7,20,4,6,0
2022-06-03 21:00:00,101.72,32.6,21,4,6,0
2022-06-03 22:00:00,92.53,33.4,22,4,6,0
2022-06-03 23:00:00,83.93,33.3,23,4,6,0
2022-06-04 00:00:00,52.14,33.7,0,5,6,1
2022-06-04 01:00:00,53.93,34.9,1,5,6,1
2022-06-04 02:00:00,53.64,35.5,2,5,6,1
2022-06-04 03:00:00,52.97,34.4,3,5,6,1
2022-06-04 04:00:00,56.61,35.0,4,5,6,1
2022-06-04 05:00:00,57.88,34.7,5,5,6,1
2022-06-04 06:00:00,58.81,32.0,6,5,6,1
2022-06-04 07:00:00,65.47,31.1,7,5,6,1
2022-06-04 08:00:00,66.12,30.6,8,5,6,1
2022-06-04 09:00:00,70.17,29.9,9,5,6,1
2022-06-04 10:00:00,71.3,28.3,10,5,6,1
2022-06-04 11:00:00,72.64,29.0,11,5,6,1
2022-06-04 12:00:00,75.51,27.6,12,5,6,1
2022-06-04 13:00:00,75.89,26.9,13,5,6,1
2022-06-04 14:00:00,74.98,25.6,14,5,6,1
2022-06-04 15:00:00,78.98,25.8,15,5,6,1
2022-06-04 16:00:00,74.63,27.5,16,5,6,1
2022-06-04 17:00:00,81.31,26.2,17,5,6,1
2022-06-04 18:00:00,82.31,29.5,18,5,6,1
2022-06-04 19:00:00,87.12,29.6,19,5,6,1
2022-06-04 20:00:00,92.95,33.3,20,5,6,1
2022-06-04 21:00:00,97.0,33.6,21,5,6,1
2022-06-04 22:00:00,84.3,32.6,22,5,6,1
2022-06-04 23:00:00,76.52,33.5,23,5,6,1
2022-06-05 00:00:00,52.85,35.0,0,6,6,1
2022-06-05 01:00:00,53.77,36.0,1,6,6,1
2022-06-05 02:00:00,52.68,33.4,2,6,6,1
2022-06-05 03:00:00,53.86,33.2,3,6,6,1
2022-06-05 04:00:00,55.53,33.7,4,6,6,1
2022-06-05 05:00:00,55.6,34.0,5,6,6,1
2022-06-05 06:00:00,60.8,33.1,6,6,6,1
2022-06-05 07:00:00,63.63,32.6,7,6,6,1
2022-06-05 08:00:00,65.21,29.8,8,6,6,1
2022-06-05 09:00:00,69.23,27.8,9,6,6,1
2022-06-05 10:00:00,72.84,29.4,10,6,6,1
2022-06-05 11:00:00,71.9,27.2,11,6,6,1
2022-06-05 12:00:00,74.01,25.7,12,6,6,1
2022-06-05 13:00:00,78.04,27.0,13,6,6,1
2022-06-05 14:00:00,75.83,27.4,14,6,6,1
2022-06-05 15:00:00,76.69,26.8,15,6,6,1
2022-06-05 16:00:00,77.64,26.9,16,6,6,1
2022-06-05 17:00:00,83.63,27.8,17,6,6,1
2022-06-05 18:00:00,83.72,28.4,18,6,6,1
2022-06-05 19:00:00,87.46,28.6,19,6,6,1
2022-06-05 20:00:00,89.98,30.2,20,6,6,1
2022-06-05 21:00:00,93.88,32.2,21,6,6,1
2022-06-05 22:00:00,83.13,33.0,22,6,6,1
2022-06-05 23:00:00,73.9,33.7,23,6,6,1
2022-06-06 00:00:00,55.04,33.4,0,0,6,0
2022-06-06 01:00:00,58.37,34.5,1,0,6,0
2022-06-06 02:00:00,56.94,33.0,2,0,6,0
2022-06-06 03:00:00,59.83,34.7,3,0,6,0
2022-06-06 04:00:00,61.71,35.3,4,0,6,0
2022-06-06 05:00:00,59.03,32.4,5,0,6,0
2022-06-06 06:00:00,65.64,32.3,6,0,6,0
2022-06-06 07:00:00,69.02,32.0,7,0,6,0
2022-06-06 08:00:00,76.66,31.7,8,0,6,0
2022-06-06 09:00:00,80.15,29.3,9,0,6,0
2022-06-06 10:00:00,79.47,28.2,10,0,6,0
2022-06-06 11:00:00,84.93,26.3,11,0,6,0
2022-06-06 12:00:00,83.01,27.4,12,0,6,0
2022-06-06 13:00:00,82.55,28.5,13,0,6,0
2022-06-06 14:00:00,85.67,27.0,14,0,6,0
2022-06-06 15:00:00,86.24,26.9,15,0,6,0
2022-06-06 16:00:00,86.87,27.5,16,0,6,0
2022-06-06 17:00:00,91.98,27.9,17,0,6,0
2022-06-06 18:00:00,92.2,28.1,18,0,6,0
2022-06-06 19:00:00,95.27,30.4,19,0,6,0
2022-06-06 20:00:00,98.23,30.9,20,0,6,0
2022-06-06 21:00:00,100.01,31.8,21,0,6,0
2022-06-06 22:00:00,88.9,32.0,22,0,6,0
2022-06-06 23:00:00,82.33,34.6,23,0,6,0
2022-06-07 00:00:00,57.89,34.7,0,1,6,0
2022-06-07 01:00:00,59.33,34.2,1,1,6,0
2022-06-07 02:00:00,61.08,35.5,2,1,6,0
2022-06-07 03:00:00,61.14,34.2,3,1,6,0
2022-06-07 04:00:00,61.15,33.6,4,1,6,0
2022-06-07 05:00:00,61.35,33.0,5,1,6,0
2022-06-07 06:00:00,63.81,31.3,6,1,6,0
2022-06-07 07:00:00,71.13,32.1,7,1,6,0
2022-06-07 08:00:00,72.78,29.3,8,1,6,0
2022-06-07 09:00:00,78.45,28.7,9,1,6,0
2022-06-07 10:00:00,80.46,27.1,10,1,6,0
2022-06-07 11:00:00,83.04,27.8,11,1,6,0
2022-06-07 12:00:00,83.65,27.1,12,1,6,0
2022-06-07 13:00:00,84.82,26.6,13,1,6,0
2022-06-07 14:00:00,86.22,25.9,14,1,6,0
2022-06-07 15:00:00,86.84,25.9,15,1,6,0
2022-06-07 16:00:00,87.23,27.6,16,1,6,0
2022-06-07 17:00:00,89.76,27.5,17,1,6,0
2022-06-07 18:00:00,92.08,29.0,18,1,6,0
2022-06-07 19:00:00,97.6,29.0,19,1,6,0
2022-06-07 20:00:00,99.33,30.9,20,1,6,0
2022-06-07 21:00:00,101.46,32.8,21,1,6,0
2022-06-07 22:00:00,91.79,33.2,22,1,6,0
2022-06-07 23:00:00,81.33,33.2,23,1,6,0
2022-06-08 00:00:00,57.43,34.4,0,2,6,0
2022-06-08 01:00:00,56.86,34.4,1,2,6,0
2022-06-08 02:00:00,59.38,34.7,2,2,6,0
2022-06-08 03:00:00,60.18,34.3,3,2,6,0
2022-06-08 04:00:00,61.15,34.1,4,2,6,0
2022-06-08 05:00:00,61.55,33.7,5,2,6,0
2022-06-08 06:00:00,65.53,31.9,6,2,6,0
2022-06-08 07:00:00,68.89,31.0,7,2,6,0
2022-06-08 08:00:00,72.41,29.6,8,2,6,0
2022-06-08 09:00:00,82.47,28.4,9,2,6,0
2022-06-08 10:00:00,79.89,27.8,10,2,6,0
2022-06-08 11:00:00,81.64,28.0,11,2,6,0
2022-06-08 12:00:00,84.05,26.6,12,2,6,0
2022-06-08 13:00:00,87.67,27.3,13,2,6,0
2022-06-08 14:00:00,85.24,26.8,14,2,6,0
2022-06-08 15:00:00,84.49,25.3,15,2,6,0
2022-06-08 16:00:00,84.1,27.8,16,2,6,0
2022-06-08 17:00:00,95.24,28.6,17,2,6,0
2022-06-08 18:00:00,92.15,27.9,18,2,6,0
2022-06-08 19:00:00,96.74,30.0,19,2,6,0
2022-06-08 20:00:00,96.55,30.0,20,2,6,0
2022-06-08 21:00:00,98.35,31.8,21,2,6,0
2022-06-08 22:00:00,89.94,31.7,22,2,6,0
2022-06-08 23:00:00,79.03,32.1,23,2,6,0
2022-06-09 00:00:00,55.64,33.9,0,3,6,0
2022-06-09 01:00:00,60.04,34.5,1,3,6,0
2022-06-09 02:00:00,59.42,34.4,2,3,6,0
2022-06-09 03:00:00,60.04,33.6,3,3,6,0
2022-06-09 04:00:00,61.36,33.9,4,3,6,0
2022-06-09 05:00:00,61.32,33.8,5,3,6,0
2022-06-09 06:00:00,65.37,32.7,6,3,6,0
2022-06-09 07:00:00,71.02,31.9,7,3,6,0
2022-06-09 08:00:00,74.68,30.2,8,3,6,0
2022-06-09 09:00:00,79.85,30.6,9,3,6,0
2022-06-09 10:00:00,80.55,27.8,10,3,6,0
2022-06-09 11:00:00,80.83,28.3,11,3,6,0
2022-06-09 12:00:00,82.71,28.2,12,3,6,0
2022-06-09 13:00:00,84.54,27.3,13,3,6,0
2022-06-09 14:00:00,84.05,26.6,14,3,6,0
2022-06-09 15:00:00,82.28,26.4,15,3,6,0
2022-06-09 16:00:00,84.59,28.1,16,3,6,0
2022-06-09 17:00:00,95.61,26.8,17,3,6,0
2022-06-09 18:00:00,93.46,28.0,18,3,6,0
2022-06-09 19:00:00,97.48,29.4,19,3,6,0
2022-06-09 20:00:00,96.47,31.7,20,3,6,0
2022-06-09 21:00:00,99.53,32.1,21,3,6,0
2022-06-09 22:00:00,88.53,32.0,22,3,6,0
2022-06-09 23:00:00,81.54,33.3,23,3,6,0
2022-06-10 00:00:00,58.38,33.7,0,4,6,0
2022-06-10 01:00:00,57.92,34.0,1,4,6,0
2022-06-10 02:00:00,62.02,35.5,2,4,6,0
2022-06-10 03:00:00,58.71,33.5,3,4,6,0
2022-06-10 04:00:00,63.84,35.5,4,4,6,0
2022-06-10 05:00:00,64.11,34.2,5,4,6,0
2022-06-10 06:00:00,66.84,33.6,6,4,6,0
2022-06-10 07:00:00,69.42,31.4,7,4,6,0
2022-06-10 08:00:00,73.09,30.6,8,4,6,0
2022-06-10 09:00:00,78.32,28.6,9,4,6,0
2022-06-10 10:00:00,80.48,28.3,10,4,6,0
2022-06-10 11:00:00,85.1,28.3,11,4,6,0
2022-06-10 12:00:00,80.94,28.3,12,4,6,0
2022-06-10 13:00:00,85.18,26.0,13,4,6,0
2022-06-10 14:00:00,83.16,26.4,14,4,6,0
2022-06-10 15:00:00,85.43,26.7,15,4,6,0
2022-06-10 16:00:00,86.64,26.2,16,4,6,0
2022-06-10 17:00:00,93.34,28.4,17,4,6,0
2022-06-10 18:00:00,95.07,28.2,18,4,6,0
2022-06-10 19:00:00,96.91,29.5,19,4,6,0
2022-06-10 20:00:00,99.92,30.4,20,4,6,0
2022-06-10 21:00:00,100.29,31.1,21,4,6,0
2022-06-10 22:00:00,89.88,32.7,22,4,6,0
2022-06-10 23:00:00,79.26,33.4,23,4,6,0
2022-06-11 00:00:00,50.73,33.9,0,5,6,1
2022-06-11 01:00:00,52.19,34.0,1,5,6,1
2022-06-11 02:00:00,55.72,35.0,2,5,6,1
2022-06-11 03:00:00,56.39,35.9,3,5,6,1
2022-06-11 04:00:00,55.31,34.3,4,5,6,1
2022-06-11 05:00:00,56.99,34.4,5,5,6,1
2022-06-11 06:00:00,58.11,31.6,6,5,6,1
2022-06-11 07:00:00,65.02,31.9,7,5,6,1
2022-06-11 08:00:00,69.53,29.9,8,5,6,1
2022-06-11 09:00:00,74.19,28.5,9,5,6,1
2022-06-11 10:00:00,72.47,28.1,10,5,6,1
2022-06-11 11:00:00,74.26,28.9,11,5,6,1
2022-06-11 12:00:00,77.18,28.0,12,5,6,1
2022-06-11 13:00:00,76.33,27.1,13,5,6,1
2022-06-11 14:00:00,78.63,25.5,14,5,6,1
2022-06-11 15:00:00,75.66,26.7,15,5,6,1
2022-06-11 16:00:00,77.01,27.5,16,5,6,1
2022-06-11 17:00:00,85.23,28.0,17,5,6,1
2022-06-11 18:00:00,83.32,27.3,18,5,6,1
2022-06-11 19:00:00,85.79,29.0,19,5,6,1
2022-06-11 20:00:00,86.57,30.7,20,5,6,1
2022-06-11 21:00:00,95.49,32.2,21,5,6,1
2022-06-11 22:00:00,82.96,31.0,22,5,6,1
2022-06-11 23:00:00,74.57,33.4,23,5,6,1
2022-06-12 00:00:00,52.22,34.3,0,6,6,1
2022-06-12 01:00:00,54.27,35.3,1,6,6,1
2022-06-12 02:00:00,56.21,35.3,2,6,6,1
2022-06-12 03:00:00,55.0,35.1,3,6,6,1
2022-06-12 04:00:00,55.44,33.6,4,6,6,1
2022-06-12 05:00:00,54.85,32.0,5,6,6,1
2022-06-12 06:00:00,60.81,32.4,6,6,6,1
2022-06-12 07:00:00,61.93,32.6,7,6,6,1
2022-06-12 08:00:00,68.23,31.8,8,6,6,1
2022-06-12 09:00:00,70.93,30.3,9,6,6,1
2022-06-12 10:00:00,72.67,29.1,10,6,6,1
2022-06-12 11:00:00,70.59,28.2,11,6,6,1
2022-06-12 12:00:00,71.45,26.8,12,6,6,1
2022-06-12 13:00:00,80.09,26.8,13,6,6,1
2022-06-12 14:00:00,78.53,28.1,14,6,6,1
2022-06-12 15:00:00,77.72,26.1,15,6,6,1
2022-06-12 16:00:00,78.12,28.6,16,6,6,1
2022-06-12 17:00:00,83.45,27.6,17,6,6,1
2022-06-12 18:00:00,87.35,29.8,18,6,6,1
2022-06-12 19:00:00,84.88,28.6,19,6,6,1
2022-06-12 20:00:00,90.43,31.2,20,6,6,1
2022-06-12 21:00:00,90.98,31.2,21,6,6,1
2022-06-12 22:00:00,79.85,31.6,22,6,6,1
2022-06-12 23:00:00,76.52,33.7,23,6,6,1
2022-06-13 00:00:00,57.19,35.0,0,0,6,0
2022-06-13 01:00:00,58.35,33.9,1,0,6,0
2022-06-13 02:00:00,58.03,33.5,2,0,6,0
2022-06-13 03:00:00,61.84,34.5,3,0,6,0
2022-06-13 04:00:00,59.66,34.1,4,0,6,0
2022-06-13 05:00:00,60.52,34.0,5,0,6,0
2022-06-13 06:00:00,65.79,33.5,6,0,6,0
2022-06-13 07:00:00,70.64,31.7,7,0,6,0
2022-06-13 08:00:00,78.99,32.2,8,0,6,0
2022-06-13 09:00:00,82.25,29.9,9,0,6,0
2022-06-13 10:00:00,76.82,28.5,10,0,6,0
2022-06-13 11:00:00,82.32,26.6,11,0,6,0
2022-06-13 12:00:00,77.91,27.1,12,0,6,0
2022-06-13 13:00:00,86.37,26.6,13,0,6,0
2022-06-13 14:00:00,87.97,27.5,14,0,6,0
2022-06-13 15:00:00,86.07,27.2,15,0,6,0
2022-06-13 16:00:00,86.27,26.3,16,0,6,0
2022-06-13 17:00:00,92.56,28.0,17,0,6,0
2022-06-13 18:00:00,92.97,29.3,18,0,6,0
2022-06-13 19:00:00,98.65,30.9,19,0,6,0
2022-06-13 20:00:00,99.61,31.4,20,0,6,0
2022-06-13 21:00:00,103.5,32.4,21,0,6,0
2022-06-13 22:00:00,91.55,32.8,22,0,6,0
2022-06-13 23:00:00,81.3,33.9,23,0,6,0
2022-06-14 00:00:00,56.38,35.2,0,1,6,0
2022-06-14 01:00:00,55.04,33.5,1,1,6,0
2022-06-14 02:00:00,60.43,34.5,2,1,6,0
2022-06-14 03:00:00,59.1,34.0,3,1,6,0
2022-06-14 04:00:00,61.57,34.5,4,1,6,0
2022-06-14 05:00:00,64.16,34.5,5,1,6,0
2022-06-14 06:00:00,64.75,32.3,6,1,6,0
2022-06-14 07:00:00,67.5,29.9,7,1,6,0
2022-06-14 08:00:00,74.5,30.4,8,1,6,0
2022-06-14 09:00:00,80.5,30.4,9,1,6,0
2022-06-14 10:00:00,83.48,29.2,10,1,6,0
2022-06-14 11:00:00,84.37,28.2,11,1,6,0
2022-06-14 12:00:00,83.96,27.0,12,1,6,0
2022-06-14 13:00:00,87.43,25.8,13,1,6,0
2022-06-14 14:00:00,85.84,27.1,14,1,6,0
2022-06-14 15:00:00,86.62,26.2,15,1,6,0
2022-06-14 16:00:00,85.64,29.0,16,1,6,0
2022-06-14 17:00:00,90.16,28.4,17,1,6,0
2022-06-14 18:00:00,96.17,28.3,18,1,6,0
2022-06-14 19:00:00,96.79,29.2,19,1,6,0
2022-06-14 20:00:00,99.24,30.7,20,1,6,0
2022-06-14 21:00:00,100.8,31.6,21,1,6,0
2022-06-14 22:00:00,90.2,33.6,22,1,6,0
2022-06-14 23:00:00,80.89,33.7,23,1,6,0
2022-06-15 00:00:00,56.26,33.6,0,2,6,0
2022-06-15 01:00:00,59.47,36.1,1,2,6,0
2022-06-15 02:00:00,59.26,34.8,2,2,6,0
2022-06-15 03:00:00,60.9,35.2,3,2,6,0
2022-06-15 04:00:00,59.55,33.7,4,2,6,0
2022-06-15 05:00:00,60.53,33.9,5,2,6,0
2022-06-15 06:00:00,64.36,33.0,6,2,6,0
2022-06-15 07:00:00,68.6,30.3,7,2,6,0
2022-06-15 08:00:00,77.82,32.3,8,2,6,0
2022-06-15 09:00:00,78.35,30.7,9,2,6,0
2022-06-15 10:00:00,80.32,28.4,10,2,6,0
2022-06-15 11:00:00,82.37,27.0,11,2,6,0
2022-06-15 12:00:00,81.42,27.5,12,2,6,0
2022-06-15 13:00:00,87.39,26.9,13,2,6,0
2022-06-15 14:00:00,85.5,27.0,14,2,6,0
2022-06-15 15:00:00,85.97,27.0,15,2,6,0
2022-06-15 16:00:00,85.87,27.7,16,2,6,0
2022-06-15 17:00:00,89.44,29.1,17,2,6,0
2022-06-15 18:00:00,96.06,29.2,18,2,6,0
2022-06-15 19:00:00,93.85,28.9,19,2,6,0
2022-06-15 20:00:00,100.08,31.8,20,2,6,0
2022-06-15 21:00:00,103.72,33.1,21,2,6,0
2022-06-15 22:00:00,97.17,35.3,22,2,6,0
2022-06-15 23:00:00,79.54,32.7,23,2,6,0
2022-06-16 00:00:00,56.47,34.4,0,3,6,0
2022-06-16 01:00:00,57.5,32.9,1,3,6,0
2022-06-16 02:00:00,60.42,35.2,2,3,6,0
2022-06-16 03:00:00,60.49,34.2,3,3,6,0
2022-06-16 04:00:00,61.57,35.7,4,3,6,0
2022-06-16 05:00:00,59.95,32.9,5,3,6,0
2022-06-16 06:00:00,64.13,31.4,6,3,6,0
2022-06-16 07:00:00,69.01,31.4,7,3,6,0
2022-06-16 08:00:00,70.92,29.2,8,3,6,0
2022-06-16 09:00:00,79.57,30.3,9,3,6,0
2022-06-16 10:00:00,82.43,27.1,10,3,6,0
2022-06-16 11:00:00,82.02,27.9,11,3,6,0
2022-06-16 12:00:00,85.15,25.6,12,3,6,0
2022-06-16 13:00:00,85.37,26.6,13,3,6,0
2022-06-16 14:00:00,84.88,28.0,14,3,6,0
2022-06-16 15:00:00,88.23,27.2,15,3,6,0
2022-06-16 16:00:00,86.48,26.6,16,3,6,0
2022-06-16 17:00:00,94.13,27.9,17,3,6,0
2022-06-16 18:00:00,92.1,28.7,18,3,6,0
2022-06-16 19:00:00,98.8,30.1,19,3,6,0
2022-06-16 20:00:00,99.86,29.6,20,3,6,0
2022-06-16 21:00:00,102.07,32.2,21,3,6,0
2022-06-16 22:00:00,87.76,30.6,22,3,6,0
2022-06-16 23:00:00,81.53,33.1,23,3,6,0
2022-06-17 00:00:00,56.77,33.8,0,4,6,0
2022-06-17 01:00:00,59.02,35.1,1,4,6,0
2022-06-17 02:00:00,60.08,34.8,2,4,6,0
2022-06-17 03:00:00,60.0,33.5,3,4,6,0
2022-06-17 04:00:00,59.23,33.4,4,4,6,0
2022-06-17 05:00:00,60.09,33.7,5,4,6,0
2022-06-17 06:00:00,65.84,32.7,6,4,6,0
2022-06-17 07:00:00,69.56,31.3,7,4,6,0
2022-06-17 08:00:00,75.66,30.3,8,4,6,0
2022-06-17 09:00:00,78.73,30.3,9,4,6,0
2022-06-17 10:00:00,81.92,28.3,10,4,6,0
2022-06-17 11:00:00,84.04,27.8,11,4,6,0
2022-06-17 12:00:00,82.98,29.0,12,4,6,0
2022-06-17 13:00:00,85.18,25.7,13,4,6,0
2022-06-17 14:00:00,84.87,25.3,14,4,6,0
2022-06-17 15:00:00,85.24,27.5,15,4,6,0
2022-06-17 16:00:00,85.46,26.7,16,4,6,0
2022-06-17 17:00:00,94.97,27.6,17,4,6,0
2022-06-17 18:00:00,93.88,28.1,18,4,6,0
2022-06-17 19:00:00,93.78,29.5,19,4,6,0
2022-06-17 20:00:00,101.23,32.0,20,4,6,0
2022-06-17 21:00:00,103.3,32.4,21,4,6,0
2022-06-17 22:00:00,92.42,33.4,22,4,6,0
2022-06-17 23:00:00,82.9,32.4,23,4,6,0
2022-06-18 00:00:00,51.28,33.3,0,5,6,1
2022-06-18 01:00:00,49.25,32.3,1,5,6,1
2022-06-18 02:00:00,52.84,34.1,2,5,6,1
2022-06-18 03:00:00,56.12,35.4,3,5,6,1
2022-06-18 04:00:00,54.15,34.6,4,5,6,1
2022-06-18 05:00:00,55.74,33.4,5,5,6,1
2022-06-18 06:00:00,57.68,32.7,6,5,6,1
2022-06-18 07:00:00,64.45,31.2,7,5,6,1
2022-06-18 08:00:00,69.24,30.9,8,5,6,1
2022-06-18 09:00:00,73.22,30.3,9,5,6,1
2022-06-18 10:00:00,71.29,27.4,10,5,6,1
2022-06-18 11:00:00,74.0,28.1,11,5,6,1
2022-06-18 12:00:00,73.87,28.0,12,5,6,1
2022-06-18 13:00:00,74.9,26.5,13,5,6,1
2022-06-18 14:00:00,76.96,27.3,14,5,6,1
2022-06-18 15:00:00,78.78,29.1,15,5,6,1
2022-06-18 16:00:00,77.59,27.2,16,5,6,1
2022-06-18 17:00:00,85.74,28.2,17,5,6,1
2022-06-18 18:00:00,85.98,28.1,18,5,6,1
2022-06-18 19:00:00,88.19,29.8,19,5,6,1
2022-06-18 20:00:00,86.99,31.1,20,5,6,1
2022-06-18 21:00:00,90.87,31.9,21,5,6,1
2022-06-18 22:00:00,80.18,31.9,22,5,6,1
2022-06-18 23:00:00,74.38,33.7,23,5,6,1
2022-06-19 00:00:00,52.39,35.4,0,6,6,1
2022-06-19 01:00:00,53.15,35.0,1,6,6,1
2022-06-19 02:00:00,56.13,35.5,2,6,6,1
2022-06-19 03:00:00,55.18,34.4,3,6,6,1
2022-06-19 04:00:00,57.17,34.8,4,6,6,1
2022-06-19 05:00:00,54.17,33.8,5,6,6,1
2022-06-19 06:00:00,58.97,32.0,6,6,6,1
2022-06-19 07:00:00,65.34,32.0,7,6,6,1
2022-06-19 08:00:00,68.88,29.9,8,6,6,1
2022-06-19 09:00:00,68.82,29.2,9,6,6,1
2022-06-19 10:00:00,71.78,28.9,10,6,6,1
2022-06-19 11:00:00,75.35,28.1,11,6,6,1
2022-06-19 12:00:00,74.38,26.3,12,6,6,1
2022-06-19 13:00:00,75.1,27.7,13,6,6,1
2022-06-19 14:00:00,74.98,27.2,14,6,6,1
2022-06-19 15:00:00,75.96,26.3,15,6,6,1
2022-06-19 16:00:00,74.75,26.0,16,6,6,1
2022-06-19 17:00:00,83.29,27.8,17,6,6,1
2022-06-19 18:00:00,86.21,28.4,18,6,6,1
2022-06-19 19:00:00,84.69,29.8,19,6,6,1
2022-06-19 20:00:00,89.6,30.4,20,6,6,1
2022-06-19 21:00:00,90.93,30.2,21,6,6,1
2022-06-19 22:00:00,82.54,32.4,22,6,6,1
2022-06-19 23:00:00,71.82,33.3,23,6,6,1
2022-06-20 00:00:00,57.63,34.7,0,0,6,0
2022-06-20 01:00:00,57.42,34.0,1,0,6,0
2022-06-20 02:00:00,60.88,36.1,2,0,6,0
2022-06-20 03:00:00,57.93,33.1,3,0,6,0
2022-06-20 04:00:00,62.15,35.2,4,0,6,0
2022-06-20 05:00:00,61.49,33.4,5,0,6,0
2022-06-20 06:00:00,69.53,33.4,6,0,6,0
2022-06-20 07:00:00,70.73,31.8,7,0,6,0
2022-06-20 08:00:00,78.22,31.6,8,0,6,0
2022-06-20 09:00:00,79.8,29.4,9,0,6,0
2022-06-20 10:00:00,80.2,27.9,10,0,6,0
2022-06-20 11:00:00,82.16,29.0,11,0,6,0
2022-06-20 12:00:00,81.05,27.2,12,0,6,0
2022-06-20 13:00:00,85.58,27.0,13,0,6,0
2022-06-20 14:00:00,82.87,27.7,14,0,6,0
2022-06-20 15:00:00,84.72,26.0,15,0,6,0
2022-06-20 16:00:00,86.31,27.7,16,0,6,0
2022-06-20 17:00:00,94.54,27.4,17,0,6,0
2022-06-20 18:00:00,96.57,28.6,18,0,6,0
2022-06-20 19:00:00,96.12,29.8,19,0,6,0
2022-06-20 20:00:00,98.05,29.5,20,0,6,0
2022-06-20 21:00:00,102.04,31.1,21,0,6,0
2022-06-20 22:00:00,90.74,33.8,22,0,6,0
2022-06-20 23:00:00,83.63,34.3,23,0,6,0
2022-06-21 00:00:00,55.74,34.1,0,1,6,0
2022-06-21 01:00:00,58.26,34.8,1,1,6,0
2022-06-21 02:00:00,58.66,34.5,2,1,6,0
2022-06-21 03:00:00,62.05,35.7,3,1,6,0
2022-06-21 04:00:00,61.19,34.0,4,1,6,0
2022-06-21 05:00:00,62.26,33.7,5,1,6,0
2022-06-21 06:00:00,67.38,33.6,6,1,6,0
2022-06-21 07:00:00,69.97,31.1,7,1,6,0
2022-06-21 08:00:00,79.18,32.0,8,1,6,0
2022-06-21 09:00:00,76.49,28.5,9,1,6,0
2022-06-21 10:00:00,84.15,30.0,10,1,6,0
2022-06-21 11:00:00,81.48,27.6,11,1,6,0
2022-06-21 12:00:00,83.88,27.1,12,1,6,0
2022-06-21 13:00:00,84.55,25.4,13,1,6,0
2022-06-21 14:00:00,84.98,26.4,14,1,6,0
2022-06-21 15:00:00,86.93,26.0,15,1,6,0
2022-06-21 16:00:00,87.84,26.8,16,1,6,0
2022-06-21 17:00:00,93.27,27.8,17,1,6,0
2022-06-21 18:00:00,93.64,29.5,18,1,6,0
2022-06-21 19:00:00,103.24,29.9,19,1,6,0
2022-06-21 20:00:00,101.78,31.0,20,1,6,0
2022-06-21 21:00:00,101.7,30.9,21,1,6,0
2022-06-21 22:00:00,90.2,32.0,22,1,6,0
2022-06-21 23:00:00,82.97,35.0,23,1,6,0
2022-06-22 00:00:00,55.67,33.6,0,2,6,0
2022-06-22 01:00:00,60.81,35.9,1,2,6,0
2022-06-22 02:00:00,58.13,34.5,2,2,6,0
2022-06-22 03:00:00,59.2,34.6,3,2,6,0
2022-06-22 04:00:00,62.5,35.1,4,2,6,0
2022-06-22 05:00:00,62.73,34.6,5,2,6,0
2022-06-22 06:00:00,64.87,32.6,6,2,6,0
2022-06-22 07:00:00,68.83,31.5,7,2,6,0
2022-06-22 08:00:00,77.04,30.7,8,2,6,0
2022-06-22 09:00:00,80.52,30.0,9,2,6,0
2022-06-22 10:00:00,78.75,29.4,10,2,6,0
2022-06-22 11:00:00,79.91,27.9,11,2,6,0
2022-06-22 12:00:00,82.41,27.8,12,2,6,0
2022-06-22 13:00:00,86.27,28.2,13,2,6,0
2022-06-22 14:00:00,87.11,27.0,14,2,6,0
2022-06-22 15:00:00,87.99,27.1,15,2,6,0
2022-06-22 16:00:00,83.69,26.1,16,2,6,0
2022-06-22 17:00:00,92.83,25.8,17,2,6,0
2022-06-22 18:00:00,96.56,29.0,18,2,6,0
2022-06-22 19:00:00,98.73,29.6,19,2,6,0
2022-06-22 20:00:00,99.39,30.3,20,2,6,0
2022-06-22 21:00:00,105.65,32.0,21,2,6,0
2022-06-22 22:00:00,92.63,32.7,22,2,6,0
2022-06-22 23:00:00,84.8,34.5,23,2,6,0
2022-06-23 00:00:00,56.82,34.3,0,3,6,0
2022-06-23 01:00:00,56.7,34.0,1,3,6,0
2022-06-23 02:00:00,59.44,35.5,2,3,6,0
2022-06-23 03:00:00,60.24,34.4,3,3,6,0
2022-06-23 04:00:00,61.12,34.6,4,3,6,0
2022-06-23 05:00:00,58.84,33.2,5,3,6,0
2022-06-23 06:00:00,64.09,32.2,6,3,6,0
2022-06-23 07:00:00,70.18,31.8,7,3,6,0
2022-06-23 08:00:00,76.05,30.7,8,3,6,0
2022-06-23 09:00:00,80.08,30.1,9,3,6,0
2022-06-23 10:00:00,80.25,28.5,10,3,6,0
2022-06-23 11:00:00,80.39,26.4,11,3,6,0
2022-06-23 12:00:00,83.02,26.9,12,3,6,0
2022-06-23 13:00:00,87.22,27.5,13,3,6,0
2022-06-23 14:00:00,86.39,26.5,14,3,6,0
2022-06-23 15:00:00,83.66,26.7,15,3,6,0
2022-06-23 16:00:00,84.08,28.1,16,3,6,0
2022-06-23 17:00:00,93.47,27.3,17,3,6,0
2022-06-23 18:00:00,93.61,27.5,18,3,6,0
2022-06-23 19:00:00,96.17,29.6,19,3,6,0
2022-06-23 20:00:00,97.59,30.3,20,3,6,0
2022-06-23 21:00:00,101.02,31.0,21,3,6,0
2022-06-23 22:00:00,91.0,32.6,22,3,6,0
2022-06-23 23:00:00,82.41,34.0,23,3,6,0
2022-06-24 00:00:00,55.84,34.2,0,4,6,0
2022-06-24 01:00:00,59.33,34.8,1,4,6,0
2022-06-24 02:00:00,60.94,36.2,2,4,6,0
2022-06-24 03:00:00,60.55,34.3,3,4,6,0
2022-06-24 04:00:00,59.86,34.4,4,4,6,0
2022-06-24 05:00:00,62.55,33.2,5,4,6,0
2022-06-24 06:00:00,66.66,32.1,6,4,6,0
2022-06-24 07:00:00,67.54,31.3,7,4,6,0
2022-06-24 08:00:00,73.45,30.3,8,4,6,0
2022-06-24 09:00:00,80.7,30.0,9,4,6,0
2022-06-24 10:00:00,80.26,30.6,10,4,6,0
2022-06-24 11:00:00,81.73,27.3,11,4,6,0
2022-06-24 12:00:00,83.66,26.9,12,4,6,0
2022-06-24 13:00:00,84.78,26.8,13,4,6,0
2022-06-24 14:00:00,87.02,27.0,14,4,6,0
2022-06-24 15:00:00,85.0,27.1,15,4,6,0
2022-06-24 16:00:00,82.45,28.3,16,4,6,0
2022-06-24 17:00:00,94.16,26.0,17,4,6,0
2022-06-24 18:00:00,95.76,26.8,18,4,6,0
2022-06-24 19:00:00,100.5,29.3,19,4,6,0
2022-06-24 20:00:00,96.2,31.6,20,4,6,0
2022-06-24 21:00:00,100.88,30.5,21,4,6,0
2022-06-24 22:00:00,85.48,30.3,22,4,6,0
2022-06-24 23:00:00,85.24,34.0,23,4,6,0
2022-06-25 00:00:00,52.33,34.4,0,5,6,1
2022-06-25 01:00:00,51.03,33.7,1,5,6,1
2022-06-25 02:00:00,53.93,33.9,2,5,6,1
2022-06-25 03:00:00,53.41,33.8,3,5,6,1
2022-06-25 04:00:00,55.83,34.3,4,5,6,1
2022-06-25 05:00:00,55.24,33.1,5,5,6,1
2022-06-25 06:00:00,62.26,33.1,6,5,6,1
2022-06-25 07:00:00,63.43,29.5,7,5,6,1
2022-06-25 08:00:00,66.07,30.0,8,5,6,1
2022-06-25 09:00:00,72.49,28.8,9,5,6,1
2022-06-25 10:00:00,72.86,28.5,10,5,6,1
2022-06-25 11:00:00,71.53,27.5,11,5,6,1
2022-06-25 12:00:00,73.58,27.9,12,5,6,1
2022-06-25 13:00:00,80.36,25.4,13,5,6,1
2022-06-25 14:00:00,78.11,26.8,14,5,6,1
2022-06-25 15:00:00,79.16,27.3,15,5,6,1
2022-06-25 16:00:00,77.17,28.8,16,5,6,1
2022-06-25 17:00:00,82.24,27.5,17,5,6,1
2022-06-25 18:00:00,84.66,29.0,18,5,6,1
2022-06-25 19:00:00,85.54,28.3,19,5,6,1
2022-06-25 20:00:00,84.68,28.8,20,5,6,1
2022-06-25 21:00:00,90.13,32.4,21,5,6,1
2022-06-25 22:00:00,84.08,32.7,22,5,6,1
2022-06-25 23:00:00,75.06,34.5,23,5,6,1
2022-06-26 00:00:00,50.32,33.1,0,6,6,1
2022-06-26 01:00:00,53.75,35.0,1,6,6,1
2022-06-26 02:00:00,56.22,36.2,2,6,6,1
2022-06-26 03:00:00,56.46,34.9,3,6,6,1
2022-06-26 04:00:00,54.5,34.4,4,6,6,1
2022-06-26 05:00:00,56.23,33.6,5,6,6,1
2022-06-26 06:00:00,59.19,31.5,6,6,6,1
2022-06-26 07:00:00,66.44,32.9,7,6,6,1
2022-06-26 08:00:00,65.18,30.2,8,6,6,1
2022-06-26 09:00:00,72.6,30.1,9,6,6,1
2022-06-26 10:00:00,74.95,27.5,10,6,6,1
2022-06-26 11:00:00,73.58,27.0,11,6,6,1
2022-06-26 12:00:00,75.45,28.4,12,6,6,1
2022-06-26 13:00:00,77.84,26.6,13,6,6,1
2022-06-26 14:00:00,75.84,27.9,14,6,6,1
2022-06-26 15:00:00,80.53,26.8,15,6,6,1
2022-06-26 16:00:00,78.34,25.8,16,6,6,1
2022-06-26 17:00:00,84.11,28.6,17,6,6,1
2022-06-26 18:00:00,81.63,28.3,18,6,6,1
2022-06-26 19:00:00,89.03,30.3,19,6,6,1
2022-06-26 20:00:00,90.54,30.8,20,6,6,1
2022-06-26 21:00:00,92.74,30.5,21,6,6,1
2022-06-26 22:00:00,82.63,32.9,22,6,6,1
2022-06-26 23:00:00,75.13,35.3,23,6,6,1
2022-06-27 00:00:00,56.48,34.6,0,0,6,0
2022-06-27 01:00:00,57.57,34.5,1,0,6,0
2022-06-27 02:00:00,59.32,35.6,2,0,6,0
2022-06-27 03:00:00,61.85,34.8,3,0,6,0
2022-06-27 04:00:00,62.48,34.4,4,0,6,0
2022-06-27 05:00:00,59.9,32.7,5,0,6,0
2022-06-27 06:00:00,65.67,32.9,6,0,6,0
2022-06-27 07:00:00,69.22,32.6,7,0,6,0
2022-06-27 08:00:00,75.29,30.1,8,0,6,0
2022-06-27 09:00:00,83.42,30.8,9,0,6,0
2022-06-27 10:00:00,79.38,28.7,10,0,6,0
2022-06-27 11:00:00,81.75,27.2,11,0,6,0
2022-06-27 12:00:00,83.67,28.1,12,0,6,0
2022-06-27 13:00:00,87.88,26.6,13,0,6,0
2022-06-27 14:00:00,86.46,27.3,14,0,6,0
2022-06-27 15:00:00,86.45,26.6,15,0,6,0
2022-06-27 16:00:00,86.43,27.2,16,0,6,0
2022-06-27 17:00:00,89.93,28.3,17,0,6,0
2022-06-27 18:00:00,91.42,29.0,18,0,6,0
2022-06-27 19:00:00,94.12,28.1,19,0,6,0
2022-06-27 20:00:00,100.0,29.8,20,0,6,0
2022-06-27 21:00:00,101.26,32.5,21,0,6,0
2022-06-27 22:00:00,90.62,32.6,22,0,6,0
2022-06-27 23:00:00,80.8,33.1,23,0,6,0
2022-06-28 00:00:00,55.21,33.1,0,1,6,0
2022-06-28 01:00:00,58.78,33.7,1,1,6,0
2022-06-28 02:00:00,57.29,33.1,2,1,6,0
2022-06-28 03:00:00,59.37,34.5,3,1,6,0
2022-06-28 04:00:00,60.29,33.7,4,1,6,0
2022-06-28 05:00:00,62.09,32.8,5,1,6,0
2022-06-28 06:00:00,65.3,32.7,6,1,6,0
2022-06-28 07:00:00,69.43,32.1,7,1,6,0
2022-06-28 08:00:00,76.39,32.4,8,1,6,0
2022-06-28 09:00:00,78.97,28.5,9,1,6,0
2022-06-28 10:00:00,82.25,29.7,10,1,6,0
2022-06-28 11:00:00,83.5,28.7,11,1,6,0
2022-06-28 12:00:00,81.33,26.6,12,1,6,0
2022-06-28 13:00:00,83.54,27.0,13,1,6,0
2022-06-28 14:00:00,85.6,26.4,14,1,6,0
2022-06-28 15:00:00,87.26,27.0,15,1,6,0
2022-06-28 16:00:00,84.07,28.5,16,1,6,0
2022-06-28 17:00:00,91.37,28.4,17,1,6,0
2022-06-28 18:00:00,93.07,29.1,18,1,6,0
2022-06-28 19:00:00,97.78,29.4,19,1,6,0
2022-06-28 20:00:00,98.74,29.5,20,1,6,0
2022-06-28 21:00:00,102.49,31.6,21,1,6,0
2022-06-28 22:00:00,95.05,33.7,22,1,6,0
2022-06-28 23:00:00,80.19,32.3,23,1,6,0
2022-06-29 00:00:00,54.56,33.4,0,2,6,0
2022-06-29 01:00:00,57.15,34.7,1,2,6,0
2022-06-29 02:00:00,56.56,33.9,2,2,6,0
2022-06-29 03:00:00,59.1,34.0,3,2,6,0
2022-06-29 04:00:00,60.1,33.9,4,2,6,0
2022-06-29 05:00:00,60.71,32.5,5,2,6,0
2022-06-29 06:00:00,65.07,32.0,6,2,6,0
2022-06-29 07:00:00,70.56,32.3,7,2,6,0
2022-06-29 08:00:00,73.68,29.7,8,2,6,0
2022-06-29 09:00:00,77.22,28.4,9,2,6,0
2022-06-29 10:00:00,81.92,28.2,10,2,6,0
2022-06-29 11:00:00,80.71,28.5,11,2,6,0
2022-06-29 12:00:00,81.18,27.1,12,2,6,0
2022-06-29 13:00:00,86.41,26.5,13,2,6,0
2022-06-29 14:00:00,87.07,26.8,14,2,6,0
2022-06-29 15:00:00,83.31,25.5,15,2,6,0
2022-06-29 16:00:00,87.54,27.7,16,2,6,0
2022-06-29 17:00:00,91.13,28.2,17,2,6,0
2022-06-29 18:00:00,93.34,28.4,18,2,6,0
2022-06-29 19:00:00,97.73,30.5,19,2,6,0
2022-06-29 20:00:00,99.21,29.8,20,2,6,0
2022-06-29 21:00:00,102.96,32.7,21,2,6,0
2022-06-29 22:00:00,91.78,32.9,22,2,6,0
2022-06-29 23:00:00,81.22,33.3,23,2,6,0
2022-06-30 00:00:00,57.05,34.2,0,3,6,0
2022-06-30 01:00:00,57.95,34.5,1,3,6,0
2022-06-30 02:00:00,62.37,35.7,2,3,6,0
2022-06-30 03:00:00,59.81,33.7,3,3,6,0
2022-06-30 04:00:00,59.18,33.6,4,3,6,0
2022-06-30 05:00:00,61.64,34.4,5,3,6,0
2022-06-30 06:00:00,65.46,32.3,6,3,6,0
2022-06-30 07:00:00,73.09,32.5,7,3,6,0
2022-06-30 08:00:00,78.68,32.1,8,3,6,0
2022-06-30 09:00:00,78.67,29.4,9,3,6,0
2022-06-30 10:00:00,79.29,29.3,10,3,6,0
2022-06-30 11:00:00,80.28,27.0,11,3,6,0
2022-06-30 12:00:00,83.38,27.9,12,3,6,0
2022-06-30 13:00:00,88.81,27.0,13,3,6,0
2022-06-30 14:00:00,87.02,27.1,14,3,6,0
2022-06-30 15:00:00,83.52,26.4,15,3,6,0
2022-06-30 16:00:00,84.94,25.9,16,3,6,0
2022-06-30 17:00:00,91.34,28.3,17,3,6,0
2022-06-30 18:00:00,92.54,27.1,18,3,6,0
2022-06-30 19:00:00,95.36,29.4,19,3,6,0
2022-06-30 20:00:00,100.85,31.5,20,3,6,0
2022-06-30 21:00:00,102.44,31.9,21,3,6,0
2022-06-30 22:00:00,95.36,34.3,22,3,6,0
2022-06-30 23:00:00,83.92,34.4,23,3,6,0
2022-07-01 00:00:00,53.54,33.9,0,4,7,0
2022-07-01 01:00:00,56.61,34.9,1,4,7,0
2022-07-01 02:00:00,58.64,35.0,2,4,7,0
2022-07-01 03:00:00,58.3,33.6,3,4,7,0
2022-07-01 04:00:00,60.19,33.7,4,4,7,0
2022-07-01 05:00:00,60.02,33.4,5,4,7,0
2022-07-01 06:00:00,63.31,31.4,6,4,7,0
2022-07-01 07:00:00,70.07,32.1,7,4,7,0
2022-07-01 08:00:00,73.52,30.8,8,4,7,0
2022-07-01 09:00:00,77.52,28.6,9,4,7,0
2022-07-01 10:00:00,81.02,29.3,10,4,7,0
2022-07-01 11:00:00,80.36,28.7,11,4,7,0
2022-07-01 12:00:00,81.47,27.7,12,4,7,0
2022-07-01 13:00:00,83.53,26.9,13,4,7,0
2022-07-01 14:00:00,86.74,27.5,14,4,7,0
2022-07-01 15:00:00,82.8,27.7,15,4,7,0
2022-07-01 16:00:00,87.53,27.8,16,4,7,0
2022-07-01 17:00:00,88.74,27.5,17,4,7,0
2022-07-01 18:00:00,91.42,29.2,18,4,7,0
2022-07-01 19:00:00,97.54,30.9,19,4,7,0
2022-07-01 20:00:00,99.16,30.5,20,4,7,0
2022-07-01 21:00:00,99.0,33.7,21,4,7,0
2022-07-01 22:00:00,88.15,32.6,22,4,7,0
2022-07-01 23:00:00,81.61,33.9,23,4,7,0
2022-07-02 00:00:00,52.71,33.9,0,5,7,1
2022-07-02 01:00:00,53.93,35.0,1,5,7,1
2022-07-02 02:00:00,51.71,33.6,2,5,7,1
2022-07-02 03:00:00,51.38,34.4,3,5,7,1
2022-07-02 04:00:00,53.9,33.6,4,5,7,1
2022-07-02 05:00:00,55.49,33.9,5,5,7,1
2022-07-02 06:00:00,59.64,33.8,6,5,7,1
2022-07-02 07:00:00,62.67,32.6,7,5,7,1
2022-07-02 08:00:00,64.89,29.1,8,5,7,1
2022-07-02 09:00:00,71.36,31.6,9,5,7,1
2022-07-02 10:00:00,74.15,29.2,10,5,7,1
2022-07-02 11:00:00,74.81,27.6,11,5,7,1
2022-07-02 12:00:00,74.41,27.7,12,5,7,1
2022-07-02 13:00:00,75.37,27.3,13,5,7,1
2022-07-02 14:00:00,75.07,26.5,14,5,7,1
2022-07-02 15:00:00,76.12,27.3,15,5,7,1
2022-07-02 16:00:00,78.84,27.0,16,5,7,1
2022-07-02 17:00:00,83.26,27.8,17,5,7,1
2022-07-02 18:00:00,83.48,28.5,18,5,7,1
2022-07-02 19:00:00,86.19,28.8,19,5,7,1
2022-07-02 20:00:00,89.44,31.1,20,5,7,1
2022-07-02 21:00:00,91.31,32.5,21,5,7,1
2022-07-02 22:00:00,83.99,33.4,22,5,7,1
2022-07-02 23:00:00,75.15,34.5,23,5,7,1
2022-07-03 00:00:00,52.24,34.7,0,6,7,1
2022-07-03 01:00:00,52.14,34.4,1,6,7,1
2022-07-03 02:00:00,54.22,35.7,2,6,7,1
2022-07-03 03:00:00,52.57,33.8,3,6,7,1
2022-07-03 04:00:00,53.24,33.7,4,6,7,1
2022-07-03 05:00:00,52.44,33.1,5,6,7,1
2022-07-03 06:00:00,59.14,33.9,6,6,7,1
2022-07-03 07:00:00,62.79,32.8,7,6,7,1
2022-07-03 08:00:00,66.72,31.4,8,6,7,1
2022-07-03 09:00:00,74.16,30.8,9,6,7,1
2022-07-03 10:00:00,70.81,28.3,10,6,7,1
2022-07-03 11:00:00,72.82,28.5,11,6,7,1
2022-07-03 12:00:00,73.8,27.4,12,6,7,1
2022-07-03 13:00:00,77.8,27.8,13,6,7,1
2022-07-03 14:00:00,75.21,26.9,14,6,7,1
2022-07-03 15:00:00,75.79,26.8,15,6,7,1
2022-07-03 16:00:00,75.98,28.0,16,6,7,1
2022-07-03 17:00:00,83.73,28.9,17,6,7,1
2022-07-03 18:00:00,85.53,28.5,18,6,7,1
2022-07-03 19:00:00,86.46,29.9,19,6,7,1
2022-07-03 20:00:00,89.63,30.2,20,6,7,1
2022-07-03 21:00:00,87.9,30.0,21,6,7,1
2022-07-03 22:00:00,81.84,33.2,22,6,7,1
2022-07-03 23:00:00,75.88,34.3,23,6,7,1
2022-07-04 00:00:00,56.84,34.7,0,0,7,0
2022-07-04 01:00:00,55.0,33.3,1,0,7,0
2022-07-04 02:00:00,59.43,34.7,2,0,7,0
2022-07-04 03:00:00,57.33,33.1,3,0,7,0
2022-07-04 04:00:00,61.23,35.6,4,0,7,0
2022-07-04 05:00:00,60.44,33.0,5,0,7,0
2022-07-04 06:00:00,66.26,34.0,6,0,7,0
2022-07-04 07:00:00,71.1,32.8,7,0,7,0
2022-07-04 08:00:00,74.2,30.3,8,0,7,0
2022-07-04 09:00:00,76.34,29.1,9,0,7,0
2022-07-04 10:00:00,79.89,29.3,10,0,7,0
2022-07-04 11:00:00,82.59,27.5,11,0,7,0
2022-07-04 12:00:00,80.01,27.6,12,0,7,0
2022-07-04 13:00:00,84.31,26.8,13,0,7,0
2022-07-04 14:00:00,83.26,25.6,14,0,7,0
2022-07-04 15:00:00,86.29,25.4,15,0,7,0
2022-07-04 16:00:00,86.28,27.7,16,0,7,0
2022-07-04 17:00:00,90.18,27.7,17,0,7,0
2022-07-04 18:00:00,96.31,28.6,18,0,7,0
2022-07-04 19:00:00,97.72,30.5,19,0,7,0
2022-07-04 20:00:00,100.24,31.9,20,0,7,0
2022-07-04 21:00:00,100.54,31.8,21,0,7,0
2022-07-04 22:00:00,91.72,32.7,22,0,7,0
2022-07-04 23:00:00,80.12,34.2,23,0,7,0
2022-07-05 00:00:00,55.0,33.4,0,1,7,0
2022-07-05 01:00:00,58.14,35.0,1,1,7,0
2022-07-05 02:00:00,58.87,35.4,2,1,7,0
2022-07-05 03:00:00,60.78,35.4,3,1,7,0
2022-07-05 04:00:00,59.62,32.9,4,1,7,0
2022-07-05 05:00:00,59.28,33.2,5,1,7,0
2022-07-05 06:00:00,64.26,32.3,6,1,7,0
2022-07-05 07:00:00,68.71,32.1,7,1,7,0
2022-07-05 08:00:00,72.11,31.4,8,1,7,0
2022-07-05 09:00:00,81.2,31.2,9,1,7,0
2022-07-05 10:00:00,78.9,28.6,10,1,7,0
2022-07-05 11:00:00,80.56,27.8,11,1,7,0
2022-07-05 12:00:00,79.96,28.5,12,1,7,0
2022-07-05 13:00:00,83.28,27.4,13,1,7,0
2022-07-05 14:00:00,86.41,28.0,14,1,7,0
2022-07-05 15:00:00,84.62,27.4,15,1,7,0
2022-07-05 16:00:00,84.66,26.6,16,1,7,0
2022-07-05 17:00:00,91.17,27.1,17,1,7,0
2022-07-05 18:00:00,90.14,27.8,18,1,7,0
2022-07-05 19:00:00,96.84,30.5,19,1,7,0
2022-07-05 20:00:00,96.73,32.0,20,1,7,0
2022-07-05 21:00:00,99.62,33.5,21,1,7,0
2022-07-05 22:00:00,89.55,33.7,22,1,7,0
2022-07-05 23:00:00,82.03,34.8,23,1,7,0
2022-07-06 00:00:00,55.19,34.0,0,2,7,0
2022-07-06 01:00:00,56.44,33.9,1,2,7,0
2022-07-06 02:00:00,58.73,35.7,2,2,7,0
2022-07-06 03:00:00,61.09,35.2,3,2,7,0
2022-07-06 04:00:00,61.25,34.6,4,2,7,0
2022-07-06 05:00:00,60.63,34.1,5,2,7,0
2022-07-06 06:00:00,64.97,33.3,6,2,7,0
2022-07-06 07:00:00,70.22,33.1,7,2,7,0
2022-07-06 08:00:00,74.89,32.0,8,2,7,0
2022-07-06 09:00:00,76.97,30.4,9,2,7,0
2022-07-06 10:00:00,78.31,29.7,10,2,7,0
2022-07-06 11:00:00,81.83,28.6,11,2,7,0
2022-07-06 12:00:00,82.0,27.2,12,2,7,0
2022-07-06 13:00:00,86.23,27.7,13,2,7,0
2022-07-06 14:00:00,84.13,25.9,14,2,7,0
2022-07-06 15:00:00,84.02,28.0,15,2,7,0
2022-07-06 16:00:00,83.95,26.6,16,2,7,0
2022-07-06 17:00:00,90.25,28.4,17,2,7,0
2022-07-06 18:00:00,91.17,28.3,18,2,7,0
2022-07-06 19:00:00,96.08,30.4,19,2,7,0
2022-07-06 20:00:00,97.9,31.0,20,2,7,0
2022-07-06 21:00:00,97.18,30.8,21,2,7,0
2022-07-06 22:00:00,92.88,33.3,22,2,7,0
2022-07-06 23:00:00,83.38,33.4,23,2,7,0
2022-07-07 00:00:00,58.09,35.2,0,3,7,0
2022-07-07 01:00:00,58.19,34.9,1,3,7,0
2022-07-07 02:00:00,59.92,35.3,2,3,7,0
2022-07-07 03:00:00,60.64,34.1,3,3,7,0
2022-07-07 04:00:00,60.45,34.0,4,3,7,0
2022-07-07 05:00:00,59.47,33.5,5,3,7,0
2022-07-07 06:00:00,66.47,33.7,6,3,7,0
2022-07-07 07:00:00,72.12,33.4,7,3,7,0
2022-07-07 08:00:00,72.01,30.4,8,3,7,0
2022-07-07 09:00:00,79.13,30.8,9,3,7,0
2022-07-07 10:00:00,80.62,27.3,10,3,7,0
2022-07-07 11:00:00,77.64,27.2,11,3,7,0
2022-07-07 12:00:00,79.54,26.8,12,3,7,0
2022-07-07 13:00:00,83.3,26.1,13,3,7,0
2022-07-07 14:00:00,85.2,25.7,14,3,7,0
2022-07-07 15:00:00,82.39,27.5,15,3,7,0
2022-07-07 16:00:00,84.41,27.4,16,3,7,0
2022-07-07 17:00:00,92.84,28.5,17,3,7,0
2022-07-07 18:00:00,93.2,29.6,18,3,7,0
2022-07-07 19:00:00,97.05,30.2,19,3,7,0
2022-07-07 20:00:00,97.36,31.5,20,3,7,0
2022-07-07 21:00:00,98.06,32.0,21,3,7,0
2022-07-07 22:00:00,90.78,32.1,22,3,7,0
2022-07-07 23:00:00,82.71,34.7,23,3,7,0
2022-07-08 00:00:00,54.39,34.0,0,4,7,0
2022-07-08 01:00:00,55.9,34.1,1,4,7,0
2022-07-08 02:00:00,60.24,34.9,2,4,7,0
2022-07-08 03:00:00,57.8,34.1,3,4,7,0
2022-07-08 04:00:00,60.75,34.1,4,4,7,0
2022-07-08 05:00:00,60.3,34.1,5,4,7,0
2022-07-08 06:00:00,65.52,33.3,6,4,7,0
2022-07-08 07:00:00,69.18,31.3,7,4,7,0
2022-07-08 08:00:00,70.72,30.6,8,4,7,0
2022-07-08 09:00:00,77.36,30.8,9,4,7,0
2022-07-08 10:00:00,79.55,29.4,10,4,7,0
2022-07-08 11:00:00,80.32,29.8,11,4,7,0
2022-07-08 12:00:00,83.09,28.5,12,4,7,0
2022-07-08 13:00:00,80.98,28.1,13,4,7,0
2022-07-08 14:00:00,85.54,25.9,14,4,7,0
2022-07-08 15:00:00,82.36,27.7,15,4,7,0
2022-07-08 16:00:00,84.04,27.5,16,4,7,0
2022-07-08 17:00:00,88.93,27.7,17,4,7,0
2022-07-08 18:00:00,95.88,29.1,18,4,7,0
2022-07-08 19:00:00,93.51,30.7,19,4,7,0
2022-07-08 20:00:00,98.1,31.4,20,4,7,0
2022-07-08 21:00:00,95.51,31.3,21,4,7,0
2022-07-08 22:00:00,93.82,33.6,22,4,7,0
2022-07-08 23:00:00,81.07,33.3,23,4,7,0
2022-07-09 00:00:00,51.43,34.6,0,5,7,1
2022-07-09 01:00:00,53.67,34.6,1,5,7,1
2022-07-09 02:00:00,53.54,34.8,2,5,7,1
2022-07-09 03:00:00,55.39,35.5,3,5,7,1
2022-07-09 04:00:00,53.95,33.6,4,5,7,1
2022-07-09 05:00:00,57.5,35.4,5,5,7,1
2022-07-09 06:00:00,56.75,31.5,6,5,7,1
2022-07-09 07:00:00,62.28,31.6,7,5,7,1
2022-07-09 08:00:00,68.43,31.3,8,5,7,1
2022-07-09 09:00:00,71.75,30.4,9,5,7,1
2022-07-09 10:00:00,70.87,28.9,10,5,7,1
2022-07-09 11:00:00,70.25,28.1,11,5,7,1
2022-07-09 12:00:00,75.74,27.9,12,5,7,1
2022-07-09 13:00:00,74.15,27.0,13,5,7,1
2022-07-09 14:00:00,77.77,28.1,14,5,7,1
2022-07-09 15:00:00,76.44,27.8,15,5,7,1
2022-07-09 16:00:00,74.03,28.2,16,5,7,1
2022-07-09 17:00:00,83.93,27.4,17,5,7,1
2022-07-09 18:00:00,83.58,28.9,18,5,7,1
2022-07-09 19:00:00,87.78,29.7,19,5,7,1
2022-07-09 20:00:00,87.01,30.2,20,5,7,1
2022-07-09 21:00:00,91.64,32.3,21,5,7,1
2022-07-09 22:00:00,78.48,32.6,22,5,7,1
2022-07-09 23:00:00,73.55,34.4,23,5,7,1
2022-07-10 00:00:00,48.88,33.6,0,6,7,1
2022-07-10 01:00:00,53.78,36.2,1,6,7,1
2022-07-10 02:00:00,53.27,34.3,2,6,7,1
2022-07-10 03:00:00,53.95,35.0,3,6,7,1
2022-07-10 04:00:00,56.51,35.1,4,6,7,1
2022-07-10 05:00:00,53.59,33.4,5,6,7,1
2022-07-10 06:00:00,61.01,33.7,6,6,7,1
2022-07-10 07:00:00,63.63,31.1,7,6,7,1
2022-07-10 08:00:00,69.79,32.2,8,6,7,1
2022-07-10 09:00:00,70.34,30.0,9,6,7,1
2022-07-10 10:00:00,67.79,28.5,10,6,7,1
2022-07-10 11:00:00,73.35,27.9,11,6,7,1
2022-07-10 12:00:00,73.17,28.2,12,6,7,1
2022-07-10 13:00:00,73.64,26.7,13,6,7,1
2022-07-10 14:00:00,75.24,26.4,14,6,7,1
2022-07-10 15:00:00,78.51,27.0,15,6,7,1
2022-07-10 16:00:00,74.29,26.6,16,6,7,1
2022-07-10 17:00:00,83.27,29.6,17,6,7,1
2022-07-10 18:00:00,83.51,28.5,18,6,7,1
2022-07-10 19:00:00,85.78,30.6,19,6,7,1
2022-07-10 20:00:00,89.74,31.2,20,6,7,1
2022-07-10 21:00:00,92.05,31.2,21,6,7,1
2022-07-10 22:00:00,81.39,33.0,22,6,7,1
2022-07-10 23:00:00,74.04,34.5,23,6,7,1
2022-07-11 00:00:00,56.49,34.3,0,0,7,0
2022-07-11 01:00:00,59.62,35.8,1,0,7,0
2022-07-11 02:00:00,59.63,35.8,2,0,7,0
2022-07-11 03:00:00,60.24,35.6,3,0,7,0
2022-07-11 04:00:00,57.47,34.1,4,0,7,0
2022-07-11 05:00:00,58.67,33.0,5,0,7,0
2022-07-11 06:00:00,63.23,32.5,6,0,7,0
2022-07-11 07:00:00,70.76,32.2,7,0,7,0
2022-07-11 08:00:00,74.26,31.4,8,0,7,0
2022-07-11 09:00:00,76.97,28.2,9,0,7,0
2022-07-11 10:00:00,78.93,29.0,10,0,7,0
2022-07-11 11:00:00,79.13,28.3,11,0,7,0
2022-07-11 12:00:00,83.97,27.3,12,0,7,0
2022-07-11 13:00:00,85.69,28.2,13,0,7,0
2022-07-11 14:00:00,87.27,27.3,14,0,7,0
2022-07-11 15:00:00,85.74,28.2,15,0,7,0
2022-07-11 16:00:00,84.57,27.4,16,0,7,0
2022-07-11 17:00:00,93.65,28.9,17,0,7,0
2022-07-11 18:00:00,92.7,30.3,18,0,7,0
2022-07-11 19:00:00,94.72,31.0,19,0,7,0
2022-07-11 20:00:00,95.66,30.1,20,0,7,0
2022-07-11 21:00:00,100.3,31.8,21,0,7,0
2022-07-11 22:00:00,88.82,32.7,22,0,7,0
2022-07-11 23:00:00,81.34,34.2,23,0,7,0
2022-07-12 00:00:00,55.19,35.0,0,1,7,0
2022-07-12 01:00:00,57.27,34.2,1,1,7,0
2022-07-12 02:00:00,57.4,35.1,2,1,7,0
2022-07-12 03:00:00,56.72,33.2,3,1,7,0
2022-07-12 04:00:00,62.84,35.6,4,1,7,0
2022-07-12 05:00:00,61.22,33.4,5,1,7,0
2022-07-12 06:00:00,65.6,33.0,6,1,7,0
2022-07-12 07:00:00,69.75,31.8,7,1,7,0
2022-07-12 08:00:00,74.46,31.9,8,1,7,0
2022-07-12 09:00:00,76.23,27.7,9,1,7,0
2022-07-12 10:00:00,78.39,29.0,10,1,7,0
2022-07-12 11:00:00,78.13,28.1,11,1,7,0
2022-07-12 12:00:00,81.92,27.2,12,1,7,0
2022-07-12 13:00:00,83.66,28.5,13,1,7,0
2022-07-12 14:00:00,83.08,26.3,14,1,7,0
2022-07-12 15:00:00,87.19,27.8,15,1,7,0
2022-07-12 16:00:00,85.61,27.8,16,1,7,0
2022-07-12 17:00:00,92.26,29.2,17,1,7,0
2022-07-12 18:00:00,91.48,28.5,18,1,7,0
2022-07-12 19:00:00,94.38,29.4,19,1,7,0
2022-07-12 20:00:00,100.09,31.9,20,1,7,0
2022-07-12 21:00:00,100.33,32.4,21,1,7,0
2022-07-12 22:00:00,91.67,31.8,22,1,7,0
2022-07-12 23:00:00,80.31,33.4,23,1,7,0
2022-07-13 00:00:00,56.01,34.8,0,2,7,0
2022-07-13 01:00:00,58.98,35.5,1,2,7,0
2022-07-13 02:00:00,56.93,34.5,2,2,7,0
2022-07-13 03:00:00,57.77,32.5,3,2,7,0
2022-07-13 04:00:00,59.39,34.9,4,2,7,0
2022-07-13 05:00:00,60.05,32.9,5,2,7,0
2022-07-13 06:00:00,62.49,31.4,6,2,7,0
2022-07-13 07:00:00,67.61,29.8,7,2,7,0
2022-07-13 08:00:00,76.22,31.7,8,2,7,0
2022-07-13 09:00:00,78.94,30.1,9,2,7,0
2022-07-13 10:00:00,77.1,28.8,10,2,7,0
2022-07-13 11:00:00,79.45,29.3,11,2,7,0
2022-07-13 12:00:00,80.37,28.0,12,2,7,0
2022-07-13 13:00:00,80.51,28.4,13,2,7,0
2022-07-13 14:00:00,86.46,25.9,14,2,7,0
2022-07-13 15:00:00,84.8,27.1,15,2,7,0
2022-07-13 16:00:00,82.75,26.2,16,2,7,0
2022-07-13 17:00:00,93.37,28.0,17,2,7,0
2022-07-13 18:00:00,91.1,28.8,18,2,7,0
2022-07-13 19:00:00,96.16,30.5,19,2,7,0
2022-07-13 20:00:00,96.32,31.0,20,2,7,0
2022-07-13 21:00:00,96.41,32.5,21,2,7,0
2022-07-13 22:00:00,88.9,33.6,22,2,7,0
2022-07-13 23:00:00,82.59,35.6,23,2,7,0
2022-07-14 00:00:00,56.63,34.2,0,3,7,0
2022-07-14 01:00:00,57.02,34.1,1,3,7,0
2022-07-14 02:00:00,59.18,35.2,2,3,7,0
2022-07-14 03:00:00,56.82,34.2,3,3,7,0
2022-07-14 04:00:00,62.9,35.6,4,3,7,0
2022-07-14 05:00:00,60.45,33.6,5,3,7,0
2022-07-14 06:00:00,64.43,32.5,6,3,7,0
2022-07-14 07:00:00,70.73,31.7,7,3,7,0
2022-07-14 08:00:00,76.57,31.6,8,3,7,0
2022-07-14 09:00:00,80.08,29.8,9,3,7,0
2022-07-14 10:00:00,78.56,28.5,10,3,7,0
2022-07-14 11:00:00,79.52,29.5,11,3,7,0
2022-07-14 12:00:00,83.08,26.9,12,3,7,0
2022-07-14 13:00:00,81.37,27.2,13,3,7,0
2022-07-14 14:00:00,87.81,27.5,14,3,7,0
2022-07-14 15:00:00,84.66,25.8,15,3,7,0
2022-07-14 16:00:00,82.88,27.9,16,3,7,0
2022-07-14 17:00:00,88.64,27.3,17,3,7,0
2022-07-14 18:00:00,90.91,29.7,18,3,7,0
2022-07-14 19:00:00,94.4,29.2,19,3,7,0
2022-07-14 20:00:00,98.56,31.6,20,3,7,0
2022-07-14 21:00:00,98.35,32.9,21,3,7,0
2022-07-14 22:00:00,90.7,33.7,22,3,7,0
2022-07-14 23:00:00,79.33,34.0,23,3,7,0
2022-07-15 00:00:00,56.46,34.3,0,4,7,0
2022-07-15 01:00:00,56.99,34.4,1,4,7,0
2022-07-15 02:00:00,59.86,36.2,2,4,7,0
2022-07-15 03:00:00,57.67,34.3,3,4,7,0
2022-07-15 04:00:00,58.87,33.6,4,4,7,0
2022-07-15 05:00:00,60.73,34.4,5,4,7,0
2022-07-15 06:00:00,64.82,32.4,6,4,7,0
2022-07-15 07:00:00,69.02,31.3,7,4,7,0
2022-07-15 08:00:00,73.78,29.8,8,4,7,0
2022-07-15 09:00:00,77.39,29.6,9,4,7,0
2022-07-15 10:00:00,76.09,28.9,10,4,7,0
2022-07-15 11:00:00,82.03,28.4,11,4,7,0
2022-07-15 12:00:00,80.04,28.3,12,4,7,0
2022-07-15 13:00:00,81.79,27.6,13,4,7,0
2022-07-15 14:00:00,84.55,26.8,14,4,7,0
2022-07-15 15:00:00,85.11,27.0,15,4,7,0
2022-07-15 16:00:00,83.75,27.9,16,4,7,0
2022-07-15 17:00:00,90.1,29.2,17,4,7,0
2022-07-15 18:00:00,91.78,29.1,18,4,7,0
2022-07-15 19:00:00,97.2,29.6,19,4,7,0
2022-07-15 20:00:00,96.89,30.2,20,4,7,0
2022-07-15 21:00:00,96.45,30.9,21,4,7,0
2022-07-15 22:00:00,89.46,33.5,22,4,7,0
2022-07-15 23:00:00,81.32,34.3,23,4,7,0
2022-07-16 00:00:00,51.89,34.9,0,5,7,1
2022-07-16 01:00:00,52.94,34.8,1,5,7,1
2022-07-16 02:00:00,55.08,36.1,2,5,7,1
2022-07-16 03:00:00,53.11,34.5,3,5,7,1
2022-07-16 04:00:00,55.29,35.2,4,5,7,1
2022-07-16 05:00:00,55.76,33.8,5,5,7,1
2022-07-16 06:00:00,57.19,32.5,6,5,7,1
2022-07-16 07:00:00,63.04,32.5,7,5,7,1
2022-07-16 08:00:00,68.14,31.3,8,5,7,1
2022-07-16 09:00:00,72.53,30.3,9,5,7,1
2022-07-16 10:00:00,70.87,29.1,10,5,7,1
2022-07-16 11:00:00,71.8,28.1,11,5,7,1
2022-07-16 12:00:00,71.76,29.4,12,5,7,1
2022-07-16 13:00:00,76.08,28.1,13,5,7,1
2022-07-16 14:00:00,78.32,27.6,14,5,7,1
2022-07-16 15:00:00,80.36,27.2,15,5,7,1
2022-07-16 16:00:00,76.79,28.3,16,5,7,1
2022-07-16 17:00:00,81.64,28.6,17,5,7,1
2022-07-16 18:00:00,81.47,29.0,18,5,7,1
2022-07-16 19:00:00,81.93,29.7,19,5,7,1
2022-07-16 20:00:00,88.51,30.9,20,5,7,1
2022-07-16 21:00:00,91.34,29.5,21,5,7,1
2022-07-16 22:00:00,84.23,33.2,22,5,7,1
2022-07-16 23:00:00,74.71,33.4,23,5,7,1
2022-07-17 00:00:00,52.85,35.7,0,6,7,1
2022-07-17 01:00:00,52.94,34.9,1,6,7,1
2022-07-17 02:00:00,50.01,34.0,2,6,7,1
2022-07-17 03:00:00,55.1,34.8,3,6,7,1
2022-07-17 04:00:00,53.21,33.6,4,6,7,1
2022-07-17 05:00:00,54.72,34.2,5,6,7,1
2022-07-17 06:00:00,58.99,33.2,6,6,7,1
2022-07-17 07:00:00,63.54,32.8,7,6,7,1
2022-07-17 08:00:00,65.23,30.4,8,6,7,1
2022-07-17 09:00:00,70.87,30.0,9,6,7,1
2022-07-17 10:00:00,70.19,27.9,10,6,7,1
2022-07-17 11:00:00,72.6,28.7,11,6,7,1
2022-07-17 12:00:00,71.02,28.0,12,6,7,1
2022-07-17 13:00:00,74.88,27.5,13,6,7,1
2022-07-17 14:00:00,74.36,27.0,14,6,7,1
2022-07-17 15:00:00,75.1,27.5,15,6,7,1
2022-07-17 16:00:00,76.39,28.8,16,6,7,1
2022-07-17 17:00:00,78.9,27.9,17,6,7,1
2022-07-17 18:00:00,81.77,29.1,18,6,7,1
2022-07-17 19:00:00,85.67,29.1,19,6,7,1
2022-07-17 20:00:00,84.85,30.3,20,6,7,1
2022-07-17 21:00:00,93.4,32.1,21,6,7,1
2022-07-17 22:00:00,84.96,33.9,22,6,7,1
2022-07-17 23:00:00,72.59,33.6,23,6,7,1
2022-07-18 00:00:00,55.14,34.3,0,0,7,0
2022-07-18 01:00:00,57.36,34.5,1,0,7,0
2022-07-18 02:00:00,56.87,34.6,2,0,7,0
2022-07-18 03:00:00,57.9,35.1,3,0,7,0
2022-07-18 04:00:00,58.34,33.3,4,0,7,0
2022-07-18 05:00:00,61.63,34.9,5,0,7,0
2022-07-18 06:00:00,64.68,32.5,6,0,7,0
2022-07-18 07:00:00,69.57,32.6,7,0,7,0
2022-07-18 08:00:00,74.69,30.0,8,0,7,0
2022-07-18 09:00:00,76.95,30.5,9,0,7,0
2022-07-18 10:00:00,77.8,29.5,10,0,7,0
2022-07-18 11:00:00,81.25,28.5,11,0,7,0
2022-07-18 12:00:00,79.68,26.7,12,0,7,0
2022-07-18 13:00:00,81.64,27.3,13,0,7,0
2022-07-18 14:00:00,84.82,26.1,14,0,7,0
2022-07-18 15:00:00,82.89,26.9,15,0,7,0
2022-07-18 16:00:00,84.4,28.4,16,0,7,0
2022-07-18 17:00:00,89.58,28.8,17,0,7,0
2022-07-18 18:00:00,90.81,29.0,18,0,7,0
2022-07-18 19:00:00,90.32,29.2,19,0,7,0
2022-07-18 20:00:00,98.71,31.5,20,0,7,0
2022-07-18 21:00:00,97.37,32.1,21,0,7,0
2022-07-18 22:00:00,87.89,31.1,22,0,7,0
2022-07-18 23:00:00,81.18,34.5,23,0,7,0
2022-07-19 00:00:00,55.81,34.4,0,1,7,0
2022-07-19 01:00:00,58.58,35.8,1,1,7,0
2022-07-19 02:00:00,57.91,34.1,2,1,7,0
2022-07-19 03:00:00,55.84,32.3,3,1,7,0
2022-07-19 04:00:00,61.79,34.7,4,1,7,0
2022-07-19 05:00:00,58.85,34.1,5,1,7,0
2022-07-19 06:00:00,63.22,31.6,6,1,7,0
2022-07-19 07:00:00,69.87,31.3,7,1,7,0
2022-07-19 08:00:00,77.42,33.2,8,1,7,0
2022-07-19 09:00:00,76.77,29.7,9,1,7,0
2022-07-19 10:00:00,78.42,29.6,10,1,7,0
2022-07-19 11:00:00,78.92,27.7,11,1,7,0
2022-07-19 12:00:00,82.47,25.9,12,1,7,0
2022-07-19 13:00:00,82.39,27.0,13,1,7,0
2022-07-19 14:00:00,85.03,26.8,14,1,7,0
2022-07-19 15:00:00,85.05,26.8,15,1,7,0
2022-07-19 16:00:00,88.5,27.4,16,1,7,0
2022-07-19 17:00:00,91.36,28.4,17,1,7,0
2022-07-19 18:00:00,90.9,28.9,18,1,7,0
2022-07-19 19:00:00,91.25,29.0,19,1,7,0
2022-07-19 20:00:00,97.82,31.4,20,1,7,0
2022-07-19 21:00:00,97.55,30.5,21,1,7,0
2022-07-19 22:00:00,84.86,31.4,22,1,7,0
2022-07-19 23:00:00,80.77,34.4,23,1,7,0
2022-07-20 00:00:00,56.9,34.9,0,2,7,0
2022-07-20 01:00:00,57.0,34.8,1,2,7,0
2022-07-20 02:00:00,58.44,33.9,2,2,7,0
2022-07-20 03:00:00,57.4,34.3,3,2,7,0
2022-07-20 04:00:00,60.72,34.3,4,2,7,0
2022-07-20 05:00:00,59.98,32.6,5,2,7,0
2022-07-20 06:00:00,65.57,32.4,6,2,7,0
2022-07-20 07:00:00,68.36,32.6,7,2,7,0
2022-07-20 08:00:00,75.87,32.1,8,2,7,0
2022-07-20 09:00:00,77.11,29.6,9,2,7,0
2022-07-20 10:00:00,77.51,29.6,10,2,7,0
2022-07-20 11:00:00,79.84,26.6,11,2,7,0
2022-07-20 12:00:00,80.09,28.1,12,2,7,0
2022-07-20 13:00:00,85.08,26.5,13,2,7,0
2022-07-20 14:00:00,85.46,27.2,14,2,7,0
2022-07-20 15:00:00,82.73,26.9,15,2,7,0
2022-07-20 16:00:00,83.43,28.6,16,2,7,0
2022-07-20 17:00:00,90.14,27.5,17,2,7,0
2022-07-20 18:00:00,92.83,29.5,18,2,7,0
2022-07-20 19:00:00,96.57,29.7,19,2,7,0
2022-07-20 20:00:00,99.01,30.9,20,2,7,0
2022-07-20 21:00:00,99.54,31.9,21,2,7,0
2022-07-20 22:00:00,89.18,32.3,22,2,7,0
2022-07-20 23:00:00,78.5,33.8,23,2,7,0
2022-07-21 00:00:00,57.25,34.4,0,3,7,0
2022-07-21 01:00:00,57.44,35.1,1,3,7,0
2022-07-21 02:00:00,60.47,35.1,2,3,7,0
2022-07-21 03:00:00,60.63,35.5,3,3,7,0
2022-07-21 04:00:00,63.21,35.2,4,3,7,0
2022-07-21 05:00:00,60.13,33.0,5,3,7,0
2022-07-21 06:00:00,64.33,33.7,6,3,7,0
2022-07-21 07:00:00,67.78,31.1,7,3,7,0
2022-07-21 08:00:00,74.48,31.5,8,3,7,0
2022-07-21 09:00:00,77.88,30.5,9,3,7,0
2022-07-21 10:00:00,78.36,27.5,10,3,7,0
2022-07-21 11:00:00,78.36,28.2,11,3,7,0
2022-07-21 12:00:00,81.53,27.2,12,3,7,0
2022-07-21 13:00:00,83.97,26.5,13,3,7,0
2022-07-21 14:00:00,82.97,28.1,14,3,7,0
2022-07-21 15:00:00,87.8,26.6,15,3,7,0
2022-07-21 16:00:00,84.72,26.9,16,3,7,0
2022-07-21 17:00:00,89.37,28.2,17,3,7,0
2022-07-21 18:00:00,90.04,29.5,18,3,7,0
2022-07-21 19:00:00,95.09,29.9,19,3,7,0
2022-07-21 20:00:00,98.45,31.9,20,3,7,0
2022-07-21 21:00:00,101.62,32.5,21,3,7,0
2022-07-21 22:00:00,88.17,31.3,22,3,7,0
2022-07-21 23:00:00,78.87,33.4,23,3,7,0
2022-07-22 00:00:00,57.14,34.0,0,4,7,0
2022-07-22 01:00:00,58.43,35.2,1,4,7,0
2022-07-22 02:00:00,56.02,32.9,2,4,7,0
2022-07-22 03:00:00,62.27,36.9,3,4,7,0
2022-07-22 04:00:00,61.23,34.9,4,4,7,0
2022-07-22 05:00:00,59.06,33.9,5,4,7,0
2022-07-22 06:00:00,66.43,33.9,6,4,7,0
2022-07-22 07:00:00,71.35,33.9,7,4,7,0
2022-07-22 08:00:00,75.66,31.7,8,4,7,0
2022-07-22 09:00:00,78.32,30.7,9,4,7,0
2022-07-22 10:00:00,78.14,29.1,10,4,7,0
2022-07-22 11:00:00,83.08,28.1,11,4,7,0
2022-07-22 12:00:00,83.46,27.2,12,4,7,0
2022-07-22 13:00:00,78.25,26.5,13,4,7,0
2022-07-22 14:00:00,86.51,26.5,14,4,7,0
2022-07-22 15:00:00,84.5,26.1,15,4,7,0
2022-07-22 16:00:00,83.45,27.5,16,4,7,0
2022-07-22 17:00:00,89.03,26.8,17,4,7,0
2022-07-22 18:00:00,90.9,29.2,18,4,7,0
2022-07-22 19:00:00,93.75,29.9,19,4,7,0
2022-07-22 20:00:00,95.89,31.1,20,4,7,0
2022-07-22 21:00:00,96.57,31.6,21,4,7,0
2022-07-22 22:00:00,91.72,35.5,22,4,7,0
2022-07-22 23:00:00,82.88,34.9,23,4,7,0
2022-07-23 00:00:00,50.03,33.5,0,5,7,1
2022-07-23 01:00:00,53.25,35.0,1,5,7,1
2022-07-23 02:00:00,52.97,34.5,2,5,7,1
2022-07-23 03:00:00,52.15,34.1,3,5,7,1
2022-07-23 04:00:00,54.09,33.4,4,5,7,1
2022-07-23 05:00:00,54.4,34.2,5,5,7,1
2022-07-23 06:00:00,59.29,32.5,6,5,7,1
2022-07-23 07:00:00,62.51,32.8,7,5,7,1
2022-07-23 08:00:00,66.95,31.8,8,5,7,1
2022-07-23 09:00:00,71.63,31.1,9,5,7,1
2022-07-23 10:00:00,72.08,28.3,10,5,7,1
2022-07-23 11:00:00,72.71,28.6,11,5,7,1
2022-07-23 12:00:00,73.4,28.0,12,5,7,1
2022-07-23 13:00:00,78.28,26.8,13,5,7,1
2022-07-23 14:00:00,73.14,26.4,14,5,7,1
2022-07-23 15:00:00,74.45,28.4,15,5,7,1
2022-07-23 16:00:00,74.38,27.7,16,5,7,1
2022-07-23 17:00:00,78.61,28.7,17,5,7,1
2022-07-23 18:00:00,81.83,28.3,18,5,7,1
2022-07-23 19:00:00,85.76,29.0,19,5,7,1
2022-07-23 20:00:00,86.61,30.5,20,5,7,1
2022-07-23 21:00:00,89.23,31.9,21,5,7,1
2022-07-23 22:00:00,77.94,32.1,22,5,7,1
2022-07-23 23:00:00,72.39,33.8,23,5,7,1
2022-07-24 00:00:00,49.05,33.1,0,6,7,1
2022-07-24 01:00:00,52.14,34.0,1,6,7,1
2022-07-24 02:00:00,52.56,35.5,2,6,7,1
2022-07-24 03:00:00,54.46,35.3,3,6,7,1
2022-07-24 04:00:00,55.66,34.2,4,6,7,1
2022-07-24 05:00:00,53.55,33.0,5,6,7,1
2022-07-24 06:00:00,55.69,32.2,6,6,7,1
2022-07-24 07:00:00,64.31,31.7,7,6,7,1
2022-07-24 08:00:00,68.57,31.5,8,6,7,1
2022-07-24 09:00:00,73.0,30.7,9,6,7,1
2022-07-24 10:00:00,68.38,28.6,10,6,7,1
2022-07-24 11:00:00,74.8,27.2,11,6,7,1
2022-07-24 12:00:00,72.15,27.8,12,6,7,1
2022-07-24 13:00:00,74.4,26.5,13,6,7,1
2022-07-24 14:00:00,75.0,26.6,14,6,7,1
2022-07-24 15:00:00,77.71,28.2,15,6,7,1
2022-07-24 16:00:00,75.86,28.2,16,6,7,1
2022-07-24 17:00:00,82.57,28.3,17,6,7,1
2022-07-24 18:00:00,83.26,28.0,18,6,7,1
2022-07-24 19:00:00,85.66,30.1,19,6,7,1
2022-07-24 20:00:00,87.63,31.9,20,6,7,1
2022-07-24 21:00:00,92.98,31.7,21,6,7,1
2022-07-24 22:00:00,80.77,34.1,22,6,7,1
2022-07-24 23:00:00,75.48,34.9,23,6,7,1
2022-07-25 00:00:00,58.05,35.8,0,0,7,0
2022-07-25 01:00:00,59.01,35.1,1,0,7,0
2022-07-25 02:00:00,60.78,35.5,2,0,7,0
2022-07-25 03:00:00,60.89,36.0,3,0,7,0
2022-07-25 04:00:00,61.17,34.8,4,0,7,0
2022-07-25 05:00:00,61.84,33.4,5,0,7,0
2022-07-25 06:00:00,64.61,32.6,6,0,7,0
2022-07-25 07:00:00,68.52,32.2,7,0,7,0
2022-07-25 08:00:00,72.38,30.0,8,0,7,0
2022-07-25 09:00:00,76.52,29.9,9,0,7,0
2022-07-25 10:00:00,80.59,29.9,10,0,7,0
2022-07-25 11:00:00,82.15,26.4,11,0,7,0
2022-07-25 12:00:00,81.33,28.8,12,0,7,0
2022-07-25 13:00:00,80.96,28.0,13,0,7,0
2022-07-25 14:00:00,86.29,26.6,14,0,7,0
2022-07-25 15:00:00,81.7,27.6,15,0,7,0
2022-07-25 16:00:00,82.08,27.5,16,0,7,0
2022-07-25 17:00:00,90.73,29.2,17,0,7,0
2022-07-25 18:00:00,93.77,29.8,18,0,7,0
2022-07-25 19:00:00,94.67,28.8,19,0,7,0
2022-07-25 20:00:00,98.33,31.5,20,0,7,0
2022-07-25 21:00:00,102.72,31.9,21,0,7,0
2022-07-25 22:00:00,90.68,33.1,22,0,7,0
2022-07-25 23:00:00,81.88,33.2,23,0,7,0
2022-07-26 00:00:00,58.57,35.9,0,1,7,0
2022-07-26 01:00:00,57.34,35.7,1,1,7,0
2022-07-26 02:00:00,57.91,34.4,2,1,7,0
2022-07-26 03:00:00,60.55,33.8,3,1,7,0
2022-07-26 04:00:00,59.37,34.2,4,1,7,0
2022-07-26 05:00:00,60.22,34.2,5,1,7,0
2022-07-26 06:00:00,65.61,33.2,6,1,7,0
2022-07-26 07:00:00,70.24,33.0,7,1,7,0
2022-07-26 08:00:00,73.73,31.6,8,1,7,0
2022-07-26 09:00:00,78.71,30.7,9,1,7,0
2022-07-26 10:00:00,81.49,29.3,10,1,7,0
2022-07-26 11:00:00,80.28,27.1,11,1,7,0
2022-07-26 12:00:00,79.42,27.4,12,1,7,0
2022-07-26 13:00:00,81.13,28.0,13,1,7,0
2022-07-26 14:00:00,88.23,27.0,14,1,7,0
2022-07-26 15:00:00,84.25,27.5,15,1,7,0
2022-07-26 16:00:00,85.33,27.3,16,1,7,0
2022-07-26 17:00:00,89.45,27.3,17,1,7,0
2022-07-26 18:00:00,92.93,28.9,18,1,7,0
2022-07-26 19:00:00,98.0,30.2,19,1,7,0
2022-07-26 20:00:00,96.04,30.5,20,1,7,0
2022-07-26 21:00:00,100.18,31.8,21,1,7,0
2022-07-26 22:00:00,87.15,32.2,22,1,7,0
2022-07-26 23:00:00,85.12,34.7,23,1,7,0
2022-07-27 00:00:00,56.03,34.2,0,2,7,0
2022-07-27 01:00:00,58.56,36.0,1,2,7,0
2022-07-27 02:00:00,59.94,36.2,2,2,7,0
2022-07-27 03:00:00,59.07,34.8,3,2,7,0
2022-07-27 04:00:00,58.82,33.7,4,2,7,0
2022-07-27 05:00:00,55.94,32.2,5,2,7,0
2022-07-27 06:00:00,63.61,31.8,6,2,7,0
2022-07-27 07:00:00,68.14,30.9,7,2,7,0
2022-07-27 08:00:00,76.12,32.1,8,2,7,0
2022-07-27 09:00:00,77.93,30.1,9,2,7,0
2022-07-27 10:00:00,78.12,29.3,10,2,7,0
2022-07-27 11:00:00,80.48,26.4,11,2,7,0
2022-07-27 12:00:00,78.97,26.6,12,2,7,0
2022-07-27 13:00:00,83.82,27.8,13,2,7,0
2022-07-27 14:00:00,81.56,27.2,14,2,7,0
2022-07-27 15:00:00,86.45,27.0,15,2,7,0
2022-07-27 16:00:00,85.74,28.0,16,2,7,0
2022-07-27 17:00:00,89.78,29.5,17,2,7,0
2022-07-27 18:00:00,93.54,28.8,18,2,7,0
2022-07-27 19:00:00,95.31,30.0,19,2,7,0
2022-07-27 20:00:00,96.22,31.2,20,2,7,0
2022-07-27 21:00:00,98.08,33.9,21,2,7,0
2022-07-27 22:00:00,88.93,31.3,22,2,7,0
2022-07-27 23:00:00,80.65,34.4,23,2,7,0
2022-07-28 00:00:00,57.06,34.4,0,3,7,0
2022-07-28 01:00:00,58.14,35.3,1,3,7,0
2022-07-28 02:00:00,57.5,34.5,2,3,7,0
2022-07-28 03:00:00,61.42,34.8,3,3,7,0
2022-07-28 04:00:00,61.46,35.0,4,3,7,0
2022-07-28 05:00:00,59.58,36.3,5,3,7,0
2022-07-28 06:00:00,65.32,33.6,6,3,7,0
2022-07-28 07:00:00,67.15,31.4,7,3,7,0
2022-07-28 08:00:00,72.65,30.7,8,3,7,0
2022-07-28 09:00:00,77.9,29.6,9,3,7,0
2022-07-28 10:00:00,79.48,27.6,10,3,7,0
2022-07-28 11:00:00,80.9,27.9,11,3,7,0
2022-07-28 12:00:00,83.22,28.1,12,3,7,0
2022-07-28 13:00:00,84.62,26.1,13,3,7,0
2022-07-28 14:00:00,85.56,27.8,14,3,7,0
2022-07-28 15:00:00,84.95,27.5,15,3,7,0
2022-07-28 16:00:00,86.73,26.9,16,3,7,0
2022-07-28 17:00:00,90.25,28.1,17,3,7,0
2022-07-28 18:00:00,93.4,30.3,18,3,7,0
2022-07-28 19:00:00,92.35,30.6,19,3,7,0
2022-07-28 20:00:00,99.8,31.0,20,3,7,0
2022-07-28 21:00:00,99.18,31.8,21,3,7,0
2022-07-28 22:00:00,95.44,33.1,22,3,7,0
2022-07-28 23:00:00,80.02,33.4,23,3,7,0
2022-07-29 00:00:00,54.18,32.8,0,4,7,0
2022-07-29 01:00:00,60.1,36.5,1,4,7,0
2022-07-29 02:00:00,57.81,35.1,2,4,7,0
2022-07-29 03:00:00,60.43,35.2,3,4,7,0
2022-07-29 04:00:00,60.17,34.4,4,4,7,0
2022-07-29 05:00:00,59.41,33.2,5,4,7,0
2022-07-29 06:00:00,66.42,32.9,6,4,7,0
2022-07-29 07:00:00,67.04,30.8,7,4,7,0
2022-07-29 08:00:00,76.66,32.8,8,4,7,0
2022-07-29 09:00:00,79.57,29.0,9,4,7,0
2022-07-29 10:00:00,77.86,28.2,10,4,7,0
2022-07-29 11:00:00,80.03,27.8,11,4,7,0
2022-07-29 12:00:00,85.23,28.6,12,4,7,0
2022-07-29 13:00:00,84.35,27.1,13,4,7,0
2022-07-29 14:00:00,83.79,26.0,14,4,7,0
2022-07-29 15:00:00,85.93,28.1,15,4,7,0
2022-07-29 16:00:00,83.68,28.1,16,4,7,0
2022-07-29 17:00:00,88.05,28.6,17,4,7,0
2022-07-29 18:00:00,95.53,29.6,18,4,7,0
2022-07-29 19:00:00,95.38,31.9,19,4,7,0
2022-07-29 20:00:00,104.43,32.7,20,4,7,0
2022-07-29 21:00:00,98.06,31.5,21,4,7,0
2022-07-29 22:00:00,95.55,34.3,22,4,7,0
2022-07-29 23:00:00,79.45,34.1,23,4,7,0
2022-07-30 00:00:00,52.64,34.9,0,5,7,1
2022-07-30 01:00:00,51.4,33.5,1,5,7,1
2022-07-30 02:00:00,54.35,34.9,2,5,7,1
2022-07-30 03:00:00,54.59,34.2,3,5,7,1
2022-07-30 04:00:00,55.1,35.1,4,5,7,1
2022-07-30 05:00:00,54.67,34.7,5,5,7,1
2022-07-30 06:00:00,57.03,31.3,6,5,7,1
2022-07-30 07:00:00,63.32,32.0,7,5,7,1
2022-07-30 08:00:00,67.37,31.9,8,5,7,1
2022-07-30 09:00:00,71.03,29.8,9,5,7,1
2022-07-30 10:00:00,72.27,29.6,10,5,7,1
2022-07-30 11:00:00,71.02,28.5,11,5,7,1
2022-07-30 12:00:00,73.99,27.8,12,5,7,1
2022-07-30 13:00:00,74.79,26.9,13,5,7,1
2022-07-30 14:00:00,75.01,26.0,14,5,7,1
2022-07-30 15:00:00,77.45,26.2,15,5,7,1
2022-07-30 16:00:00,74.88,28.1,16,5,7,1
2022-07-30 17:00:00,80.92,28.2,17,5,7,1
2022-07-30 18:00:00,83.25,28.9,18,5,7,1
2022-07-30 19:00:00,87.73,29.6,19,5,7,1
2022-07-30 20:00:00,88.42,30.8,20,5,7,1
2022-07-30 21:00:00,92.03,32.9,21,5,7,1
2022-07-30 22:00:00,81.03,32.7,22,5,7,1
2022-07-30 23:00:00,72.24,32.8,23,5,7,1
2022-07-31 00:00:00,51.85,35.1,0,6,7,1
2022-07-31 01:00:00,52.63,34.7,1,6,7,1
2022-07-31 02:00:00,53.34,35.0,2,6,7,1
2022-07-31 03:00:00,57.25,36.1,3,6,7,1
2022-07-31 04:00:00,54.38,34.4,4,6,7,1
2022-07-31 05:00:00,53.53,34.1,5,6,7,1
2022-07-31 06:00:00,61.26,32.1,6,6,7,1
2022-07-31 07:00:00,62.5,31.9,7,6,7,1
2022-07-31 08:00:00,69.37,31.5,8,6,7,1
2022-07-31 09:00:00,71.76,28.7,9,6,7,1
2022-07-31 10:00:00,72.73,29.2,10,6,7,1
2022-07-31 11:00:00,72.13,28.3,11,6,7,1
2022-07-31 12:00:00,73.82,27.6,12,6,7,1
2022-07-31 13:00:00,73.16,28.0,13,6,7,1
2022-07-31 14:00:00,79.42,27.3,14,6,7,1
2022-07-31 15:00:00,74.76,28.3,15,6,7,1
2022-07-31 16:00:00,75.74,26.7,16,6,7,1
2022-07-31 17:00:00,81.9,28.3,17,6,7,1
2022-07-31 18:00:00,83.05,29.1,18,6,7,1
2022-07-31 19:00:00,83.44,29.1,19,6,7,1
2022-07-31 20:00:00,91.85,31.8,20,6,7,1
2022-07-31 21:00:00,94.02,33.9,21,6,7,1
2022-07-31 22:00:00,82.42,33.0,22,6,7,1
2022-07-31 23:00:00,73.45,34.2,23,6,7,1
2022-08-01 00:00:00,56.51,34.3,0,0,8,0
2022-08-01 01:00:00,55.69,34.0,1,0,8,0
2022-08-01 02:00:00,57.9,33.3,2,0,8,0
2022-08-01 03:00:00,58.31,34.0,3,0,8,0
2022-08-01 04:00:00,59.42,33.1,4,0,8,0
2022-08-01 05:00:00,61.2,34.9,5,0,8,0
2022-08-01 06:00:00,64.28,32.6,6,0,8,0
2022-08-01 07:00:00,70.07,31.5,7,0,8,0
2022-08-01 08:00:00,77.06,31.4,8,0,8,0
2022-08-01 09:00:00,79.1,28.8,9,0,8,0
2022-08-01 10:00:00,79.64,28.1,10,0,8,0
2022-08-01 11:00:00,80.75,28.0,11,0,8,0
2022-08-01 12:00:00,80.05,28.1,12,0,8,0
2022-08-01 13:00:00,83.38,27.3,13,0,8,0
2022-08-01 14:00:00,82.43,26.9,14,0,8,0
2022-08-01 15:00:00,84.54,26.9,15,0,8,0
2022-08-01 16:00:00,84.65,27.6,16,0,8,0
2022-08-01 17:00:00,86.61,28.1,17,0,8,0
2022-08-01 18:00:00,91.67,27.9,18,0,8,0
2022-08-01 19:00:00,94.73,29.7,19,0,8,0
2022-08-01 20:00:00,95.6,29.9,20,0,8,0
2022-08-01 21:00:00,99.21,31.8,21,0,8,0
2022-08-01 22:00:00,86.68,32.3,22,0,8,0
2022-08-01 23:00:00,81.5,35.6,23,0,8,0
2022-08-02 00:00:00,56.36,34.2,0,1,8,0
2022-08-02 01:00:00,55.55,33.5,1,1,8,0
2022-08-02 02:00:00,58.23,34.6,2,1,8,0
2022-08-02 03:00:00,58.84,35.0,3,1,8,0
2022-08-02 04:00:00,61.04,35.5,4,1,8,0
2022-08-02 05:00:00,56.72,33.1,5,1,8,0
2022-08-02 06:00:00,63.86,31.5,6,1,8,0
2022-08-02 07:00:00,71.9,32.4,7,1,8,0
2022-08-02 08:00:00,70.37,29.6,8,1,8,0
2022-08-02 09:00:00,75.71,29.3,9,1,8,0
2022-08-02 10:00:00,78.97,28.5,10,1,8,0
2022-08-02 11:00:00,82.13,27.8,11,1,8,0
2022-08-02 12:00:00,80.85,27.8,12,1,8,0
2022-08-02 13:00:00,80.91,26.3,13,1,8,0
2022-08-02 14:00:00,83.58,26.5,14,1,8,0
2022-08-02 15:00:00,82.24,26.9,15,1,8,0
2022-08-02 16:00:00,82.83,27.4,16,1,8,0
2022-08-02 17:00:00,89.53,28.0,17,1,8,0
2022-08-02 18:00:00,90.06,29.1,18,1,8,0
2022-08-02 19:00:00,93.4,30.4,19,1,8,0
2022-08-02 20:00:00,97.21,31.0,20,1,8,0
2022-08-02 21:00:00,99.3,32.1,21,1,8,0
2022-08-02 22:00:00,85.58,31.5,22,1,8,0
2022-08-02 23:00:00,80.81,33.6,23,1,8,0
2022-08-03 00:00:00,55.48,34.6,0,2,8,0
2022-08-03 01:00:00,58.3,35.2,1,2,8,0
2022-08-03 02:00:00,58.19,34.2,2,2,8,0
2022-08-03 03:00:00,57.76,34.1,3,2,8,0
2022-08-03 04:00:00,59.5,33.7,4,2,8,0
2022-08-03 05:00:00,59.36,34.0,5,2,8,0
2022-08-03 06:00:00,66.94,33.6,6,2,8,0
2022-08-03 07:00:00,67.36,31.4,7,2,8,0
2022-08-03 08:00:00,74.62,31.5,8,2,8,0
2022-08-03 09:00:00,77.44,29.8,9,2,8,0
2022-08-03 10:00:00,76.74,28.6,10,2,8,0
2022-08-03 11:00:00,81.24,27.7,11,2,8,0
2022-08-03 12:00:00,79.88,27.9,12,2,8,0
2022-08-03 13:00:00,80.15,27.1,13,2,8,0
2022-08-03 14:00:00,79.2,28.6,14,2,8,0
2022-08-03 15:00:00,82.49,26.2,15,2,8,0
2022-08-03 16:00:00,86.18,27.7,16,2,8,0
2022-08-03 17:00:00,92.28,27.5,17,2,8,0
2022-08-03 18:00:00,90.31,28.0,18,2,8,0
2022-08-03 19:00:00,93.29,29.7,19,2,8,0
2022-08-03 20:00:00,95.97,30.8,20,2,8,0
2022-08-03 21:00:00,98.82,34.1,21,2,8,0
2022-08-03 22:00:00,87.69,32.6,22,2,8,0
2022-08-03 23:00:00,80.59,32.7,23,2,8,0
2022-08-04 00:00:00,56.09,34.4,0,3,8,0
2022-08-04 01:00:00,55.1,32.9,1,3,8,0
2022-08-04 02:00:00,56.68,34.7,2,3,8,0
2022-08-04 03:00:00,59.02,34.6,3,3,8,0
2022-08-04 04:00:00,57.78,34.8,4,3,8,0
2022-08-04 05:00:00,61.5,34.3,5,3,8,0
2022-08-04 06:00:00,64.14,32.3,6,3,8,0
2022-08-04 07:00:00,66.9,31.6,7,3,8,0
2022-08-04 08:00:00,74.7,30.1,8,3,8,0
2022-08-04 09:00:00,74.07,28.8,9,3,8,0
2022-08-04 10:00:00,79.11,29.0,10,3,8,0
2022-08-04 11:00:00,80.7,26.9,11,3,8,0
2022-08-04 12:00:00,78.9,26.9,12,3,8,0
2022-08-04 13:00:00,82.84,26.1,13,3,8,0
2022-08-04 14:00:00,81.24,27.2,14,3,8,0
2022-08-04 15:00:00,79.26,28.3,15,3,8,0
2022-08-04 16:00:00,82.17,26.2,16,3,8,0
2022-08-04 17:00:00,88.98,26.4,17,3,8,0
2022-08-04 18:00:00,92.75,28.6,18,3,8,0
2022-08-04 19:00:00,94.1,29.7,19,3,8,0
2022-08-04 20:00:00,97.12,30.9,20,3,8,0
2022-08-04 21:00:00,96.18,31.4,21,3,8,0
2022-08-04 22:00:00,88.39,32.6,22,3,8,0
2022-08-04 23:00:00,79.24,33.9,23,3,8,0
2022-08-05 00:00:00,55.15,35.0,0,4,8,0
2022-08-05 01:00:00,54.37,33.0,1,4,8,0
2022-08-05 02:00:00,57.73,34.4,2,4,8,0
2022-08-05 03:00:00,58.57,34.8,3,4,8,0
2022-08-05 04:00:00,58.28,33.5,4,4,8,0
2022-08-05 05:00:00,62.06,34.9,5,4,8,0
2022-08-05 06:00:00,63.13,32.2,6,4,8,0
2022-08-05 07:00:00,67.03,31.7,7,4,8,0
2022-08-05 08:00:00,74.55,31.2,8,4,8,0
2022-08-05 09:00:00,77.4,29.2,9,4,8,0
2022-08-05 10:00:00,78.8,27.3,10,4,8,0
2022-08-05 11:00:00,80.81,27.6,11,4,8,0
2022-08-05 12:00:00,81.58,28.1,12,4,8,0
2022-08-05 13:00:00,82.95,26.6,13,4,8,0
2022-08-05 14:00:00,87.85,26.1,14,4,8,0
2022-08-05 15:00:00,81.82,27.6,15,4,8,0
2022-08-05 16:00:00,82.96,27.0,16,4,8,0
2022-08-05 17:00:00,91.77,27.5,17,4,8,0
2022-08-05 18:00:00,91.86,28.9,18,4,8,0
2022-08-05 19:00:00,96.07,30.3,19,4,8,0
2022-08-05 20:00:00,99.3,32.6,20,4,8,0
2022-08-05 21:00:00,101.82,32.4,21,4,8,0
2022-08-05 22:00:00,88.92,33.7,22,4,8,0
2022-08-05 23:00:00,81.71,33.2,23,4,8,0
2022-08-06 00:00:00,50.62,33.4,0,5,8,1
2022-08-06 01:00:00,50.67,34.6,1,5,8,1
2022-08-06 02:00:00,53.65,34.8,2,5,8,1
2022-08-06 03:00:00,52.57,33.7,3,5,8,1
2022-08-06 04:00:00,53.39,34.1,4,5,8,1
2022-08-06 05:00:00,52.7,33.9,5,5,8,1
2022-08-06 06:00:00,57.5,33.0,6,5,8,1
2022-08-06 07:00:00,63.7,32.2,7,5,8,1
2022-08-06 08:00:00,67.55,31.0,8,5,8,1
2022-08-06 09:00:00,69.13,29.3,9,5,8,1
2022-08-06 10:00:00,71.72,28.3,10,5,8,1
2022-08-06 11:00:00,73.32,26.9,11,5,8,1
2022-08-06 12:00:00,73.01,28.7,12,5,8,1
2022-08-06 13:00:00,73.44,26.9,13,5,8,1
2022-08-06 14:00:00,76.26,26.6,14,5,8,1
2022-08-06 15:00:00,76.33,26.1,15,5,8,1
2022-08-06 16:00:00,77.36,29.6,16,5,8,1
2022-08-06 17:00:00,82.58,27.0,17,5,8,1
2022-08-06 18:00:00,80.0,28.4,18,5,8,1
2022-08-06 19:00:00,84.09,30.0,19,5,8,1
2022-08-06 20:00:00,84.33,31.2,20,5,8,1
2022-08-06 21:00:00,91.25,32.5,21,5,8,1
2022-08-06 22:00:00,82.34,34.2,22,5,8,1
2022-08-06 23:00:00,73.87,34.0,23,5,8,1
2022-08-07 00:00:00,48.08,33.4,0,6,8,1
2022-08-07 01:00:00,52.99,34.4,1,6,8,1
2022-08-07 02:00:00,52.06,35.0,2,6,8,1
2022-08-07 03:00:00,56.53,36.3,3,6,8,1
2022-08-07 04:00:00,52.94,33.1,4,6,8,1
2022-08-07 05:00:00,55.22,34.5,5,6,8,1
2022-08-07 06:00:00,58.25,32.9,6,6,8,1
2022-08-07 07:00:00,62.21,32.4,7,6,8,1
2022-08-07 08:00:00,67.86,30.7,8,6,8,1
2022-08-07 09:00:00,69.1,29.0,9,6,8,1
2022-08-07 10:00:00,68.88,29.3,10,6,8,1
2022-08-07 11:00:00,71.25,28.4,11,6,8,1
2022-08-07 12:00:00,72.97,28.0,12,6,8,1
2022-08-07 13:00:00,76.07,26.9,13,6,8,1
2022-08-07 14:00:00,74.54,26.3,14,6,8,1
2022-08-07 15:00:00,74.65,25.6,15,6,8,1
2022-08-07 16:00:00,75.57,27.9,16,6,8,1
2022-08-07 17:00:00,82.6,28.2,17,6,8,1
2022-08-07 18:00:00,79.99,28.0,18,6,8,1
2022-08-07 19:00:00,85.1,29.3,19,6,8,1
2022-08-07 20:00:00,86.03,30.4,20,6,8,1
2022-08-07 21:00:00,86.98,30.6,21,6,8,1
2022-08-07 22:00:00,83.5,32.1,22,6,8,1
2022-08-07 23:00:00,71.39,32.7,23,6,8,1
2022-08-08 00:00:00,55.73,33.9,0,0,8,0
2022-08-08 01:00:00,56.85,34.0,1,0,8,0
2022-08-08 02:00:00,55.27,33.4,2,0,8,0
2022-08-08 03:00:00,58.95,36.2,3,0,8,0
2022-08-08 04:00:00,61.51,35.2,4,0,8,0
2022-08-08 05:00:00,57.78,32.9,5,0,8,0
2022-08-08 06:00:00,62.61,32.9,6,0,8,0
2022-08-08 07:00:00,70.54,32.1,7,0,8,0
2022-08-08 08:00:00,72.95,31.7,8,0,8,0
2022-08-08 09:00:00,75.6,29.0,9,0,8,0
2022-08-08 10:00:00,82.04,29.6,10,0,8,0
2022-08-08 11:00:00,77.24,27.5,11,0,8,0
2022-08-08 12:00:00,78.87,26.2,12,0,8,0
2022-08-08 13:00:00,82.16,27.4,13,0,8,0
2022-08-08 14:00:00,83.53,27.8,14,0,8,0
2022-08-08 15:00:00,82.46,28.9,15,0,8,0
2022-08-08 16:00:00,82.02,26.3,16,0,8,0
2022-08-08 17:00:00,92.72,28.5,17,0,8,0
2022-08-08 18:00:00,92.07,28.4,18,0,8,0
2022-08-08 19:00:00,95.76,30.3,19,0,8,0
2022-08-08 20:00:00,95.14,29.6,20,0,8,0
2022-08-08 21:00:00,97.88,30.8,21,0,8,0
2022-08-08 22:00:00,90.22,32.1,22,0,8,0
2022-08-08 23:00:00,78.78,33.6,23,0,8,0
2022-08-09 00:00:00,55.02,33.7,0,1,8,0
2022-08-09 01:00:00,58.15,35.1,1,1,8,0
2022-08-09 02:00:00,60.64,35.6,2,1,8,0
2022-08-09 03:00:00,61.5,35.1,3,1,8,0
2022-08-09 04:00:00,61.09,35.5,4,1,8,0
2022-08-09 05:00:00,61.33,33.9,5,1,8,0
2022-08-09 06:00:00,60.11,31.8,6,1,8,0
2022-08-09 07:00:00,72.17,32.9,7,1,8,0
2022-08-09 08:00:00,71.56,30.2,8,1,8,0
2022-08-09 09:00:00,78.08,30.4,9,1,8,0
2022-08-09 10:00:00,80.17,30.0,10,1,8,0
2022-08-09 11:00:00,79.59,28.3,11,1,8,0
2022-08-09 12:00:00,81.16,26.1,12,1,8,0
2022-08-09 13:00:00,85.47,26.1,13,1,8,0
2022-08-09 14:00:00,83.29,27.8,14,1,8,0
2022-08-09 15:00:00,82.14,26.7,15,1,8,0
2022-08-09 16:00:00,86.9,27.3,16,1,8,0
2022-08-09 17:00:00,90.99,28.5,17,1,8,0
2022-08-09 18:00:00,95.4,29.3,18,1,8,0
2022-08-09 19:00:00,95.79,29.9,19,1,8,0
2022-08-09 20:00:00,94.14,30.6,20,1,8,0
2022-08-09 21:00:00,99.38,31.5,21,1,8,0
2022-08-09 22:00:00,88.59,33.4,22,1,8,0
2022-08-09 23:00:00,80.72,34.0,23,1,8,0
2022-08-10 00:00:00,55.05,34.0,0,2,8,0
2022-08-10 01:00:00,56.36,35.5,1,2,8,0
2022-08-10 02:00:00,57.08,34.6,2,2,8,0
2022-08-10 03:00:00,60.33,33.9,3,2,8,0
2022-08-10 04:00:00,58.99,33.6,4,2,8,0
2022-08-10 05:00:00,58.62,32.8,5,2,8,0
2022-08-10 06:00:00,66.19,32.5,6,2,8,0
2022-08-10 07:00:00,69.55,32.8,7,2,8,0
2022-08-10 08:00:00,72.32,30.1,8,2,8,0
2022-08-10 09:00:00,79.21,29.8,9,2,8,0
2022-08-10 10:00:00,77.68,28.2,10,2,8,0
2022-08-10 11:00:00,78.67,27.7,11,2,8,0
2022-08-10 12:00:00,77.29,26.1,12,2,8,0
2022-08-10 13:00:00,81.38,26.7,13,2,8,0
2022-08-10 14:00:00,82.37,26.6,14,2,8,0
2022-08-10 15:00:00,84.18,27.3,15,2,8,0
2022-08-10 16:00:00,82.92,27.4,16,2,8,0
2022-08-10 17:00:00,93.86,26.9,17,2,8,0
2022-08-10 18:00:00,90.43,29.6,18,2,8,0
2022-08-10 19:00:00,96.76,29.9,19,2,8,0
2022-08-10 20:00:00,97.36,30.9,20,2,8,0
2022-08-10 21:00:00,100.04,31.8,21,2,8,0
2022-08-10 22:00:00,90.15,32.3,22,2,8,0
2022-08-10 23:00:00,77.11,33.7,23,2,8,0
2022-08-11 00:00:00,55.84,34.6,0,3,8,0
2022-08-11 01:00:00,54.93,33.2,1,3,8,0
2022-08-11 02:00:00,56.4,34.3,2,3,8,0
2022-08-11 03:00:00,59.15,34.4,3,3,8,0
2022-08-11 04:00:00,61.49,34.4,4,3,8,0
2022-08-11 05:00:00,58.01,34.5,5,3,8,0
2022-08-11 06:00:00,62.97,32.1,6,3,8,0
2022-08-11 07:00:00,66.79,31.4,7,3,8,0
2022-08-11 08:00:00,72.79,30.3,8,3,8,0
2022-08-11 09:00:00,76.39,29.1,9,3,8,0
2022-08-11 10:00:00,77.37,28.5,10,3,8,0
2022-08-11 11:00:00,80.91,28.5,11,3,8,0
2022-08-11 12:00:00,83.44,26.4,12,3,8,0
2022-08-11 13:00:00,87.21,27.2,13,3,8,0
2022-08-11 14:00:00,82.71,25.4,14,3,8,0
2022-08-11 15:00:00,80.94,26.4,15,3,8,0
2022-08-11 16:00:00,84.84,27.0,16,3,8,0
2022-08-11 17:00:00,93.14,29.2,17,3,8,0
2022-08-11 18:00:00,93.06,28.5,18,3,8,0
2022-08-11 19:00:00,96.06,27.9,19,3,8,0
2022-08-11 20:00:00,94.37,29.1,20,3,8,0
2022-08-11 21:00:00,97.41,31.8,21,3,8,0
2022-08-11 22:00:00,90.18,33.2,22,3,8,0
2022-08-11 23:00:00,80.11,33.9,23,3,8,0
2022-08-12 00:00:00,56.12,34.3,0,4,8,0
2022-08-12 01:00:00,58.9,35.5,1,4,8,0
2022-08-12 02:00:00,58.58,34.3,2,4,8,0
2022-08-12 03:00:00,60.28,35.3,3,4,8,0
2022-08-12 04:00:00,58.16,32.9,4,4,8,0
2022-08-12 05:00:00,59.65,32.8,5,4,8,0
2022-08-12 06:00:00,60.34,31.3,6,4,8,0
2022-08-12 07:00:00,68.77,31.5,7,4,8,0
2022-08-12 08:00:00,73.24,30.7,8,4,8,0
2022-08-12 09:00:00,78.04,29.8,9,4,8,0
2022-08-12 10:00:00,78.16,28.8,10,4,8,0
2022-08-12 11:00:00,80.5,27.2,11,4,8,0
2022-08-12 12:00:00,79.95,27.1,12,4,8,0
2022-08-12 13:00:00,84.73,25.7,13,4,8,0
2022-08-12 14:00:00,84.7,27.8,14,4,8,0
2022-08-12 15:00:00,84.17,26.6,15,4,8,0
2022-08-12 16:00:00,82.78,26.9,16,4,8,0
2022-08-12 17:00:00,91.74,29.2,17,4,8,0
2022-08-12 18:00:00,91.97,27.7,18,4,8,0
2022-08-12 19:00:00,91.76,28.8,19,4,8,0
2022-08-12 20:00:00,95.65,29.9,20,4,8,0
2022-08-12 21:00:00,99.59,31.7,21,4,8,0
2022-08-12 22:00:00,90.78,33.1,22,4,8,0
2022-08-12 23:00:00,81.66,34.2,23,4,8,0
2022-08-13 00:00:00,53.06,36.3,0,5,8,1
2022-08-13 01:00:00,50.7,32.8,1,5,8,1
2022-08-13 02:00:00,54.73,35.2,2,5,8,1
2022-08-13 03:00:00,53.97,34.2,3,5,8,1
2022-08-13 04:00:00,52.93,33.7,4,5,8,1
2022-08-13 05:00:00,52.62,33.1,5,5,8,1
2022-08-13 06:00:00,56.85,32.0,6,5,8,1
2022-08-13 07:00:00,66.37,33.1,7,5,8,1
2022-08-13 08:00:00,67.29,31.4,8,5,8,1
2022-08-13 09:00:00,73.11,29.7,9,5,8,1
2022-08-13 10:00:00,71.24,29.8,10,5,8,1
2022-08-13 11:00:00,71.44,26.7,11,5,8,1
2022-08-13 12:00:00,72.65,26.2,12,5,8,1
2022-08-13 13:00:00,74.46,25.1,13,5,8,1
2022-08-13 14:00:00,74.26,26.2,14,5,8,1
2022-08-13 15:00:00,73.65,27.0,15,5,8,1
2022-08-13 16:00:00,76.35,27.4,16,5,8,1
2022-08-13 17:00:00,82.92,28.0,17,5,8,1
2022-08-13 18:00:00,86.82,27.6,18,5,8,1
2022-08-13 19:00:00,84.59,30.3,19,5,8,1
2022-08-13 20:00:00,86.83,30.9,20,5,8,1
2022-08-13 21:00:00,88.31,32.4,21,5,8,1
2022-08-13 22:00:00,80.96,31.2,22,5,8,1
2022-08-13 23:00:00,74.19,33.8,23,5,8,1
2022-08-14 00:00:00,48.41,33.2,0,6,8,1
2022-08-14 01:00:00,50.61,34.3,1,6,8,1
2022-08-14 02:00:00,54.45,35.2,2,6,8,1
2022-08-14 03:00:00,54.21,34.7,3,6,8,1
2022-08-14 04:00:00,54.09,33.5,4,6,8,1
2022-08-14 05:00:00,53.4,33.6,5,6,8,1
2022-08-14 06:00:00,54.69,31.5,6,6,8,1
2022-08-14 07:00:00,62.27,32.7,7,6,8,1
2022-08-14 08:00:00,66.89,30.6,8,6,8,1
2022-08-14 09:00:00,74.17,30.6,9,6,8,1
2022-08-14 10:00:00,69.81,28.3,10,6,8,1
2022-08-14 11:00:00,75.4,27.5,11,6,8,1
2022-08-14 12:00:00,74.08,26.7,12,6,8,1
2022-08-14 13:00:00,72.35,27.6,13,6,8,1
2022-08-14 14:00:00,75.88,26.2,14,6,8,1
2022-08-14 15:00:00,76.95,27.4,15,6,8,1
2022-08-14 16:00:00,71.55,27.0,16,6,8,1
2022-08-14 17:00:00,82.19,26.3,17,6,8,1
2022-08-14 18:00:00,84.54,28.3,18,6,8,1
2022-08-14 19:00:00,84.55,28.8,19,6,8,1
2022-08-14 20:00:00,87.25,30.8,20,6,8,1
2022-08-14 21:00:00,87.5,30.8,21,6,8,1
2022-08-14 22:00:00,81.47,33.5,22,6,8,1
2022-08-14 23:00:00,70.92,33.5,23,6,8,1
2022-08-15 00:00:00,54.59,34.1,0,0,8,0
2022-08-15 01:00:00,57.06,35.1,1,0,8,0
2022-08-15 02:00:00,59.09,35.5,2,0,8,0
2022-08-15 03:00:00,58.35,34.6,3,0,8,0
2022-08-15 04:00:00,57.84,33.6,4,0,8,0
2022-08-15 05:00:00,58.77,32.1,5,0,8,0
2022-08-15 06:00:00,64.15,32.2,6,0,8,0
2022-08-15 07:00:00,67.57,31.3,7,0,8,0
2022-08-15 08:00:00,73.99,30.8,8,0,8,0
2022-08-15 09:00:00,76.56,29.4,9,0,8,0
2022-08-15 10:00:00,78.75,29.3,10,0,8,0
2022-08-15 11:00:00,81.35,27.4,11,0,8,0
2022-08-15 12:00:00,79.9,27.2,12,0,8,0
2022-08-15 13:00:00,81.0,27.8,13,0,8,0
2022-08-15 14:00:00,83.69,27.0,14,0,8,0
2022-08-15 15:00:00,81.69,26.8,15,0,8,0
2022-08-15 16:00:00,83.47,26.8,16,0,8,0
2022-08-15 17:00:00,89.57,27.4,17,0,8,0
2022-08-15 18:00:00,87.19,28.1,18,0,8,0
2022-08-15 19:00:00,94.46,29.3,19,0,8,0
2022-08-15 20:00:00,97.09,31.3,20,0,8,0
2022-08-15 21:00:00,100.5,31.6,21,0,8,0
2022-08-15 22:00:00,88.55,31.7,22,0,8,0
2022-08-15 23:00:00,82.99,35.0,23,0,8,0
2022-08-16 00:00:00,56.87,34.5,0,1,8,0
2022-08-16 01:00:00,55.42,33.5,1,1,8,0
2022-08-16 02:00:00,57.65,34.4,2,1,8,0
2022-08-16 03:00:00,57.43,34.7,3,1,8,0
2022-08-16 04:00:00,62.43,35.6,4,1,8,0
2022-08-16 05:00:00,58.53,32.7,5,1,8,0
2022-08-16 06:00:00,64.1,33.5,6,1,8,0
2022-08-16 07:00:00,71.13,32.9,7,1,8,0
2022-08-16 08:00:00,69.54,30.2,8,1,8,0
2022-08-16 09:00:00,76.72,29.5,9,1,8,0
2022-08-16 10:00:00,79.68,27.9,10,1,8,0
2022-08-16 11:00:00,79.15,27.7,11,1,8,0
2022-08-16 12:00:00,79.72,27.2,12,1,8,0
2022-08-16 13:00:00,82.23,27.4,13,1,8,0
2022-08-16 14:00:00,80.63,27.6,14,1,8,0
2022-08-16 15:00:00,85.1,26.3,15,1,8,0
2022-08-16 16:00:00,83.72,25.7,16,1,8,0
2022-08-16 17:00:00,89.59,27.9,17,1,8,0
2022-08-16 18:00:00,91.12,29.0,18,1,8,0
2022-08-16 19:00:00,94.24,29.9,19,1,8,0
2022-08-16 20:00:00,97.68,30.5,20,1,8,0
2022-08-16 21:00:00,98.57,31.9,21,1,8,0
2022-08-16 22:00:00,88.57,33.9,22,1,8,0
2022-08-16 23:00:00,81.43,33.9,23,1,8,0
2022-08-17 00:00:00,55.49,33.9,0,2,8,0
2022-08-17 01:00:00,56.59,34.2,1,2,8,0
2022-08-17 02:00:00,58.97,34.6,2,2,8,0
2022-08-17 03:00:00,60.51,35.9,3,2,8,0
2022-08-17 04:00:00,60.38,34.0,4,2,8,0
2022-08-17 05:00:00,61.14,33.5,5,2,8,0
2022-08-17 06:00:00,64.51,32.3,6,2,8,0
2022-08-17 07:00:00,68.86,32.6,7,2,8,0
2022-08-17 08:00:00,74.91,32.3,8,2,8,0
2022-08-17 09:00:00,79.94,30.1,9,2,8,0
2022-08-17 10:00:00,76.0,28.8,10,2,8,0
2022-08-17 11:00:00,79.22,27.9,11,2,8,0
2022-08-17 12:00:00,80.31,25.4,12,2,8,0
2022-08-17 13:00:00,81.5,27.5,13,2,8,0
2022-08-17 14:00:00,85.36,26.8,14,2,8,0
2022-08-17 15:00:00,84.54,27.2,15,2,8,0
2022-08-17 16:00:00,82.76,26.7,16,2,8,0
2022-08-17 17:00:00,91.13,27.6,17,2,8,0
2022-08-17 18:00:00,91.32,28.4,18,2,8,0
2022-08-17 19:00:00,93.32,30.5,19,2,8,0
2022-08-17 20:00:00,95.03,30.4,20,2,8,0
2022-08-17 21:00:00,101.27,33.4,21,2,8,0
2022-08-17 22:00:00,91.43,33.1,22,2,8,0
2022-08-17 23:00:00,78.2,32.5,23,2,8,0
2022-08-18 00:00:00,55.77,34.1,0,3,8,0
2022-08-18 01:00:00,57.82,34.1,1,3,8,0
2022-08-18 02:00:00,54.71,33.0,2,3,8,0
2022-08-18 03:00:00,60.84,35.9,3,3,8,0
2022-08-18 04:00:00,61.04,34.8,4,3,8,0
2022-08-18 05:00:00,60.14,34.0,5,3,8,0
2022-08-18 06:00:00,66.0,32.9,6,3,8,0
2022-08-18 07:00:00,70.36,30.7,7,3,8,0
2022-08-18 08:00:00,73.17,30.3,8,3,8,0
2022-08-18 09:00:00,78.09,30.4,9,3,8,0
2022-08-18 10:00:00,79.79,27.9,10,3,8,0
2022-08-18 11:00:00,81.14,25.9,11,3,8,0
2022-08-18 12:00:00,76.87,27.1,12,3,8,0
2022-08-18 13:00:00,82.9,26.8,13,3,8,0
2022-08-18 14:00:00,83.28,26.8,14,3,8,0
2022-08-18 15:00:00,84.57,27.5,15,3,8,0
2022-08-18 16:00:00,83.61,27.8,16,3,8,0
2022-08-18 17:00:00,89.92,28.1,17,3,8,0
2022-08-18 18:00:00,90.9,29.7,18,3,8,0
2022-08-18 19:00:00,94.47,28.5,19,3,8,0
2022-08-18 20:00:00,100.25,31.1,20,3,8,0
2022-08-18 21:00:00,97.57,32.3,21,3,8,0
2022-08-18 22:00:00,85.87,31.7,22,3,8,0
2022-08-18 23:00:00,78.82,32.4,23,3,8,0
2022-08-19 00:00:00,54.62,33.6,0,4,8,0
2022-08-19 01:00:00,57.42,34.1,1,4,8,0
2022-08-19 02:00:00,57.5,35.3,2,4,8,0
2022-08-19 03:00:00,57.77,34.1,3,4,8,0
2022-08-19 04:00:00,56.39,33.5,4,4,8,0
2022-08-19 05:00:00,60.62,33.1,5,4,8,0
2022-08-19 06:00:00,65.69,33.6,6,4,8,0
2022-08-19 07:00:00,68.27,31.8,7,4,8,0
2022-08-19 08:00:00,71.21,30.6,8,4,8,0
2022-08-19 09:00:00,75.63,29.6,9,4,8,0
2022-08-19 10:00:00,79.89,29.8,10,4,8,0
2022-08-19 11:00:00,78.1,27.3,11,4,8,0
2022-08-19 12:00:00,81.02,28.3,12,4,8,0
2022-08-19 13:00:00,86.21,27.0,13,4,8,0
2022-08-19 14:00:00,83.35,26.6,14,4,8,0
2022-08-19 15:00:00,82.35,28.9,15,4,8,0
2022-08-19 16:00:00,84.55,26.4,16,4,8,0
2022-08-19 17:00:00,87.91,27.6,17,4,8,0
2022-08-19 18:00:00,94.68,27.7,18,4,8,0
2022-08-19 19:00:00,97.49,30.5,19,4,8,0
2022-08-19 20:00:00,98.09,32.1,20,4,8,0
2022-08-19 21:00:00,98.43,33.1,21,4,8,0
2022-08-19 22:00:00,89.88,33.7,22,4,8,0
2022-08-19 23:00:00,79.56,33.4,23,4,8,0
2022-08-20 00:00:00,50.46,33.9,0,5,8,1
2022-08-20 01:00:00,51.31,33.3,1,5,8,1
2022-08-20 02:00:00,53.9,36.4,2,5,8,1
2022-08-20 03:00:00,55.21,35.0,3,5,8,1
2022-08-20 04:00:00,54.3,33.8,4,5,8,1
2022-08-20 05:00:00,55.0,34.6,5,5,8,1
2022-08-20 06:00:00,56.21,32.0,6,5,8,1
2022-08-20 07:00:00,62.82,32.1,7,5,8,1
2022-08-20 08:00:00,64.47,30.6,8,5,8,1
2022-08-20 09:00:00,72.06,30.2,9,5,8,1
2022-08-20 10:00:00,68.75,28.7,10,5,8,1
2022-08-20 11:00:00,72.7,26.7,11,5,8,1
2022-08-20 12:00:00,72.64,27.3,12,5,8,1
2022-08-20 13:00:00,73.7,27.7,13,5,8,1
2022-08-20 14:00:00,75.36,26.7,14,5,8,1
2022-08-20 15:00:00,77.3,27.5,15,5,8,1
2022-08-20 16:00:00,73.58,26.4,16,5,8,1
2022-08-20 17:00:00,80.33,27.9,17,5,8,1
2022-08-20 18:00:00,81.09,28.2,18,5,8,1
2022-08-20 19:00:00,85.31,30.3,19,5,8,1
2022-08-20 20:00:00,86.1,30.8,20,5,8,1
2022-08-20 21:00:00,86.34,32.3,21,5,8,1
2022-08-20 22:00:00,80.22,33.6,22,5,8,1
2022-08-20 23:00:00,75.75,34.1,23,5,8,1
2022-08-21 00:00:00,50.93,34.4,0,6,8,1
2022-08-21 01:00:00,51.1,33.8,1,6,8,1
2022-08-21 02:00:00,52.61,34.7,2,6,8,1
2022-08-21 03:00:00,53.16,34.2,3,6,8,1
2022-08-21 04:00:00,53.33,33.9,4,6,8,1
2022-08-21 05:00:00,54.54,33.3,5,6,8,1
2022-08-21 06:00:00,57.48,31.9,6,6,8,1
2022-08-21 07:00:00,58.89,30.2,7,6,8,1
2022-08-21 08:00:00,65.81,30.2,8,6,8,1
2022-08-21 09:00:00,66.48,29.9,9,6,8,1
2022-08-21 10:00:00,71.1,27.7,10,6,8,1
2022-08-21 11:00:00,69.65,27.9,11,6,8,1
2022-08-21 12:00:00,72.62,28.8,12,6,8,1
2022-08-21 13:00:00,72.68,27.7,13,6,8,1
2022-08-21 14:00:00,75.54,28.0,14,6,8,1
2022-08-21 15:00:00,76.48,27.2,15,6,8,1
2022-08-21 16:00:00,78.0,28.2,16,6,8,1
2022-08-21 17:00:00,78.35,27.3,17,6,8,1
2022-08-21 18:00:00,84.19,28.2,18,6,8,1
2022-08-21 19:00:00,84.06,27.5,19,6,8,1
2022-08-21 20:00:00,87.61,31.7,20,6,8,1
2022-08-21 21:00:00,91.88,33.0,21,6,8,1
2022-08-21 22:00:00,80.02,32.3,22,6,8,1
2022-08-21 23:00:00,73.57,33.4,23,6,8,1
2022-08-22 00:00:00,53.69,33.6,0,0,8,0
2022-08-22 01:00:00,56.61,34.9,1,0,8,0
2022-08-22 02:00:00,60.04,35.6,2,0,8,0
2022-08-22 03:00:00,58.75,33.2,3,0,8,0
2022-08-22 04:00:00,59.78,34.5,4,0,8,0
2022-08-22 05:00:00,56.45,33.3,5,0,8,0
2022-08-22 06:00:00,64.2,32.8,6,0,8,0
2022-08-22 07:00:00,69.26,32.1,7,0,8,0
2022-08-22 08:00:00,72.73,30.6,8,0,8,0
2022-08-22 09:00:00,77.98,29.6,9,0,8,0
2022-08-22 10:00:00,77.57,28.6,10,0,8,0
2022-08-22 11:00:00,81.14,28.7,11,0,8,0
2022-08-22 12:00:00,79.01,27.6,12,0,8,0
2022-08-22 13:00:00,84.9,27.0,13,0,8,0
2022-08-22 14:00:00,86.47,25.7,14,0,8,0
2022-08-22 15:00:00,82.43,26.6,15,0,8,0
2022-08-22 16:00:00,82.43,28.0,16,0,8,0
2022-08-22 17:00:00,90.79,27.9,17,0,8,0
2022-08-22 18:00:00,89.84,29.3,18,0,8,0
2022-08-22 19:00:00,94.76,31.1,19,0,8,0
2022-08-22 20:00:00,99.83,31.6,20,0,8,0
2022-08-22 21:00:00,99.91,31.8,21,0,8,0
2022-08-22 22:00:00,92.19,32.3,22,0,8,0
2022-08-22 23:00:00,77.96,31.5,23,0,8,0
2022-08-23 00:00:00,54.66,34.1,0,1,8,0
2022-08-23 01:00:00,56.56,34.3,1,1,8,0
2022-08-23 02:00:00,58.22,35.0,2,1,8,0
2022-08-23 03:00:00,58.66,34.5,3,1,8,0
2022-08-23 04:00:00,59.08,33.9,4,1,8,0
2022-08-23 05:00:00,56.98,32.1,5,1,8,0
2022-08-23 06:00:00,63.8,32.0,6,1,8,0
2022-08-23 07:00:00,67.42,32.1,7,1,8,0
2022-08-23 08:00:00,73.85,32.1,8,1,8,0
2022-08-23 09:00:00,77.3,29.6,9,1,8,0
2022-08-23 10:00:00,74.84,29.0,10,1,8,0
2022-08-23 11:00:00,81.03,28.7,11,1,8,0
2022-08-23 12:00:00,77.61,26.6,12,1,8,0
2022-08-23 13:00:00,83.99,27.2,13,1,8,0
2022-08-23 14:00:00,81.8,26.1,14,1,8,0
2022-08-23 15:00:00,83.26,27.6,15,1,8,0
2022-08-23 16:00:00,84.78,27.4,16,1,8,0
2022-08-23 17:00:00,93.93,28.1,17,1,8,0
2022-08-23 18:00:00,91.81,28.1,18,1,8,0
2022-08-23 19:00:00,91.09,30.3,19,1,8,0
2022-08-23 20:00:00,100.52,32.4,20,1,8,0
2022-08-23 21:00:00,97.15,31.0,21,1,8,0
2022-08-23 22:00:00,89.26,32.5,22,1,8,0
2022-08-23 23:00:00,81.17,33.7,23,1,8,0
2022-08-24 00:00:00,53.95,34.8,0,2,8,0
2022-08-24 01:00:00,56.28,34.1,1,2,8,0
2022-08-24 02:00:00,54.96,32.5,2,2,8,0
2022-08-24 03:00:00,61.48,35.7,3,2,8,0
2022-08-24 04:00:00,60.94,34.8,4,2,8,0
2022-08-24 05:00:00,56.36,32.2,5,2,8,0
2022-08-24 06:00:00,65.19,32.2,6,2,8,0
2022-08-24 07:00:00,70.88,33.0,7,2,8,0
2022-08-24 08:00:00,72.46,31.9,8,2,8,0
2022-08-24 09:00:00,78.52,30.4,9,2,8,0
2022-08-24 10:00:00,79.88,28.6,10,2,8,0
2022-08-24 11:00:00,77.94,28.0,11,2,8,0
2022-08-24 12:00:00,83.03,27.2,12,2,8,0
2022-08-24 13:00:00,80.45,27.8,13,2,8,0
2022-08-24 14:00:00,82.63,26.0,14,2,8,0
2022-08-24 15:00:00,82.38,26.2,15,2,8,0
2022-08-24 16:00:00,86.18,28.1,16,2,8,0
2022-08-24 17:00:00,89.2,27.9,17,2,8,0
2022-08-24 18:00:00,90.48,29.8,18,2,8,0
2022-08-24 19:00:00,94.19,29.2,19,2,8,0
2022-08-24 20:00:00,97.93,30.7,20,2,8,0
2022-08-24 21:00:00,98.82,31.0,21,2,8,0
2022-08-24 22:00:00,88.94,32.7,22,2,8,0
2022-08-24 23:00:00,79.16,32.4,23,2,8,0
2022-08-25 00:00:00,54.26,33.8,0,3,8,0
2022-08-25 01:00:00,57.07,33.4,1,3,8,0
2022-08-25 02:00:00,59.88,35.3,2,3,8,0
2022-08-25 03:00:00,60.74,35.2,3,3,8,0
2022-08-25 04:00:00,58.61,32.8,4,3,8,0
2022-08-25 05:00:00,61.51,34.6,5,3,8,0
2022-08-25 06:00:00,65.26,34.7,6,3,8,0
2022-08-25 07:00:00,69.67,31.8,7,3,8,0
2022-08-25 08:00:00,72.73,30.2,8,3,8,0
2022-08-25 09:00:00,82.26,32.0,9,3,8,0
2022-08-25 10:00:00,79.53,27.7,10,3,8,0
2022-08-25 11:00:00,80.69,27.9,11,3,8,0
2022-08-25 12:00:00,78.19,27.4,12,3,8,0
2022-08-25 13:00:00,82.76,27.9,13,3,8,0
2022-08-25 14:00:00,83.01,27.0,14,3,8,0
2022-08-25 15:00:00,84.34,26.5,15,3,8,0
2022-08-25 16:00:00,83.24,26.5,16,3,8,0
2022-08-25 17:00:00,89.58,27.6,17,3,8,0
2022-08-25 18:00:00,92.42,27.9,18,3,8,0
2022-08-25 19:00:00,93.19,29.7,19,3,8,0
2022-08-25 20:00:00,96.46,30.3,20,3,8,0
2022-08-25 21:00:00,94.28,30.6,21,3,8,0
2022-08-25 22:00:00,89.21,33.7,22,3,8,0
2022-08-25 23:00:00,80.71,33.2,23,3,8,0
2022-08-26 00:00:00,52.99,33.2,0,4,8,0
2022-08-26 01:00:00,57.97,34.5,1,4,8,0
2022-08-26 02:00:00,59.11,34.8,2,4,8,0
2022-08-26 03:00:00,56.96,33.2,3,4,8,0
2022-08-26 04:00:00,62.94,34.5,4,4,8,0
2022-08-26 05:00:00,60.0,32.7,5,4,8,0
2022-08-26 06:00:00,64.88,34.1,6,4,8,0
2022-08-26 07:00:00,70.3,32.2,7,4,8,0
2022-08-26 08:00:00,72.9,30.4,8,4,8,0
2022-08-26 09:00:00,75.71,29.1,9,4,8,0
2022-08-26 10:00:00,76.66,28.6,10,4,8,0
2022-08-26 11:00:00,81.38,28.4,11,4,8,0
2022-08-26 12:00:00,79.91,27.2,12,4,8,0
2022-08-26 13:00:00,82.74,26.7,13,4,8,0
2022-08-26 14:00:00,82.41,26.8,14,4,8,0
2022-08-26 15:00:00,82.7,26.4,15,4,8,0
2022-08-26 16:00:00,83.72,27.0,16,4,8,0
2022-08-26 17:00:00,90.75,26.2,17,4,8,0
2022-08-26 18:00:00,87.57,29.5,18,4,8,0
2022-08-26 19:00:00,94.25,29.9,19,4,8,0
2022-08-26 20:00:00,94.61,30.1,20,4,8,0
2022-08-26 21:00:00,102.95,33.3,21,4,8,0
2022-08-26 22:00:00,94.39,32.8,22,4,8,0
2022-08-26 23:00:00,78.63,32.7,23,4,8,0
2022-08-27 00:00:00,49.64,34.9,0,5,8,1
2022-08-27 01:00:00,52.33,34.9,1,5,8,1
2022-08-27 02:00:00,53.05,35.0,2,5,8,1
2022-08-27 03:00:00,55.35,34.3,3,5,8,1
2022-08-27 04:00:00,56.35,34.6,4,5,8,1
2022-08-27 05:00:00,55.02,33.4,5,5,8,1
2022-08-27 06:00:00,58.24,33.2,6,5,8,1
2022-08-27 07:00:00,61.26,30.2,7,5,8,1
2022-08-27 08:00:00,66.07,30.4,8,5,8,1
2022-08-27 09:00:00,71.97,31.1,9,5,8,1
2022-08-27 10:00:00,68.08,28.1,10,5,8,1
2022-08-27 11:00:00,73.5,27.4,11,5,8,1
2022-08-27 12:00:00,72.94,26.9,12,5,8,1
2022-08-27 13:00:00,74.45,25.9,13,5,8,1
2022-08-27 14:00:00,74.55,25.0,14,5,8,1
2022-08-27 15:00:00,74.23,26.7,15,5,8,1
2022-08-27 16:00:00,76.05,27.4,16,5,8,1
2022-08-27 17:00:00,77.98,27.9,17,5,8,1
2022-08-27 18:00:00,83.85,28.6,18,5,8,1
2022-08-27 19:00:00,82.74,29.7,19,5,8,1
2022-08-27 20:00:00,84.52,31.6,20,5,8,1
2022-08-27 21:00:00,92.17,31.6,21,5,8,1
2022-08-27 22:00:00,78.99,32.3,22,5,8,1
2022-08-27 23:00:00,71.35,33.3,23,5,8,1
2022-08-28 00:00:00,52.14,34.7,0,6,8,1
2022-08-28 01:00:00,54.99,35.7,1,6,8,1
2022-08-28 02:00:00,50.76,34.2,2,6,8,1
2022-08-28 03:00:00,52.84,34.7,3,6,8,1
2022-08-28 04:00:00,53.58,34.5,4,6,8,1
2022-08-28 05:00:00,54.37,32.8,5,6,8,1
2022-08-28 06:00:00,60.24,32.7,6,6,8,1
2022-08-28 07:00:00,59.49,30.6,7,6,8,1
2022-08-28 08:00:00,66.34,29.3,8,6,8,1
2022-08-28 09:00:00,69.22,30.0,9,6,8,1
2022-08-28 10:00:00,70.98,28.4,10,6,8,1
2022-08-28 11:00:00,69.86,28.1,11,6,8,1
2022-08-28 12:00:00,72.58,27.3,12,6,8,1
2022-08-28 13:00:00,74.43,26.1,13,6,8,1
2022-08-28 14:00:00,75.01,26.7,14,6,8,1
2022-08-28 15:00:00,76.16,25.9,15,6,8,1
2022-08-28 16:00:00,73.88,28.4,16,6,8,1
2022-08-28 17:00:00,79.5,26.8,17,6,8,1
2022-08-28 18:00:00,83.22,28.6,18,6,8,1
2022-08-28 19:00:00,86.26,28.9,19,6,8,1
2022-08-28 20:00:00,87.8,31.2,20,6,8,1
2022-08-28 21:00:00,89.6,31.5,21,6,8,1
2022-08-28 22:00:00,81.67,32.3,22,6,8,1
2022-08-28 23:00:00,74.69,34.2,23,6,8,1
2022-08-29 00:00:00,54.45,34.2,0,0,8,0
2022-08-29 01:00:00,56.59,35.0,1,0,8,0
2022-08-29 02:00:00,56.36,33.9,2,0,8,0
2022-08-29 03:00:00,59.56,33.5,3,0,8,0
2022-08-29 04:00:00,60.11,34.3,4,0,8,0
2022-08-29 05:00:00,59.89,33.3,5,0,8,0
2022-08-29 06:00:00,65.34,33.2,6,0,8,0
2022-08-29 07:00:00,67.05,31.7,7,0,8,0
2022-08-29 08:00:00,76.11,30.9,8,0,8,0
2022-08-29 09:00:00,77.48,28.4,9,0,8,0
2022-08-29 10:00:00,80.84,30.2,10,0,8,0
2022-08-29 11:00:00,77.08,27.8,11,0,8,0
2022-08-29 12:00:00,82.09,27.8,12,0,8,0
2022-08-29 13:00:00,82.32,26.2,13,0,8,0
2022-08-29 14:00:00,81.75,27.0,14,0,8,0
2022-08-29 15:00:00,82.36,25.8,15,0,8,0
2022-08-29 16:00:00,81.85,27.6,16,0,8,0
2022-08-29 17:00:00,87.81,27.6,17,0,8,0
2022-08-29 18:00:00,91.71,28.8,18,0,8,0
2022-08-29 19:00:00,93.99,30.3,19,0,8,0
2022-08-29 20:00:00,96.13,29.7,20,0,8,0
2022-08-29 21:00:00,100.94,31.2,21,0,8,0
2022-08-29 22:00:00,89.65,33.1,22,0,8,0
2022-08-29 23:00:00,78.88,35.2,23,0,8,0
2022-08-30 00:00:00,55.01,34.1,0,1,8,0
2022-08-30 01:00:00,58.64,35.1,1,1,8,0
2022-08-30 02:00:00,57.81,34.6,2,1,8,0
2022-08-30 03:00:00,62.28,36.1,3,1,8,0
2022-08-30 04:00:00,58.25,32.8,4,1,8,0
2022-08-30 05:00:00,57.82,33.6,5,1,8,0
2022-08-30 06:00:00,62.88,31.4,6,1,8,0
2022-08-30 07:00:00,66.84,29.8,7,1,8,0
2022-08-30 08:00:00,75.03,31.0,8,1,8,0
2022-08-30 09:00:00,80.45,29.8,9,1,8,0
2022-08-30 10:00:00,79.68,28.5,10,1,8,0
2022-08-30 11:00:00,80.52,27.8,11,1,8,0
2022-08-30 12:00:00,82.76,29.7,12,1,8,0
2022-08-30 13:00:00,82.63,26.7,13,1,8,0
2022-08-30 14:00:00,81.53,27.1,14,1,8,0
2022-08-30 15:00:00,83.99,26.3,15,1,8,0
2022-08-30 16:00:00,84.52,27.5,16,1,8,0
2022-08-30 17:00:00,87.95,27.7,17,1,8,0
2022-08-30 18:00:00,93.97,28.4,18,1,8,0
2022-08-30 19:00:00,97.61,31.2,19,1,8,0
2022-08-30 20:00:00,95.37,31.7,20,1,8,0
2022-08-30 21:00:00,101.2,31.9,21,1,8,0
2022-08-30 22:00:00,86.72,30.9,22,1,8,0
2022-08-30 23:00:00,78.74,33.3,23,1,8,0
2022-08-31 00:00:00,59.04,36.4,0,2,8,0
2022-08-31 01:00:00,56.58,34.4,1,2,8,0
2022-08-31 02:00:00,60.99,35.6,2,2,8,0
2022-08-31 03:00:00,59.37,35.7,3,2,8,0
2022-08-31 04:00:00,57.9,34.4,4,2,8,0
2022-08-31 05:00:00,58.63,32.9,5,2,8,0
2022-08-31 06:00:00,62.96,30.8,6,2,8,0
2022-08-31 07:00:00,68.28,32.3,7,2,8,0
2022-08-31 08:00:00,70.6,30.1,8,2,8,0
2022-08-31 09:00:00,78.06,29.8,9,2,8,0
2022-08-31 10:00:00,76.06,27.7,10,2,8,0
2022-08-31 11:00:00,80.31,27.7,11,2,8,0
2022-08-31 12:00:00,80.32,27.3,12,2,8,0
2022-08-31 13:00:00,83.7,27.1,13,2,8,0
2022-08-31 14:00:00,81.65,25.8,14,2,8,0
2022-08-31 15:00:00,86.05,27.8,15,2,8,0
2022-08-31 16:00:00,83.62,26.8,16,2,8,0
2022-08-31 17:00:00,91.41,26.6,17,2,8,0
2022-08-31 18:00:00,93.32,28.6,18,2,8,0
2022-08-31 19:00:00,91.87,29.7,19,2,8,0
2022-08-31 20:00:00,98.58,30.9,20,2,8,0
2022-08-31 21:00:00,97.21,32.9,21,2,8,0
2022-08-31 22:00:00,86.87,32.5,22,2,8,0
2022-08-31 23:00:00,82.98,33.5,23,2,8,0
2022-09-01 00:00:00,54.11,32.6,0,3,9,0
2022-09-01 01:00:00,58.37,34.5,1,3,9,0
2022-09-01 02:00:00,56.5,34.1,2,3,9,0
2022-09-01 03:00:00,57.27,33.5,3,3,9,0
2022-09-01 04:00:00,56.81,31.9,4,3,9,0
2022-09-01 05:00:00,59.78,34.0,5,3,9,0
2022-09-01 06:00:00,60.9,31.0,6,3,9,0
2022-09-01 07:00:00,65.73,30.6,7,3,9,0
2022-09-01 08:00:00,72.4,30.3,8,3,9,0
2022-09-01 09:00:00,74.52,28.0,9,3,9,0
2022-09-01 10:00:00,75.97,26.8,10,3,9,0
2022-09-01 11:00:00,79.78,25.5,11,3,9,0
2022-09-01 12:00:00,80.03,27.1,12,3,9,0
2022-09-01 13:00:00,83.73,25.7,13,3,9,0
2022-09-01 14:00:00,82.53,28.3,14,3,9,0
2022-09-01 15:00:00,82.28,25.3,15,3,9,0
2022-09-01 16:00:00,83.92,25.8,16,3,9,0
2022-09-01 17:00:00,87.89,26.7,17,3,9,0
2022-09-01 18:00:00,89.66,28.2,18,3,9,0
2022-09-01 19:00:00,91.24,28.6,19,3,9,0
2022-09-01 20:00:00,95.3,30.5,20,3,9,0
2022-09-01 21:00:00,99.25,30.3,21,3,9,0
2022-09-01 22:00:00,84.24,30.9,22,3,9,0
2022-09-01 23:00:00,78.87,31.4,23,3,9,0
2022-09-02 00:00:00,52.67,31.7,0,4,9,0
2022-09-02 01:00:00,56.55,33.4,1,4,9,0
2022-09-02 02:00:00,59.65,33.8,2,4,9,0
2022-09-02 03:00:00,58.51,33.4,3,4,9,0
2022-09-02 04:00:00,60.34,34.5,4,4,9,0
2022-09-02 05:00:00,58.16,33.8,5,4,9,0
2022-09-02 06:00:00,61.23,31.7,6,4,9,0
2022-09-02 07:00:00,66.14,29.6,7,4,9,0
2022-09-02 08:00:00,68.78,29.5,8,4,9,0
2022-09-02 09:00:00,77.05,28.5,9,4,9,0
2022-09-02 10:00:00,74.38,27.5,10,4,9,0
2022-09-02 11:00:00,80.97,26.6,11,4,9,0
2022-09-02 12:00:00,79.68,26.0,12,4,9,0
2022-09-02 13:00:00,82.42,25.8,13,4,9,0
2022-09-02 14:00:00,82.0,25.5,14,4,9,0
2022-09-02 15:00:00,80.12,26.3,15,4,9,0
2022-09-02 16:00:00,85.25,26.8,16,4,9,0
2022-09-02 17:00:00,91.67,26.4,17,4,9,0
2022-09-02 18:00:00,90.21,29.0,18,4,9,0
2022-09-02 19:00:00,93.57,28.2,19,4,9,0
2022-09-02 20:00:00,93.16,28.7,20,4,9,0
2022-09-02 21:00:00,97.69,31.3,21,4,9,0
2022-09-02 22:00:00,88.27,31.3,22,4,9,0
2022-09-02 23:00:00,79.83,33.1,23,4,9,0
2022-09-03 00:00:00,48.14,31.5,0,5,9,1
2022-09-03 01:00:00,52.47,35.0,1,5,9,1
2022-09-03 02:00:00,52.3,34.5,2,5,9,1
2022-09-03 03:00:00,50.25,32.7,3,5,9,1
2022-09-03 04:00:00,50.96,32.3,4,5,9,1
2022-09-03 05:00:00,55.51,34.2,5,5,9,1
2022-09-03 06:00:00,54.56,31.4,6,5,9,1
2022-09-03 07:00:00,61.56,30.4,7,5,9,1
2022-09-03 08:00:00,63.1,28.2,8,5,9,1
2022-09-03 09:00:00,67.28,28.7,9,5,9,1
2022-09-03 10:00:00,68.2,27.8,10,5,9,1
2022-09-03 11:00:00,72.31,27.7,11,5,9,1
2022-09-03 12:00:00,72.14,25.4,12,5,9,1
2022-09-03 13:00:00,76.57,24.9,13,5,9,1
2022-09-03 14:00:00,72.84,26.4,14,5,9,1
2022-09-03 15:00:00,73.96,26.9,15,5,9,1
2022-09-03 16:00:00,74.76,25.3,16,5,9,1
2022-09-03 17:00:00,79.06,28.0,17,5,9,1
2022-09-03 18:00:00,81.77,28.0,18,5,9,1
2022-09-03 19:00:00,84.67,29.8,19,5,9,1
2022-09-03 20:00:00,86.48,29.9,20,5,9,1
2022-09-03 21:00:00,87.76,29.0,21,5,9,1
2022-09-03 22:00:00,77.14,31.9,22,5,9,1
2022-09-03 23:00:00,72.82,33.7,23,5,9,1
2022-09-04 00:00:00,47.67,32.7,0,6,9,1
2022-09-04 01:00:00,50.7,33.6,1,6,9,1
2022-09-04 02:00:00,51.99,33.9,2,6,9,1
2022-09-04 03:00:00,48.58,31.5,3,6,9,1
2022-09-04 04:00:00,53.52,34.8,4,6,9,1
2022-09-04 05:00:00,52.68,32.1,5,6,9,1
2022-09-04 06:00:00,57.55,32.4,6,6,9,1
2022-09-04 07:00:00,60.58,31.0,7,6,9,1
2022-09-04 08:00:00,66.8,31.0,8,6,9,1
2022-09-04 09:00:00,69.97,29.3,9,6,9,1
2022-09-04 10:00:00,69.07,27.8,10,6,9,1
2022-09-04 11:00:00,69.92,26.5,11,6,9,1
2022-09-04 12:00:00,70.17,27.2,12,6,9,1
2022-09-04 13:00:00,74.05,24.6,13,6,9,1
2022-09-04 14:00:00,72.57,26.5,14,6,9,1
2022-09-04 15:00:00,75.07,25.3,15,6,9,1
2022-09-04 16:00:00,76.9,27.5,16,6,9,1
2022-09-04 17:00:00,79.77,27.3,17,6,9,1
2022-09-04 18:00:00,80.8,28.5,18,6,9,1
2022-09-04 19:00:00,86.76,29.0,19,6,9,1
2022-09-04 20:00:00,87.29,28.6,20,6,9,1
2022-09-04 21:00:00,85.09,30.3,21,6,9,1
2022-09-04 22:00:00,80.25,32.5,22,6,9,1
2022-09-04 23:00:00,71.97,33.0,23,6,9,1
2022-09-05 00:00:00,55.4,34.4,0,0,9,0
2022-09-05 01:00:00,57.75,34.2,1,0,9,0
2022-09-05 02:00:00,55.88,33.2,2,0,9,0
2022-09-05 03:00:00,57.05,33.2,3,0,9,0
2022-09-05 04:00:00,58.9,33.5,4,0,9,0
2022-09-05 05:00:00,57.46,31.0,5,0,9,0
2022-09-05 06:00:00,65.63,33.3,6,0,9,0
2022-09-05 07:00:00,68.53,31.4,7,0,9,0
2022-09-05 08:00:00,70.78,31.0,8,0,9,0
2022-09-05 09:00:00,75.39,27.7,9,0,9,0
2022-09-05 10:00:00,78.9,29.0,10,0,9,0
2022-09-05 11:00:00,79.56,29.0,11,0,9,0
2022-09-05 12:00:00,81.49,25.5,12,0,9,0
2022-09-05 13:00:00,85.27,26.8,13,0,9,0
2022-09-05 14:00:00,81.3,26.0,14,0,9,0
2022-09-05 15:00:00,85.1,24.9,15,0,9,0
2022-09-05 16:00:00,82.69,26.9,16,0,9,0
2022-09-05 17:00:00,90.97,27.8,17,0,9,0
2022-09-05 18:00:00,90.77,27.5,18,0,9,0
2022-09-05 19:00:00,97.32,29.9,19,0,9,0
2022-09-05 20:00:00,94.13,28.7,20,0,9,0
2022-09-05 21:00:00,94.16,29.8,21,0,9,0
2022-09-05 22:00:00,88.66,32.1,22,0,9,0
2022-09-05 23:00:00,79.13,32.8,23,0,9,0
2022-09-06 00:00:00,54.49,32.9,0,1,9,0
2022-09-06 01:00:00,56.77,34.5,1,1,9,0
2022-09-06 02:00:00,59.71,34.4,2,1,9,0
2022-09-06 03:00:00,58.37,34.6,3,1,9,0
2022-09-06 04:00:00,57.96,33.4,4,1,9,0
2022-09-06 05:00:00,58.31,33.3,5,1,9,0
2022-09-06 06:00:00,62.6,31.6,6,1,9,0
2022-09-06 07:00:00,69.7,32.7,7,1,9,0
2022-09-06 08:00:00,71.29,29.3,8,1,9,0
2022-09-06 09:00:00,78.15,30.6,9,1,9,0
2022-09-06 10:00:00,76.71,28.0,10,1,9,0
2022-09-06 11:00:00,77.79,26.1,11,1,9,0
2022-09-06 12:00:00,79.59,27.6,12,1,9,0
2022-09-06 13:00:00,84.06,26.2,13,1,9,0
2022-09-06 14:00:00,85.46,26.7,14,1,9,0
2022-09-06 15:00:00,83.1,27.1,15,1,9,0
2022-09-06 16:00:00,81.69,26.8,16,1,9,0
2022-09-06 17:00:00,89.18,26.7,17,1,9,0
2022-09-06 18:00:00,94.59,28.8,18,1,9,0
2022-09-06 19:00:00,94.18,29.0,19,1,9,0
2022-09-06 20:00:00,96.71,30.5,20,1,9,0
2022-09-06 21:00:00,96.55,29.3,21,1,9,0
2022-09-06 22:00:00,90.88,32.4,22,1,9,0
2022-09-06 23:00:00,76.37,32.3,23,1,9,0
2022-09-07 00:00:00,55.3,34.8,0,2,9,0
2022-09-07 01:00:00,55.7,34.4,1,2,9,0
2022-09-07 02:00:00,57.58,34.2,2,2,9,0
2022-09-07 03:00:00,58.29,34.3,3,2,9,0
2022-09-07 04:00:00,58.01,32.7,4,2,9,0
2022-09-07 05:00:00,59.38,34.1,5,2,9,0
2022-09-07 06:00:00,66.5,33.6,6,2,9,0
2022-09-07 07:00:00,67.63,31.3,7,2,9,0
2022-09-07 08:00:00,74.27,31.3,8,2,9,0
2022-09-07 09:00:00,77.92,28.5,9,2,9,0
2022-09-07 10:00:00,79.35,27.4,10,2,9,0
2022-09-07 11:00:00,79.73,27.2,11,2,9,0
2022-09-07 12:00:00,81.48,26.9,12,2,9,0
2022-09-07 13:00:00,85.04,25.8,13,2,9,0
2022-09-07 14:00:00,84.07,26.4,14,2,9,0
2022-09-07 15:00:00,82.03,26.4,15,2,9,0
2022-09-07 16:00:00,84.19,25.7,16,2,9,0
2022-09-07 17:00:00,89.25,27.6,17,2,9,0
2022-09-07 18:00:00,86.64,28.7,18,2,9,0
2022-09-07 19:00:00,93.33,29.1,19,2,9,0
2022-09-07 20:00:00,96.38,30.9,20,2,9,0
2022-09-07 21:00:00,97.87,30.1,21,2,9,0
2022-09-07 22:00:00,87.08,32.4,22,2,9,0
2022-09-07 23:00:00,75.38,31.9,23,2,9,0
2022-09-08 00:00:00,53.2,32.6,0,3,9,0
2022-09-08 01:00:00,55.39,33.4,1,3,9,0
2022-09-08 02:00:00,55.88,33.2,2,3,9,0
2022-09-08 03:00:00,57.07,33.4,3,3,9,0
2022-09-08 04:00:00,56.83,33.3,4,3,9,0
2022-09-08 05:00:00,59.05,33.5,5,3,9,0
2022-09-08 06:00:00,62.21,31.7,6,3,9,0
2022-09-08 07:00:00,67.29,29.8,7,3,9,0
2022-09-08 08:00:00,73.35,30.9,8,3,9,0
2022-09-08 09:00:00,75.71,28.3,9,3,9,0
2022-09-08 10:00:00,80.29,28.0,10,3,9,0
2022-09-08 11:00:00,78.75,27.5,11,3,9,0
2022-09-08 12:00:00,81.07,26.7,12,3,9,0
2022-09-08 13:00:00,81.94,27.0,13,3,9,0
2022-09-08 14:00:00,85.91,26.4,14,3,9,0
2022-09-08 15:00:00,83.37,25.4,15,3,9,0
2022-09-08 16:00:00,83.42,28.3,16,3,9,0
2022-09-08 17:00:00,89.07,27.3,17,3,9,0
2022-09-08 18:00:00,91.19,27.9,18,3,9,0
2022-09-08 19:00:00,95.39,29.7,19,3,9,0
2022-09-08 20:00:00,96.89,30.2,20,3,9,0
2022-09-08 21:00:00,97.33,31.4,21,3,9,0
2022-09-08 22:00:00,93.07,34.0,22,3,9,0
2022-09-08 23:00:00,79.69,32.6,23,3,9,0
2022-09-09 00:00:00,53.34,33.2,0,4,9,0
2022-09-09 01:00:00,54.38,34.0,1,4,9,0
2022-09-09 02:00:00,57.41,34.9,2,4,9,0
2022-09-09 03:00:00,56.63,32.7,3,4,9,0
2022-09-09 04:00:00,56.88,31.9,4,4,9,0
2022-09-09 05:00:00,59.32,32.4,5,4,9,0
2022-09-09 06:00:00,60.14,30.7,6,4,9,0
2022-09-09 07:00:00,66.44,30.7,7,4,9,0
2022-09-09 08:00:00,70.59,30.4,8,4,9,0
2022-09-09 09:00:00,74.12,28.3,9,4,9,0
2022-09-09 10:00:00,76.69,26.9,10,4,9,0
2022-09-09 11:00:00,79.74,27.2,11,4,9,0
2022-09-09 12:00:00,81.4,27.2,12,4,9,0
2022-09-09 13:00:00,80.68,24.8,13,4,9,0
2022-09-09 14:00:00,81.9,26.7,14,4,9,0
2022-09-09 15:00:00,80.31,26.8,15,4,9,0
2022-09-09 16:00:00,83.58,27.3,16,4,9,0
2022-09-09 17:00:00,88.03,28.1,17,4,9,0
2022-09-09 18:00:00,94.78,29.8,18,4,9,0
2022-09-09 19:00:00,93.11,28.7,19,4,9,0
2022-09-09 20:00:00,94.89,30.1,20,4,9,0
2022-09-09 21:00:00,95.24,30.7,21,4,9,0
2022-09-09 22:00:00,85.36,32.0,22,4,9,0
2022-09-09 23:00:00,78.22,34.1,23,4,9,0
2022-09-10 00:00:00,47.33,32.4,0,5,9,1
2022-09-10 01:00:00,49.12,33.2,1,5,9,1
2022-09-10 02:00:00,52.0,35.1,2,5,9,1
2022-09-10 03:00:00,53.81,34.7,3,5,9,1
2022-09-10 04:00:00,53.08,33.2,4,5,9,1
2022-09-10 05:00:00,53.33,33.5,5,5,9,1
2022-09-10 06:00:00,59.66,32.3,6,5,9,1
2022-09-10 07:00:00,60.07,32.2,7,5,9,1
2022-09-10 08:00:00,64.89,30.1,8,5,9,1
2022-09-10 09:00:00,69.14,29.8,9,5,9,1
2022-09-10 10:00:00,70.36,30.1,10,5,9,1
2022-09-10 11:00:00,70.16,27.7,11,5,9,1
2022-09-10 12:00:00,72.16,26.6,12,5,9,1
2022-09-10 13:00:00,73.63,26.7,13,5,9,1
2022-09-10 14:00:00,74.26,25.7,14,5,9,1
2022-09-10 15:00:00,72.78,28.0,15,5,9,1
2022-09-10 16:00:00,72.25,26.7,16,5,9,1
2022-09-10 17:00:00,79.88,27.0,17,5,9,1
2022-09-10 18:00:00,81.04,27.3,18,5,9,1
2022-09-10 19:00:00,83.73,29.8,19,5,9,1
2022-09-10 20:00:00,86.34,30.7,20,5,9,1
2022-09-10 21:00:00,85.9,30.6,21,5,9,1
2022-09-10 22:00:00,79.67,32.5,22,5,9,1
2022-09-10 23:00:00,68.56,31.6,23,5,9,1
2022-09-11 00:00:00,50.83,33.6,0,6,9,1
2022-09-11 01:00:00,50.22,34.2,1,6,9,1
2022-09-11 02:00:00,52.98,35.4,2,6,9,1
2022-09-11 03:00:00,50.89,33.2,3,6,9,1
2022-09-11 04:00:00,50.81,32.4,4,6,9,1
2022-09-11 05:00:00,52.16,32.1,5,6,9,1
2022-09-11 06:00:00,55.6,30.9,6,6,9,1
2022-09-11 07:00:00,61.6,32.1,7,6,9,1
2022-09-11 08:00:00,65.73,31.2,8,6,9,1
2022-09-11 09:00:00,67.67,29.2,9,6,9,1
2022-09-11 10:00:00,70.5,29.0,10,6,9,1
2022-09-11 11:00:00,74.46,27.3,11,6,9,1
2022-09-11 12:00:00,70.78,26.5,12,6,9,1
2022-09-11 13:00:00,74.63,25.9,13,6,9,1
2022-09-11 14:00:00,74.98,25.8,14,6,9,1
2022-09-11 15:00:00,76.0,24.9,15,6,9,1
2022-09-11 16:00:00,76.05,26.7,16,6,9,1
2022-09-11 17:00:00,80.75,27.1,17,6,9,1
2022-09-11 18:00:00,81.69,28.6,18,6,9,1
2022-09-11 19:00:00,82.34,29.0,19,6,9,1
2022-09-11 20:00:00,84.16,29.9,20,6,9,1
2022-09-11 21:00:00,86.34,30.3,21,6,9,1
2022-09-11 22:00:00,77.41,32.1,22,6,9,1
2022-09-11 23:00:00,71.1,33.4,23,6,9,1
2022-09-12 00:00:00,53.98,32.5,0,0,9,0
2022-09-12 01:00:00,55.71,33.9,1,0,9,0
2022-09-12 02:00:00,57.88,34.2,2,0,9,0
2022-09-12 03:00:00,58.42,33.3,3,0,9,0
2022-09-12 04:00:00,57.4,33.0,4,0,9,0
2022-09-12 05:00:00,58.81,33.0,5,0,9,0
2022-09-12 06:00:00,61.54,31.1,6,0,9,0
2022-09-12 07:00:00,66.68,31.3,7,0,9,0
2022-09-12 08:00:00,69.58,29.3,8,0,9,0
2022-09-12 09:00:00,78.35,29.8,9,0,9,0
2022-09-12 10:00:00,79.05,29.9,10,0,9,0
2022-09-12 11:00:00,82.05,26.5,11,0,9,0
2022-09-12 12:00:00,81.72,27.0,12,0,9,0
2022-09-12 13:00:00,81.03,25.6,13,0,9,0
2022-09-12 14:00:00,84.61,26.8,14,0,9,0
2022-09-12 15:00:00,82.73,25.1,15,0,9,0
2022-09-12 16:00:00,85.23,26.9,16,0,9,0
2022-09-12 17:00:00,88.46,26.5,17,0,9,0
2022-09-12 18:00:00,88.96,27.8,18,0,9,0
2022-09-12 19:00:00,90.92,28.1,19,0,9,0
2022-09-12 20:00:00,94.55,30.7,20,0,9,0
2022-09-12 21:00:00,94.51,30.4,21,0,9,0
2022-09-12 22:00:00,87.37,32.4,22,0,9,0
2022-09-12 23:00:00,79.67,32.6,23,0,9,0
2022-09-13 00:00:00,55.72,33.4,0,1,9,0
2022-09-13 01:00:00,54.43,34.0,1,1,9,0
2022-09-13 02:00:00,57.29,33.4,2,1,9,0
2022-09-13 03:00:00,57.28,34.0,3,1,9,0
2022-09-13 04:00:00,59.98,34.7,4,1,9,0
2022-09-13 05:00:00,55.88,32.2,5,1,9,0
2022-09-13 06:00:00,64.67,32.9,6,1,9,0
2022-09-13 07:00:00,66.23,32.2,7,1,9,0
2022-09-13 08:00:00,71.34,29.3,8,1,9,0
2022-09-13 09:00:00,76.51,27.8,9,1,9,0
2022-09-13 10:00:00,77.94,28.2,10,1,9,0
2022-09-13 11:00:00,78.02,26.7,11,1,9,0
2022-09-13 12:00:00,81.05,28.0,12,1,9,0
2022-09-13 13:00:00,82.85,26.2,13,1,9,0
2022-09-13 14:00:00,82.89,25.4,14,1,9,0
2022-09-13 15:00:00,84.33,25.2,15,1,9,0
2022-09-13 16:00:00,83.07,27.4,16,1,9,0
2022-09-13 17:00:00,90.25,26.7,17,1,9,0
2022-09-13 18:00:00,90.62,28.0,18,1,9,0
2022-09-13 19:00:00,93.6,29.7,19,1,9,0
2022-09-13 20:00:00,95.67,29.6,20,1,9,0
2022-09-13 21:00:00,96.05,31.0,21,1,9,0
2022-09-13 22:00:00,85.8,32.0,22,1,9,0
2022-09-13 23:00:00,79.78,33.4,23,1,9,0
2022-09-14 00:00:00,55.74,33.9,0,2,9,0
2022-09-14 01:00:00,55.67,33.7,1,2,9,0
2022-09-14 02:00:00,57.19,34.1,2,2,9,0
2022-09-14 03:00:00,57.24,33.6,3,2,9,0
2022-09-14 04:00:00,57.51,32.3,4,2,9,0
2022-09-14 05:00:00,58.4,33.0,5,2,9,0
2022-09-14 06:00:00,64.25,33.5,6,2,9,0
2022-09-14 07:00:00,67.93,30.3,7,2,9,0
2022-09-14 08:00:00,70.29,29.4,8,2,9,0
2022-09-14 09:00:00,77.46,28.3,9,2,9,0
2022-09-14 10:00:00,79.34,28.6,10,2,9,0
2022-09-14 11:00:00,80.05,27.5,11,2,9,0
2022-09-14 12:00:00,78.21,26.4,12,2,9,0
2022-09-14 13:00:00,82.26,25.4,13,2,9,0
2022-09-14 14:00:00,82.9,26.1,14,2,9,0
2022-09-14 15:00:00,82.42,24.9,15,2,9,0
2022-09-14 16:00:00,83.46,26.7,16,2,9,0
2022-09-14 17:00:00,90.67,27.9,17,2,9,0
2022-09-14 18:00:00,90.02,27.0,18,2,9,0
2022-09-14 19:00:00,92.05,27.7,19,2,9,0
2022-09-14 20:00:00,96.2,31.3,20,2,9,0
2022-09-14 21:00:00,98.36,30.5,21,2,9,0
2022-09-14 22:00:00,88.5,32.9,22,2,9,0
2022-09-14 23:00:00,76.73,32.7,23,2,9,0
2022-09-15 00:00:00,52.37,33.3,0,3,9,0
2022-09-15 01:00:00,56.33,34.2,1,3,9,0
2022-09-15 02:00:00,55.15,33.3,2,3,9,0
2022-09-15 03:00:00,58.45,34.0,3,3,9,0
2022-09-15 04:00:00,56.44,33.2,4,3,9,0
2022-09-15 05:00:00,56.58,31.8,5,3,9,0
2022-09-15 06:00:00,61.78,32.3,6,3,9,0
2022-09-15 07:00:00,67.68,30.8,7,3,9,0
2022-09-15 08:00:00,72.52,29.9,8,3,9,0
2022-09-15 09:00:00,76.63,28.0,9,3,9,0
2022-09-15 10:00:00,76.35,29.3,10,3,9,0
2022-09-15 11:00:00,78.01,27.9,11,3,9,0
2022-09-15 12:00:00,80.56,27.3,12,3,9,0
2022-09-15 13:00:00,79.48,25.9,13,3,9,0
2022-09-15 14:00:00,82.83,24.6,14,3,9,0
2022-09-15 15:00:00,85.72,27.7,15,3,9,0
2022-09-15 16:00:00,82.93,26.5,16,3,9,0
2022-09-15 17:00:00,86.7,26.6,17,3,9,0
2022-09-15 18:00:00,89.76,28.3,18,3,9,0
2022-09-15 19:00:00,92.3,29.9,19,3,9,0
2022-09-15 20:00:00,99.05,30.0,20,3,9,0
2022-09-15 21:00:00,101.21,32.1,21,3,9,0
2022-09-15 22:00:00,90.14,32.9,22,3,9,0
2022-09-15 23:00:00,77.19,32.0,23,3,9,0
2022-09-16 00:00:00,54.55,32.9,0,4,9,0
2022-09-16 01:00:00,55.34,34.6,1,4,9,0
2022-09-16 02:00:00,55.19,31.8,2,4,9,0
2022-09-16 03:00:00,58.35,33.7,3,4,9,0
2022-09-16 04:00:00,56.58,32.3,4,4,9,0
2022-09-16 05:00:00,59.08,32.4,5,4,9,0
2022-09-16 06:00:00,62.21,31.8,6,4,9,0
2022-09-16 07:00:00,65.38,30.7,7,4,9,0
2022-09-16 08:00:00,72.62,29.6,8,4,9,0
2022-09-16 09:00:00,76.0,28.1,9,4,9,0
2022-09-16 10:00:00,79.53,29.8,10,4,9,0
2022-09-16 11:00:00,82.01,28.7,11,4,9,0
2022-09-16 12:00:00,79.04,25.6,12,4,9,0
2022-09-16 13:00:00,81.98,27.4,13,4,9,0
2022-09-16 14:00:00,85.8,25.7,14,4,9,0
2022-09-16 15:00:00,84.33,26.2,15,4,9,0
2022-09-16 16:00:00,82.08,26.5,16,4,9,0
2022-09-16 17:00:00,87.64,26.6,17,4,9,0
2022-09-16 18:00:00,89.9,28.8,18,4,9,0
2022-09-16 19:00:00,91.14,29.1,19,4,9,0
2022-09-16 20:00:00,95.05,29.6,20,4,9,0
2022-09-16 21:00:00,95.74,30.0,21,4,9,0
2022-09-16 22:00:00,87.47,31.3,22,4,9,0
2022-09-16 23:00:00,75.87,31.5,23,4,9,0
2022-09-17 00:00:00,49.18,33.5,0,5,9,1
2022-09-17 01:00:00,47.43,32.9,1,5,9,1
2022-09-17 02:00:00,51.58,33.8,2,5,9,1
2022-09-17 03:00:00,54.99,35.0,3,5,9,1
2022-09-17 04:00:00,52.5,34.4,4,5,9,1
2022-09-17 05:00:00,53.49,32.8,5,5,9,1
2022-09-17 06:00:00,56.2,31.9,6,5,9,1
2022-09-17 07:00:00,63.69,32.5,7,5,9,1
2022-09-17 08:00:00,65.39,30.4,8,5,9,1
2022-09-17 09:00:00,69.12,28.7,9,5,9,1
2022-09-17 10:00:00,69.98,26.9,10,5,9,1
2022-09-17 11:00:00,73.33,27.5,11,5,9,1
2022-09-17 12:00:00,72.72,27.2,12,5,9,1
2022-09-17 13:00:00,72.85,25.6,13,5,9,1
2022-09-17 14:00:00,75.07,26.2,14,5,9,1
2022-09-17 15:00:00,74.3,25.8,15,5,9,1
2022-09-17 16:00:00,75.17,26.4,16,5,9,1
2022-09-17 17:00:00,79.65,25.2,17,5,9,1
2022-09-17 18:00:00,80.55,27.8,18,5,9,1
2022-09-17 19:00:00,84.33,29.7,19,5,9,1
2022-09-17 20:00:00,85.2,29.5,20,5,9,1
2022-09-17 21:00:00,89.45,31.1,21,5,9,1
2022-09-17 22:00:00,78.01,31.4,22,5,9,1
2022-09-17 23:00:00,68.71,33.1,23,5,9,1
2022-09-18 00:00:00,48.66,33.3,0,6,9,1
2022-09-18 01:00:00,48.09,33.1,1,6,9,1
2022-09-18 02:00:00,53.41,35.1,2,6,9,1
2022-09-18 03:00:00,51.6,34.6,3,6,9,1
2022-09-18 04:00:00,51.27,33.0,4,6,9,1
2022-09-18 05:00:00,53.07,33.2,5,6,9,1
2022-09-18 06:00:00,59.33,32.4,6,6,9,1
2022-09-18 07:00:00,60.09,31.5,7,6,9,1
2022-09-18 08:00:00,63.51,28.6,8,6,9,1
2022-09-18 09:00:00,70.34,29.8,9,6,9,1
2022-09-18 10:00:00,72.15,27.5,10,6,9,1
2022-09-18 11:00:00,72.47,26.9,11,6,9,1
2022-09-18 12:00:00,73.89,28.6,12,6,9,1
2022-09-18 13:00:00,75.39,26.4,13,6,9,1
2022-09-18 14:00:00,72.92,25.7,14,6,9,1
2022-09-18 15:00:00,75.5,24.4,15,6,9,1
2022-09-18 16:00:00,76.3,27.6,16,6,9,1
2022-09-18 17:00:00,78.7,26.1,17,6,9,1
2022-09-18 18:00:00,80.72,27.2,18,6,9,1
2022-09-18 19:00:00,81.67,28.7,19,6,9,1
2022-09-18 20:00:00,88.45,31.1,20,6,9,1
2022-09-18 21:00:00,88.07,31.7,21,6,9,1
2022-09-18 22:00:00,78.77,31.9,22,6,9,1
2022-09-18 23:00:00,69.73,33.1,23,6,9,1
2022-09-19 00:00:00,53.46,33.0,0,0,9,0
2022-09-19 01:00:00,55.18,34.0,1,0,9,0
2022-09-19 02:00:00,57.11,34.1,2,0,9,0
2022-09-19 03:00:00,57.32,34.6,3,0,9,0
2022-09-19 04:00:00,59.21,34.2,4,0,9,0
2022-09-19 05:00:00,58.37,33.2,5,0,9,0
2022-09-19 06:00:00,61.16,31.7,6,0,9,0
2022-09-19 07:00:00,66.38,31.6,7,0,9,0
2022-09-19 08:00:00,69.99,29.9,8,0,9,0
2022-09-19 09:00:00,75.82,28.1,9,0,9,0
2022-09-19 10:00:00,77.83,27.7,10,0,9,0
2022-09-19 11:00:00,79.59,27.2,11,0,9,0
2022-09-19 12:00:00,80.67,27.3,12,0,9,0
2022-09-19 13:00:00,80.99,26.0,13,0,9,0
2022-09-19 14:00:00,84.97,25.0,14,0,9,0
2022-09-19 15:00:00,82.5,26.2,15,0,9,0
2022-09-19 16:00:00,83.97,26.6,16,0,9,0
2022-09-19 17:00:00,89.03,27.3,17,0,9,0
2022-09-19 18:00:00,91.51,28.7,18,0,9,0
2022-09-19 19:00:00,92.93,29.8,19,0,9,0
2022-09-19 20:00:00,95.22,29.5,20,0,9,0
2022-09-19 21:00:00,96.18,30.5,21,0,9,0
2022-09-19 22:00:00,88.24,31.2,22,0,9,0
2022-09-19 23:00:00,78.18,33.4,23,0,9,0
2022-09-20 00:00:00,53.74,34.6,0,1,9,0
2022-09-20 01:00:00,54.3,33.6,1,1,9,0
2022-09-20 02:00:00,57.58,33.8,2,1,9,0
2022-09-20 03:00:00,58.81,35.0,3,1,9,0
2022-09-20 04:00:00,58.76,33.9,4,1,9,0
2022-09-20 05:00:00,57.72,33.2,5,1,9,0
2022-09-20 06:00:00,61.85,31.0,6,1,9,0
2022-09-20 07:00:00,66.77,31.6,7,1,9,0
2022-09-20 08:00:00,69.69,29.3,8,1,9,0
2022-09-20 09:00:00,75.52,28.1,9,1,9,0
2022-09-20 10:00:00,78.33,27.7,10,1,9,0
2022-09-20 11:00:00,80.03,26.7,11,1,9,0
2022-09-20 12:00:00,81.1,26.4,12,1,9,0
2022-09-20 13:00:00,79.64,25.0,13,1,9,0
2022-09-20 14:00:00,83.22,26.8,14,1,9,0
2022-09-20 15:00:00,82.91,27.0,15,1,9,0
2022-09-20 16:00:00,80.72,25.0,16,1,9,0
2022-09-20 17:00:00,89.35,28.0,17,1,9,0
2022-09-20 18:00:00,90.39,27.4,18,1,9,0
2022-09-20 19:00:00,94.14,29.7,19,1,9,0
2022-09-20 20:00:00,95.12,29.9,20,1,9,0
2022-09-20 21:00:00,95.89,31.1,21,1,9,0
2022-09-20 22:00:00,89.26,31.9,22,1,9,0
2022-09-20 23:00:00,76.61,33.8,23,1,9,0
2022-09-21 00:00:00,52.86,32.5,0,2,9,0
2022-09-21 01:00:00,54.37,34.3,1,2,9,0
2022-09-21 02:00:00,56.92,34.9,2,2,9,0
2022-09-21 03:00:00,58.78,34.4,3,2,9,0
2022-09-21 04:00:00,59.01,35.3,4,2,9,0
2022-09-21 05:00:00,56.37,32.4,5,2,9,0
2022-09-21 06:00:00,66.72,32.8,6,2,9,0
2022-09-21 07:00:00,65.62,31.0,7,2,9,0
2022-09-21 08:00:00,75.24,31.0,8,2,9,0
2022-09-21 09:00:00,75.87,29.0,9,2,9,0
2022-09-21 10:00:00,76.84,27.7,10,2,9,0
2022-09-21 11:00:00,80.05,28.2,11,2,9,0
2022-09-21 12:00:00,82.3,26.1,12,2,9,0
2022-09-21 13:00:00,80.36,25.0,13,2,9,0
2022-09-21 14:00:00,82.39,25.6,14,2,9,0
2022-09-21 15:00:00,84.62,26.6,15,2,9,0
2022-09-21 16:00:00,83.7,27.6,16,2,9,0
2022-09-21 17:00:00,91.26,27.3,17,2,9,0
2022-09-21 18:00:00,91.88,29.1,18,2,9,0
2022-09-21 19:00:00,95.66,27.9,19,2,9,0
2022-09-21 20:00:00,94.94,29.6,20,2,9,0
2022-09-21 21:00:00,96.97,30.8,21,2,9,0
2022-09-21 22:00:00,88.26,31.9,22,2,9,0
2022-09-21 23:00:00,78.57,32.9,23,2,9,0
2022-09-22 00:00:00,55.53,34.0,0,3,9,0
2022-09-22 01:00:00,55.37,33.5,1,3,9,0
2022-09-22 02:00:00,57.66,34.1,2,3,9,0
2022-09-22 03:00:00,58.49,33.8,3,3,9,0
2022-09-22 04:00:00,57.67,32.7,4,3,9,0
2022-09-22 05:00:00,58.77,32.7,5,3,9,0
2022-09-22 06:00:00,61.68,31.9,6,3,9,0
2022-09-22 07:00:00,66.54,30.9,7,3,9,0
2022-09-22 08:00:00,72.91,30.0,8,3,9,0
2022-09-22 09:00:00,78.26,29.0,9,3,9,0
2022-09-22 10:00:00,74.68,27.7,10,3,9,0
2022-09-22 11:00:00,78.28,28.2,11,3,9,0
2022-09-22 12:00:00,80.22,25.6,12,3,9,0
2022-09-22 13:00:00,80.79,25.6,13,3,9,0
2022-09-22 14:00:00,81.88,28.2,14,3,9,0
2022-09-22 15:00:00,84.01,25.3,15,3,9,0
2022-09-22 16:00:00,85.82,25.5,16,3,9,0
2022-09-22 17:00:00,85.74,27.8,17,3,9,0
2022-09-22 18:00:00,90.54,26.3,18,3,9,0
2022-09-22 19:00:00,93.21,28.8,19,3,9,0
2022-09-22 20:00:00,98.57,31.7,20,3,9,0
2022-09-22 21:00:00,95.95,29.8,21,3,9,0
2022-09-22 22:00:00,88.85,30.4,22,3,9,0
2022-09-22 23:00:00,77.26,31.6,23,3,9,0
2022-09-23 00:00:00,56.22,34.2,0,4,9,0
2022-09-23 01:00:00,56.06,34.8,1,4,9,0
2022-09-23 02:00:00,56.33,33.6,2,4,9,0
2022-09-23 03:00:00,57.01,34.4,3,4,9,0
2022-09-23 04:00:00,60.44,34.6,4,4,9,0
2022-09-23 05:00:00,60.03,34.3,5,4,9,0
2022-09-23 06:00:00,63.16,31.8,6,4,9,0
2022-09-23 07:00:00,64.8,29.2,7,4,9,0
2022-09-23 08:00:00,71.72,29.3,8,4,9,0
2022-09-23 09:00:00,76.72,28.6,9,4,9,0
2022-09-23 10:00:00,76.13,27.8,10,4,9,0
2022-09-23 11:00:00,77.71,27.0,11,4,9,0
2022-09-23 12:00:00,80.14,27.4,12,4,9,0
2022-09-23 13:00:00,83.28,27.2,13,4,9,0
2022-09-23 14:00:00,86.29,25.9,14,4,9,0
2022-09-23 15:00:00,83.73,27.0,15,4,9,0
2022-09-23 16:00:00,84.88,26.8,16,4,9,0
2022-09-23 17:00:00,86.48,27.2,17,4,9,0
2022-09-23 18:00:00,94.45,28.7,18,4,9,0
2022-09-23 19:00:00,93.47,29.0,19,4,9,0
2022-09-23 20:00:00,96.92,31.6,20,4,9,0
2022-09-23 21:00:00,95.17,29.9,21,4,9,0
2022-09-23 22:00:00,85.53,31.6,22,4,9,0
2022-09-23 23:00:00,77.34,32.7,23,4,9,0
2022-09-24 00:00:00,51.44,33.8,0,5,9,1
2022-09-24 01:00:00,50.87,34.9,1,5,9,1
2022-09-24 02:00:00,50.67,34.0,2,5,9,1
2022-09-24 03:00:00,50.31,32.7,3,5,9,1
2022-09-24 04:00:00,52.38,34.1,4,5,9,1
2022-09-24 05:00:00,53.71,33.4,5,5,9,1
2022-09-24 06:00:00,56.39,30.4,6,5,9,1
2022-09-24 07:00:00,60.08,31.0,7,5,9,1
2022-09-24 08:00:00,61.58,28.7,8,5,9,1
2022-09-24 09:00:00,68.95,28.4,9,5,9,1
2022-09-24 10:00:00,69.8,27.3,10,5,9,1
2022-09-24 11:00:00,72.82,27.8,11,5,9,1
2022-09-24 12:00:00,71.45,26.6,12,5,9,1
2022-09-24 13:00:00,73.57,25.1,13,5,9,1
2022-09-24 14:00:00,74.66,26.7,14,5,9,1
2022-09-24 15:00:00,75.05,25.0,15,5,9,1
2022-09-24 16:00:00,74.26,26.8,16,5,9,1
2022-09-24 17:00:00,79.41,26.5,17,5,9,1
2022-09-24 18:00:00,78.45,27.7,18,5,9,1
2022-09-24 19:00:00,82.58,29.4,19,5,9,1
2022-09-24 20:00:00,87.5,30.4,20,5,9,1
2022-09-24 21:00:00,90.26,32.1,21,5,9,1
2022-09-24 22:00:00,78.52,31.9,22,5,9,1
2022-09-24 23:00:00,73.5,33.1,23,5,9,1
2022-09-25 00:00:00,48.74,33.1,0,6,9,1
2022-09-25 01:00:00,49.45,34.0,1,6,9,1
2022-09-25 02:00:00,50.5,34.4,2,6,9,1
2022-09-25 03:00:00,53.59,33.8,3,6,9,1
2022-09-25 04:00:00,50.71,32.0,4,6,9,1
2022-09-25 05:00:00,52.05,33.1,5,6,9,1
2022-09-25 06:00:00,54.76,32.3,6,6,9,1
2022-09-25 07:00:00,59.76,30.5,7,6,9,1
2022-09-25 08:00:00,64.05,29.0,8,6,9,1
2022-09-25 09:00:00,68.79,30.1,9,6,9,1
2022-09-25 10:00:00,68.27,28.4,10,6,9,1
2022-09-25 11:00:00,70.4,27.0,11,6,9,1
2022-09-25 12:00:00,74.13,25.6,12,6,9,1
2022-09-25 13:00:00,71.74,25.5,13,6,9,1
2022-09-25 14:00:00,73.85,27.0,14,6,9,1
2022-09-25 15:00:00,76.89,26.2,15,6,9,1
2022-09-25 16:00:00,75.72,26.1,16,6,9,1
2022-09-25 17:00:00,80.7,27.6,17,6,9,1
2022-09-25 18:00:00,80.6,27.3,18,6,9,1
2022-09-25 19:00:00,84.62,30.2,19,6,9,1
2022-09-25 20:00:00,86.02,31.1,20,6,9,1
2022-09-25 21:00:00,85.4,30.7,21,6,9,1
2022-09-25 22:00:00,77.03,31.5,22,6,9,1
2022-09-25 23:00:00,69.87,30.7,23,6,9,1
2022-09-26 00:00:00,52.62,32.3,0,0,9,0
2022-09-26 01:00:00,54.6,32.8,1,0,9,0
2022-09-26 02:00:00,57.02,34.1,2,0,9,0
2022-09-26 03:00:00,57.73,33.6,3,0,9,0
2022-09-26 04:00:00,56.6,32.4,4,0,9,0
2022-09-26 05:00:00,57.6,32.6,5,0,9,0
2022-09-26 06:00:00,62.5,32.4,6,0,9,0
2022-09-26 07:00:00,66.15,31.5,7,0,9,0
2022-09-26 08:00:00,68.98,28.5,8,0,9,0
2022-09-26 09:00:00,75.58,28.9,9,0,9,0
2022-09-26 10:00:00,75.19,26.9,10,0,9,0
2022-09-26 11:00:00,77.01,27.9,11,0,9,0
2022-09-26 12:00:00,81.83,27.2,12,0,9,0
2022-09-26 13:00:00,82.58,25.4,13,0,9,0
2022-09-26 14:00:00,82.49,25.4,14,0,9,0
2022-09-26 15:00:00,86.96,25.8,15,0,9,0
2022-09-26 16:00:00,80.53,24.7,16,0,9,0
2022-09-26 17:00:00,91.04,27.4,17,0,9,0
2022-09-26 18:00:00,90.64,27.8,18,0,9,0
2022-09-26 19:00:00,94.63,29.7,19,0,9,0
2022-09-26 20:00:00,94.21,29.1,20,0,9,0
2022-09-26 21:00:00,92.71,30.5,21,0,9,0
2022-09-26 22:00:00,86.56,30.8,22,0,9,0
2022-09-26 23:00:00,78.18,32.0,23,0,9,0
2022-09-27 00:00:00,50.82,32.5,0,1,9,0
2022-09-27 01:00:00,58.48,34.7,1,1,9,0
2022-09-27 02:00:00,56.34,33.4,2,1,9,0
2022-09-27 03:00:00,58.45,34.0,3,1,9,0
2022-09-27 04:00:00,56.61,33.2,4,1,9,0
2022-09-27 05:00:00,57.89,31.8,5,1,9,0
2022-09-27 06:00:00,64.13,31.9,6,1,9,0
2022-09-27 07:00:00,68.28,31.5,7,1,9,0
2022-09-27 08:00:00,70.53,29.0,8,1,9,0
2022-09-27 09:00:00,75.5,29.6,9,1,9,0
2022-09-27 10:00:00,77.32,27.3,10,1,9,0
2022-09-27 11:00:00,78.37,26.8,11,1,9,0
2022-09-27 12:00:00,81.09,27.0,12,1,9,0
2022-09-27 13:00:00,80.84,25.6,13,1,9,0
2022-09-27 14:00:00,84.16,26.0,14,1,9,0
2022-09-27 15:00:00,81.85,25.9,15,1,9,0
2022-09-27 16:00:00,82.8,26.6,16,1,9,0
2022-09-27 17:00:00,90.4,25.3,17,1,9,0
2022-09-27 18:00:00,89.58,26.5,18,1,9,0
2022-09-27 19:00:00,94.15,29.5,19,1,9,0
2022-09-27 20:00:00,97.07,30.8,20,1,9,0
2022-09-27 21:00:00,95.45,30.3,21,1,9,0
2022-09-27 22:00:00,89.53,31.8,22,1,9,0
2022-09-27 23:00:00,79.13,33.1,23,1,9,0
2022-09-28 00:00:00,55.78,34.0,0,2,9,0
2022-09-28 01:00:00,55.33,32.2,1,2,9,0
2022-09-28 02:00:00,55.67,33.3,2,2,9,0
2022-09-28 03:00:00,57.94,33.6,3,2,9,0
2022-09-28 04:00:00,58.12,34.0,4,2,9,0
2022-09-28 05:00:00,59.66,34.8,5,2,9,0
2022-09-28 06:00:00,62.51,31.8,6,2,9,0
2022-09-28 07:00:00,64.3,29.9,7,2,9,0
2022-09-28 08:00:00,70.8,30.3,8,2,9,0
2022-09-28 09:00:00,78.21,30.0,9,2,9,0
2022-09-28 10:00:00,76.86,28.1,10,2,9,0
2022-09-28 11:00:00,80.28,26.4,11,2,9,0
2022-09-28 12:00:00,80.66,27.3,12,2,9,0
2022-09-28 13:00:00,85.21,26.7,13,2,9,0
2022-09-28 14:00:00,84.09,25.2,14,2,9,0
2022-09-28 15:00:00,85.06,26.4,15,2,9,0
2022-09-28 16:00:00,83.89,27.3,16,2,9,0
2022-09-28 17:00:00,89.87,28.1,17,2,9,0
2022-09-28 18:00:00,92.93,27.9,18,2,9,0
2022-09-28 19:00:00,93.58,28.7,19,2,9,0
2022-09-28 20:00:00,96.68,31.0,20,2,9,0
2022-09-28 21:00:00,96.1,30.1,21,2,9,0
2022-09-28 22:00:00,89.22,32.4,22,2,9,0
2022-09-28 23:00:00,76.35,31.7,23,2,9,0
2022-09-29 00:00:00,54.39,34.3,0,3,9,0
2022-09-29 01:00:00,56.77,33.7,1,3,9,0
2022-09-29 02:00:00,59.81,35.0,2,3,9,0
2022-09-29 03:00:00,57.18,34.3,3,3,9,0
2022-09-29 04:00:00,56.28,32.5,4,3,9,0
2022-09-29 05:00:00,61.01,34.0,5,3,9,0
2022-09-29 06:00:00,65.04,33.2,6,3,9,0
2022-09-29 07:00:00,69.07,31.7,7,3,9,0
2022-09-29 08:00:00,72.27,29.4,8,3,9,0
2022-09-29 09:00:00,75.76,28.7,9,3,9,0
2022-09-29 10:00:00,78.15,28.1,10,3,9,0
2022-09-29 11:00:00,79.56,26.6,11,3,9,0
2022-09-29 12:00:00,78.83,27.9,12,3,9,0
2022-09-29 13:00:00,82.73,26.3,13,3,9,0
2022-09-29 14:00:00,85.26,23.8,14,3,9,0
2022-09-29 15:00:00,82.68,26.4,15,3,9,0
2022-09-29 16:00:00,83.48,26.3,16,3,9,0
2022-09-29 17:00:00,89.68,27.1,17,3,9,0
2022-09-29 18:00:00,90.33,27.7,18,3,9,0
2022-09-29 19:00:00,94.32,29.6,19,3,9,0
2022-09-29 20:00:00,94.91,30.9,20,3,9,0
2022-09-29 21:00:00,99.63,31.3,21,3,9,0
2022-09-29 22:00:00,88.52,31.7,22,3,9,0
2022-09-29 23:00:00,77.29,32.8,23,3,9,0
2022-09-30 00:00:00,55.75,33.5,0,4,9,0
2022-09-30 01:00:00,54.94,33.2,1,4,9,0
2022-09-30 02:00:00,56.63,34.5,2,4,9,0
2022-09-30 03:00:00,59.13,34.2,3,4,9,0
2022-09-30 04:00:00,60.13,34.7,4,4,9,0
2022-09-30 05:00:00,57.68,33.8,5,4,9,0
2022-09-30 06:00:00,61.76,31.5,6,4,9,0
2022-09-30 07:00:00,68.56,31.7,7,4,9,0
2022-09-30 08:00:00,67.78,29.2,8,4,9,0
2022-09-30 09:00:00,76.85,29.5,9,4,9,0
2022-09-30 10:00:00,77.89,27.6,10,4,9,0
2022-09-30 11:00:00,77.32,26.4,11,4,9,0
2022-09-30 12:00:00,80.61,26.8,12,4,9,0
2022-09-30 13:00:00,82.23,24.0,13,4,9,0
2022-09-30 14:00:00,81.28,24.6,14,4,9,0
2022-09-30 15:00:00,84.74,26.0,15,4,9,0
2022-09-30 16:00:00,84.6,26.6,16,4,9,0
2022-09-30 17:00:00,88.81,26.9,17,4,9,0
2022-09-30 18:00:00,90.49,26.7,18,4,9,0
2022-09-30 19:00:00,93.69,28.3,19,4,9,0
2022-09-30 20:00:00,95.08,30.3,20,4,9,0
2022-09-30 21:00:00,93.8,31.5,21,4,9,0
2022-09-30 22:00:00,88.65,32.0,22,4,9,0
2022-09-30 23:00:00,78.67,33.8,23,4,9,0
2022-10-01 00:00:00,47.67,32.8,0,5,10,1
2022-10-01 01:00:00,49.78,32.3,1,5,10,1
2022-10-01 02:00:00,49.72,32.8,2,5,10,1
2022-10-01 03:00:00,49.44,31.7,3,5,10,1
2022-10-01 04:00:00,51.71,32.4,4,5,10,1
2022-10-01 05:00:00,52.99,32.7,5,5,10,1
2022-10-01 06:00:00,54.92,31.5,6,5,10,1
2022-10-01 07:00:00,60.54,31.2,7,5,10,1
2022-10-01 08:00:00,63.01,28.8,8,5,10,1
2022-10-01 09:00:00,68.35,29.0,9,5,10,1
2022-10-01 10:00:00,69.74,26.8,10,5,10,1
2022-10-01 11:00:00,74.69,27.3,11,5,10,1
2022-10-01 12:00:00,69.7,25.5,12,5,10,1
2022-10-01 13:00:00,74.96,25.7,13,5,10,1
2022-10-01 14:00:00,76.22,26.2,14,5,10,1
2022-10-01 15:00:00,75.09,25.0,15,5,10,1
2022-10-01 16:00:00,73.21,25.7,16,5,10,1
2022-10-01 17:00:00,82.64,27.2,17,5,10,1
2022-10-01 18:00:00,77.15,26.9,18,5,10,1
2022-10-01 19:00:00,81.19,26.9,19,5,10,1
2022-10-01 20:00:00,88.0,30.7,20,5,10,1
2022-10-01 21:00:00,84.4,29.7,21,5,10,1
2022-10-01 22:00:00,80.36,31.1,22,5,10,1
2022-10-01 23:00:00,68.48,32.8,23,5,10,1
2022-10-02 00:00:00,46.01,32.0,0,6,10,1
2022-10-02 01:00:00,47.59,32.1,1,6,10,1
2022-10-02 02:00:00,50.75,33.2,2,6,10,1
2022-10-02 03:00:00,48.85,31.4,3,6,10,1
2022-10-02 04:00:00,50.43,32.2,4,6,10,1
2022-10-02 05:00:00,53.12,32.0,5,6,10,1
2022-10-02 06:00:00,56.92,30.8,6,6,10,1
2022-10-02 07:00:00,57.44,28.8,7,6,10,1
2022-10-02 08:00:00,62.14,30.3,8,6,10,1
2022-10-02 09:00:00,64.7,28.0,9,6,10,1
2022-10-02 10:00:00,69.66,28.1,10,6,10,1
2022-10-02 11:00:00,71.68,26.0,11,6,10,1
2022-10-02 12:00:00,71.66,24.8,12,6,10,1
2022-10-02 13:00:00,73.26,25.4,13,6,10,1
2022-10-02 14:00:00,72.96,24.8,14,6,10,1
2022-10-02 15:00:00,75.35,24.2,15,6,10,1
2022-10-02 16:00:00,77.03,26.7,16,6,10,1
2022-10-02 17:00:00,75.81,25.7,17,6,10,1
2022-10-02 18:00:00,80.93,25.5,18,6,10,1
2022-10-02 19:00:00,80.67,29.0,19,6,10,1
2022-10-02 20:00:00,81.03,28.6,20,6,10,1
2022-10-02 21:00:00,82.74,29.5,21,6,10,1
2022-10-02 22:00:00,76.54,29.6,22,6,10,1
2022-10-02 23:00:00,71.76,33.2,23,6,10,1
2022-10-03 00:00:00,52.59,31.4,0,0,10,0
2022-10-03 01:00:00,54.01,32.9,1,0,10,0
2022-10-03 02:00:00,54.21,33.7,2,0,10,0
2022-10-03 03:00:00,56.13,33.2,3,0,10,0
2022-10-03 04:00:00,54.98,32.4,4,0,10,0
2022-10-03 05:00:00,53.87,30.5,5,0,10,0
2022-10-03 06:00:00,61.24,30.4,6,0,10,0
2022-10-03 07:00:00,66.1,30.2,7,0,10,0
2022-10-03 08:00:00,70.77,28.4,8,0,10,0
2022-10-03 09:00:00,74.95,28.1,9,0,10,0
2022-10-03 10:00:00,78.21,27.5,10,0,10,0
2022-10-03 11:00:00,77.86,26.9,11,0,10,0
2022-10-03 12:00:00,81.28,24.6,12,0,10,0
2022-10-03 13:00:00,82.08,26.9,13,0,10,0
2022-10-03 14:00:00,82.19,25.6,14,0,10,0
2022-10-03 15:00:00,82.88,25.1,15,0,10,0
2022-10-03 16:00:00,82.5,26.4,16,0,10,0
2022-10-03 17:00:00,91.38,28.1,17,0,10,0
2022-10-03 18:00:00,90.52,25.8,18,0,10,0
2022-10-03 19:00:00,91.59,27.8,19,0,10,0
2022-10-03 20:00:00,92.66,27.1,20,0,10,0
2022-10-03 21:00:00,96.61,30.2,21,0,10,0
2022-10-03 22:00:00,87.47,31.3,22,0,10,0
2022-10-03 23:00:00,76.43,31.8,23,0,10,0
2022-10-04 00:00:00,50.68,31.9,0,1,10,0
2022-10-04 01:00:00,51.07,31.2,1,1,10,0
2022-10-04 02:00:00,55.3,33.3,2,1,10,0
2022-10-04 03:00:00,58.71,34.0,3,1,10,0
2022-10-04 04:00:00,55.68,32.0,4,1,10,0
2022-10-04 05:00:00,56.55,32.2,5,1,10,0
2022-10-04 06:00:00,57.66,29.7,6,1,10,0
2022-10-04 07:00:00,68.03,30.4,7,1,10,0
2022-10-04 08:00:00,70.74,28.7,8,1,10,0
2022-10-04 09:00:00,76.68,27.4,9,1,10,0
2022-10-04 10:00:00,78.47,26.4,10,1,10,0
2022-10-04 11:00:00,78.25,25.9,11,1,10,0
2022-10-04 12:00:00,79.65,25.8,12,1,10,0
2022-10-04 13:00:00,83.94,24.1,13,1,10,0
2022-10-04 14:00:00,82.83,24.7,14,1,10,0
2022-10-04 15:00:00,83.5,25.1,15,1,10,0
2022-10-04 16:00:00,83.96,24.7,16,1,10,0
2022-10-04 17:00:00,89.7,27.6,17,1,10,0
2022-10-04 18:00:00,89.85,26.3,18,1,10,0
2022-10-04 19:00:00,91.53,27.4,19,1,10,0
2022-10-04 20:00:00,94.54,28.2,20,1,10,0
2022-10-04 21:00:00,98.05,31.5,21,1,10,0
2022-10-04 22:00:00,88.36,31.4,22,1,10,0
2022-10-04 23:00:00,76.8,31.1,23,1,10,0
2022-10-05 00:00:00,54.04,33.3,0,2,10,0
2022-10-05 01:00:00,53.68,33.0,1,2,10,0
2022-10-05 02:00:00,54.78,33.2,2,2,10,0
2022-10-05 03:00:00,56.45,32.6,3,2,10,0
2022-10-05 04:00:00,55.22,31.9,4,2,10,0
2022-10-05 05:00:00,57.04,32.1,5,2,10,0
2022-10-05 06:00:00,62.41,30.6,6,2,10,0
2022-10-05 07:00:00,68.98,31.5,7,2,10,0
2022-10-05 08:00:00,70.37,28.0,8,2,10,0
2022-10-05 09:00:00,75.28,29.2,9,2,10,0
2022-10-05 10:00:00,76.81,26.9,10,2,10,0
2022-10-05 11:00:00,79.86,26.4,11,2,10,0
2022-10-05 12:00:00,79.46,26.2,12,2,10,0
2022-10-05 13:00:00,80.62,24.6,13,2,10,0
2022-10-05 14:00:00,84.53,25.7,14,2,10,0
2022-10-05 15:00:00,82.83,23.0,15,2,10,0
2022-10-05 16:00:00,81.59,25.0,16,2,10,0
2022-10-05 17:00:00,89.41,25.4,17,2,10,0
2022-10-05 18:00:00,91.82,26.0,18,2,10,0
2022-10-05 19:00:00,89.76,27.8,19,2,10,0
2022-10-05 20:00:00,93.09,29.3,20,2,10,0
2022-10-05 21:00:00,95.07,30.6,21,2,10,0
2022-10-05 22:00:00,86.93,31.2,22,2,10,0
2022-10-05 23:00:00,77.16,31.3,23,2,10,0
2022-10-06 00:00:00,52.34,32.8,0,3,10,0
2022-10-06 01:00:00,52.66,33.0,1,3,10,0
2022-10-06 02:00:00,57.0,33.7,2,3,10,0
2022-10-06 03:00:00,55.59,33.5,3,3,10,0
2022-10-06 04:00:00,56.82,32.5,4,3,10,0
2022-10-06 05:00:00,55.72,31.1,5,3,10,0
2022-10-06 06:00:00,60.87,30.5,6,3,10,0
2022-10-06 07:00:00,67.25,29.6,7,3,10,0
2022-10-06 08:00:00,74.17,28.7,8,3,10,0
2022-10-06 09:00:00,73.04,28.2,9,3,10,0
2022-10-06 10:00:00,78.5,27.6,10,3,10,0
2022-10-06 11:00:00,78.26,26.1,11,3,10,0
2022-10-06 12:00:00,81.17,25.5,12,3,10,0
2022-10-06 13:00:00,83.08,25.3,13,3,10,0
2022-10-06 14:00:00,84.84,24.6,14,3,10,0
2022-10-06 15:00:00,83.0,24.4,15,3,10,0
2022-10-06 16:00:00,81.07,24.1,16,3,10,0
2022-10-06 17:00:00,90.2,25.6,17,3,10,0
2022-10-06 18:00:00,90.29,27.4,18,3,10,0
2022-10-06 19:00:00,91.17,27.4,19,3,10,0
2022-10-06 20:00:00,92.22,28.8,20,3,10,0
2022-10-06 21:00:00,97.16,30.4,21,3,10,0
2022-10-06 22:00:00,89.08,31.4,22,3,10,0
2022-10-06 23:00:00,74.13,31.0,23,3,10,0
2022-10-07 00:00:00,54.07,33.3,0,4,10,0
2022-10-07 01:00:00,54.71,33.8,1,4,10,0
2022-10-07 02:00:00,52.58,32.1,2,4,10,0
2022-10-07 03:00:00,55.32,32.2,3,4,10,0
2022-10-07 04:00:00,56.75,33.4,4,4,10,0
2022-10-07 05:00:00,54.91,31.7,5,4,10,0
2022-10-07 06:00:00,58.21,29.2,6,4,10,0
2022-10-07 07:00:00,63.1,28.9,7,4,10,0
2022-10-07 08:00:00,69.05,28.8,8,4,10,0
2022-10-07 09:00:00,73.5,27.0,9,4,10,0
2022-10-07 10:00:00,76.39,26.7,10,4,10,0
2022-10-07 11:00:00,77.39,26.2,11,4,10,0
2022-10-07 12:00:00,80.11,26.7,12,4,10,0
2022-10-07 13:00:00,82.49,24.9,13,4,10,0
2022-10-07 14:00:00,82.96,25.9,14,4,10,0
2022-10-07 15:00:00,82.15,26.3,15,4,10,0
2022-10-07 16:00:00,82.1,26.7,16,4,10,0
2022-10-07 17:00:00,87.1,26.4,17,4,10,0
2022-10-07 18:00:00,88.63,25.4,18,4,10,0
2022-10-07 19:00:00,92.87,28.3,19,4,10,0
2022-10-07 20:00:00,90.81,29.8,20,4,10,0
2022-10-07 21:00:00,94.65,30.0,21,4,10,0
2022-10-07 22:00:00,87.08,32.4,22,4,10,0
2022-10-07 23:00:00,78.55,32.5,23,4,10,0
2022-10-08 00:00:00,46.79,32.9,0,5,10,1
2022-10-08 01:00:00,50.04,33.7,1,5,10,1
2022-10-08 02:00:00,50.8,33.3,2,5,10,1
2022-10-08 03:00:00,46.54,30.9,3,5,10,1
2022-10-08 04:00:00,49.71,32.1,4,5,10,1
2022-10-08 05:00:00,52.47,32.8,5,5,10,1
2022-10-08 06:00:00,55.27,30.4,6,5,10,1
2022-10-08 07:00:00,59.29,29.9,7,5,10,1
2022-10-08 08:00:00,63.74,28.2,8,5,10,1
2022-10-08 09:00:00,66.8,29.4,9,5,10,1
2022-10-08 10:00:00,66.87,28.3,10,5,10,1
2022-10-08 11:00:00,70.79,25.5,11,5,10,1
2022-10-08 12:00:00,69.62,25.7,12,5,10,1
2022-10-08 13:00:00,71.97,24.6,13,5,10,1
2022-10-08 14:00:00,75.81,25.5,14,5,10,1
2022-10-08 15:00:00,74.59,25.5,15,5,10,1
2022-10-08 16:00:00,73.35,26.2,16,5,10,1
2022-10-08 17:00:00,78.49,26.4,17,5,10,1
2022-10-08 18:00:00,82.55,29.3,18,5,10,1
2022-10-08 19:00:00,82.82,27.1,19,5,10,1
2022-10-08 20:00:00,81.54,27.6,20,5,10,1
2022-10-08 21:00:00,81.46,29.7,21,5,10,1
2022-10-08 22:00:00,79.15,29.7,22,5,10,1
2022-10-08 23:00:00,66.26,30.6,23,5,10,1
2022-10-09 00:00:00,47.23,31.7,0,6,10,1
2022-10-09 01:00:00,49.59,32.1,1,6,10,1
2022-10-09 02:00:00,49.28,32.2,2,6,10,1
2022-10-09 03:00:00,50.75,33.3,3,6,10,1
2022-10-09 04:00:00,49.34,32.1,4,6,10,1
2022-10-09 05:00:00,49.72,31.7,5,6,10,1
2022-10-09 06:00:00,56.67,31.7,6,6,10,1
2022-10-09 07:00:00,60.31,29.4,7,6,10,1
2022-10-09 08:00:00,62.41,28.8,8,6,10,1
2022-10-09 09:00:00,67.11,28.3,9,6,10,1
2022-10-09 10:00:00,70.36,25.4,10,6,10,1
2022-10-09 11:00:00,69.59,24.3,11,6,10,1
2022-10-09 12:00:00,72.0,25.8,12,6,10,1
2022-10-09 13:00:00,73.44,25.5,13,6,10,1
2022-10-09 14:00:00,73.61,26.7,14,6,10,1
2022-10-09 15:00:00,74.25,25.3,15,6,10,1
2022-10-09 16:00:00,77.17,26.2,16,6,10,1
2022-10-09 17:00:00,80.78,26.0,17,6,10,1
2022-10-09 18:00:00,83.03,27.2,18,6,10,1
2022-10-09 19:00:00,81.12,29.3,19,6,10,1
2022-10-09 20:00:00,85.82,27.3,20,6,10,1
2022-10-09 21:00:00,87.11,30.4,21,6,10,1
2022-10-09 22:00:00,77.14,32.7,22,6,10,1
2022-10-09 23:00:00,70.64,32.1,23,6,10,1
2022-10-10 00:00:00,53.58,33.8,0,0,10,0
2022-10-10 01:00:00,51.88,32.4,1,0,10,0
2022-10-10 02:00:00,55.25,33.0,2,0,10,0
2022-10-10 03:00:00,56.56,32.9,3,0,10,0
2022-10-10 04:00:00,54.54,30.7,4,0,10,0
2022-10-10 05:00:00,55.51,30.9,5,0,10,0
2022-10-10 06:00:00,59.81,30.1,6,0,10,0
2022-10-10 07:00:00,69.61,30.7,7,0,10,0
2022-10-10 08:00:00,69.15,29.7,8,0,10,0
2022-10-10 09:00:00,76.8,28.2,9,0,10,0
2022-10-10 10:00:00,77.02,27.7,10,0,10,0
2022-10-10 11:00:00,77.17,26.0,11,0,10,0
2022-10-10 12:00:00,79.44,26.5,12,0,10,0
2022-10-10 13:00:00,79.27,25.1,13,0,10,0
2022-10-10 14:00:00,81.56,25.0,14,0,10,0
2022-10-10 15:00:00,82.46,24.9,15,0,10,0
2022-10-10 16:00:00,79.99,26.1,16,0,10,0
2022-10-10 17:00:00,89.46,25.8,17,0,10,0
2022-10-10 18:00:00,88.36,27.8,18,0,10,0
2022-10-10 19:00:00,88.95,27.1,19,0,10,0
2022-10-10 20:00:00,91.1,28.1,20,0,10,0
2022-10-10 21:00:00,99.57,30.6,21,0,10,0
2022-10-10 22:00:00,82.54,30.9,22,0,10,0
2022-10-10 23:00:00,77.11,31.5,23,0,10,0
2022-10-11 00:00:00,52.63,33.2,0,1,10,0
2022-10-11 01:00:00,53.06,32.4,1,1,10,0
2022-10-11 02:00:00,55.49,32.8,2,1,10,0
2022-10-11 03:00:00,57.9,34.0,3,1,10,0
2022-10-11 04:00:00,57.27,33.7,4,1,10,0
2022-10-11 05:00:00,56.83,33.1,5,1,10,0
2022-10-11 06:00:00,61.77,30.8,6,1,10,0
2022-10-11 07:00:00,67.52,31.0,7,1,10,0
2022-10-11 08:00:00,69.56,28.2,8,1,10,0
2022-10-11 09:00:00,76.15,27.2,9,1,10,0
2022-10-11 10:00:00,76.32,25.1,10,1,10,0
2022-10-11 11:00:00,77.22,27.5,11,1,10,0
2022-10-11 12:00:00,79.52,24.8,12,1,10,0
2022-10-11 13:00:00,82.37,25.0,13,1,10,0
2022-10-11 14:00:00,83.04,24.3,14,1,10,0
2022-10-11 15:00:00,83.37,25.7,15,1,10,0
2022-10-11 16:00:00,81.29,25.2,16,1,10,0
2022-10-11 17:00:00,91.36,25.1,17,1,10,0
2022-10-11 18:00:00,89.47,27.4,18,1,10,0
2022-10-11 19:00:00,91.38,26.8,19,1,10,0
2022-10-11 20:00:00,90.66,28.3,20,1,10,0
2022-10-11 21:00:00,93.24,28.3,21,1,10,0
2022-10-11 22:00:00,85.5,29.9,22,1,10,0
2022-10-11 23:00:00,78.19,32.0,23,1,10,0
2022-10-12 00:00:00,52.09,30.9,0,2,10,0
2022-10-12 01:00:00,53.07,31.7,1,2,10,0
2022-10-12 02:00:00,55.4,33.0,2,2,10,0
2022-10-12 03:00:00,54.96,32.4,3,2,10,0
2022-10-12 04:00:00,57.77,34.1,4,2,10,0
2022-10-12 05:00:00,59.53,33.3,5,2,10,0
2022-10-12 06:00:00,61.55,30.3,6,2,10,0
2022-10-12 07:00:00,64.84,30.5,7,2,10,0
2022-10-12 08:00:00,71.68,29.6,8,2,10,0
2022-10-12 09:00:00,76.46,27.5,9,2,10,0
2022-10-12 10:00:00,75.29,25.8,10,2,10,0
2022-10-12 11:00:00,79.35,26.2,11,2,10,0
2022-10-12 12:00:00,77.86,25.4,12,2,10,0
2022-10-12 13:00:00,77.59,24.8,13,2,10,0
2022-10-12 14:00:00,82.27,25.4,14,2,10,0
2022-10-12 15:00:00,82.96,24.5,15,2,10,0
2022-10-12 16:00:00,82.34,24.6,16,2,10,0
2022-10-12 17:00:00,93.62,26.3,17,2,10,0
2022-10-12 18:00:00,90.76,27.3,18,2,10,0
2022-10-12 19:00:00,91.86,27.0,19,2,10,0
2022-10-12 20:00:00,94.74,29.7,20,2,10,0
2022-10-12 21:00:00,92.78,28.6,21,2,10,0
2022-10-12 22:00:00,86.88,30.5,22,2,10,0
2022-10-12 23:00:00,77.12,31.6,23,2,10,0
2022-10-13 00:00:00,52.21,32.0,0,3,10,0
2022-10-13 01:00:00,52.79,32.4,1,3,10,0
2022-10-13 02:00:00,55.36,34.5,2,3,10,0
2022-10-13 03:00:00,54.66,32.2,3,3,10,0
2022-10-13 04:00:00,59.11,34.4,4,3,10,0
2022-10-13 05:00:00,56.71,32.2,5,3,10,0
2022-10-13 06:00:00,61.74,31.1,6,3,10,0
2022-10-13 07:00:00,65.8,30.4,7,3,10,0
2022-10-13 08:00:00,72.95,31.0,8,3,10,0
2022-10-13 09:00:00,74.02,27.2,9,3,10,0
2022-10-13 10:00:00,77.29,26.1,10,3,10,0
2022-10-13 11:00:00,77.51,25.6,11,3,10,0
2022-10-13 12:00:00,77.08,25.6,12,3,10,0
2022-10-13 13:00:00,81.26,23.8,13,3,10,0
2022-10-13 14:00:00,85.05,25.0,14,3,10,0
2022-10-13 15:00:00,80.14,26.5,15,3,10,0
2022-10-13 16:00:00,82.73,25.7,16,3,10,0
2022-10-13 17:00:00,89.98,25.9,17,3,10,0
2022-10-13 18:00:00,94.2,26.5,18,3,10,0
2022-10-13 19:00:00,90.69,28.7,19,3,10,0
2022-10-13 20:00:00,91.93,28.3,20,3,10,0
2022-10-13 21:00:00,94.43,31.5,21,3,10,0
2022-10-13 22:00:00,89.63,32.5,22,3,10,0
2022-10-13 23:00:00,75.81,32.0,23,3,10,0
2022-10-14 00:00:00,52.16,32.5,0,4,10,0
2022-10-14 01:00:00,53.15,33.7,1,4,10,0
2022-10-14 02:00:00,57.09,33.9,2,4,10,0
2022-10-14 03:00:00,56.35,32.2,3,4,10,0
2022-10-14 04:00:00,56.82,32.0,4,4,10,0
2022-10-14 05:00:00,53.8,30.8,5,4,10,0
2022-10-14 06:00:00,62.35,31.3,6,4,10,0
2022-10-14 07:00:00,64.19,30.6,7,4,10,0
2022-10-14 08:00:00,70.03,27.9,8,4,10,0
2022-10-14 09:00:00,75.8,27.6,9,4,10,0
2022-10-14 10:00:00,77.47,25.9,10,4,10,0
2022-10-14 11:00:00,79.34,25.5,11,4,10,0
2022-10-14 12:00:00,79.5,26.0,12,4,10,0
2022-10-14 13:00:00,78.35,24.5,13,4,10,0
2022-10-14 14:00:00,83.41,24.8,14,4,10,0
2022-10-14 15:00:00,82.69,23.8,15,4,10,0
2022-10-14 16:00:00,81.05,25.7,16,4,10,0
2022-10-14 17:00:00,85.81,26.1,17,4,10,0
2022-10-14 18:00:00,92.84,26.4,18,4,10,0
2022-10-14 19:00:00,93.83,27.8,19,4,10,0
2022-10-14 20:00:00,94.53,29.1,20,4,10,0
2022-10-14 21:00:00,92.83,29.4,21,4,10,0
2022-10-14 22:00:00,80.32,29.8,22,4,10,0
2022-10-14 23:00:00,79.75,33.3,23,4,10,0
2022-10-15 00:00:00,47.43,32.0,0,5,10,1
2022-10-15 01:00:00,48.58,32.8,1,5,10,1
2022-10-15 02:00:00,52.18,33.8,2,5,10,1
2022-10-15 03:00:00,55.1,35.7,3,5,10,1
2022-10-15 04:00:00,50.29,31.5,4,5,10,1
2022-10-15 05:00:00,51.89,32.2,5,5,10,1
2022-10-15 06:00:00,54.73,30.4,6,5,10,1
2022-10-15 07:00:00,59.56,29.6,7,5,10,1
2022-10-15 08:00:00,61.76,28.4,8,5,10,1
2022-10-15 09:00:00,68.58,27.1,9,5,10,1
2022-10-15 10:00:00,67.89,27.0,10,5,10,1
2022-10-15 11:00:00,72.74,25.0,11,5,10,1
2022-10-15 12:00:00,72.4,26.3,12,5,10,1
2022-10-15 13:00:00,72.26,25.2,13,5,10,1
2022-10-15 14:00:00,74.41,25.3,14,5,10,1
2022-10-15 15:00:00,72.88,24.8,15,5,10,1
2022-10-15 16:00:00,76.75,25.2,16,5,10,1
2022-10-15 17:00:00,82.57,26.4,17,5,10,1
2022-10-15 18:00:00,82.32,26.1,18,5,10,1
2022-10-15 19:00:00,85.27,27.7,19,5,10,1
2022-10-15 20:00:00,84.07,28.3,20,5,10,1
2022-10-15 21:00:00,86.02,29.3,21,5,10,1
2022-10-15 22:00:00,77.58,29.3,22,5,10,1
2022-10-15 23:00:00,70.8,32.9,23,5,10,1
2022-10-16 00:00:00,47.03,31.9,0,6,10,1
2022-10-16 01:00:00,51.06,33.8,1,6,10,1
2022-10-16 02:00:00,51.82,33.9,2,6,10,1
2022-10-16 03:00:00,48.79,31.8,3,6,10,1
2022-10-16 04:00:00,47.95,31.6,4,6,10,1
2022-10-16 05:00:00,53.7,33.9,5,6,10,1
2022-10-16 06:00:00,54.62,32.4,6,6,10,1
2022-10-16 07:00:00,57.91,30.0,7,6,10,1
2022-10-16 08:00:00,61.98,29.2,8,6,10,1
2022-10-16 09:00:00,67.09,27.5,9,6,10,1
2022-10-16 10:00:00,70.55,27.3,10,6,10,1
2022-10-16 11:00:00,72.28,25.6,11,6,10,1
2022-10-16 12:00:00,72.37,23.9,12,6,10,1
2022-10-16 13:00:00,74.4,24.1,13,6,10,1
2022-10-16 14:00:00,75.36,25.0,14,6,10,1
2022-10-16 15:00:00,70.18,24.2,15,6,10,1
2022-10-16 16:00:00,74.3,25.5,16,6,10,1
2022-10-16 17:00:00,76.55,25.3,17,6,10,1
2022-10-16 18:00:00,81.98,26.4,18,6,10,1
2022-10-16 19:00:00,78.62,28.6,19,6,10,1
2022-10-16 20:00:00,83.7,29.2,20,6,10,1
2022-10-16 21:00:00,86.46,30.0,21,6,10,1
2022-10-16 22:00:00,76.57,31.7,22,6,10,1
2022-10-16 23:00:00,71.37,32.2,23,6,10,1
2022-10-17 00:00:00,54.32,33.6,0,0,10,0
2022-10-17 01:00:00,53.89,32.5,1,0,10,0
2022-10-17 02:00:00,55.46,32.7,2,0,10,0
2022-10-17 03:00:00,54.33,31.8,3,0,10,0
2022-10-17 04:00:00,56.22,32.1,4,0,10,0
2022-10-17 05:00:00,57.68,32.6,5,0,10,0
2022-10-17 06:00:00,62.47,32.0,6,0,10,0
2022-10-17 07:00:00,65.72,30.8,7,0,10,0
2022-10-17 08:00:00,68.22,27.6,8,0,10,0
2022-10-17 09:00:00,74.98,28.8,9,0,10,0
2022-10-17 10:00:00,76.4,25.5,10,0,10,0
2022-10-17 11:00:00,77.36,26.9,11,0,10,0
2022-10-17 12:00:00,80.86,25.2,12,0,10,0
2022-10-17 13:00:00,79.63,25.7,13,0,10,0
2022-10-17 14:00:00,82.25,23.9,14,0,10,0
2022-10-17 15:00:00,84.45,26.1,15,0,10,0
2022-10-17 16:00:00,84.02,24.4,16,0,10,0
2022-10-17 17:00:00,90.71,25.6,17,0,10,0
2022-10-17 18:00:00,89.02,26.2,18,0,10,0
2022-10-17 19:00:00,93.02,26.6,19,0,10,0
2022-10-17 20:00:00,91.25,29.1,20,0,10,0
2022-10-17 21:00:00,96.09,31.5,21,0,10,0
2022-10-17 22:00:00,88.16,33.1,22,0,10,0
2022-10-17 23:00:00,76.11,31.9,23,0,10,0
2022-10-18 00:00:00,53.24,33.4,0,1,10,0
2022-10-18 01:00:00,53.63,33.0,1,1,10,0
2022-10-18 02:00:00,54.62,33.4,2,1,10,0
2022-10-18 03:00:00,56.53,32.6,3,1,10,0
2022-10-18 04:00:00,56.47,32.6,4,1,10,0
2022-10-18 05:00:00,57.52,32.3,5,1,10,0
2022-10-18 06:00:00,60.87,30.5,6,1,10,0
2022-10-18 07:00:00,65.69,30.0,7,1,10,0
2022-10-18 08:00:00,70.08,29.0,8,1,10,0
2022-10-18 09:00:00,75.03,28.6,9,1,10,0
2022-10-18 10:00:00,79.17,26.1,10,1,10,0
2022-10-18 11:00:00,79.69,26.1,11,1,10,0
2022-10-18 12:00:00,79.54,27.1,12,1,10,0
2022-10-18 13:00:00,80.8,26.1,13,1,10,0
2022-10-18 14:00:00,82.34,26.1,14,1,10,0
2022-10-18 15:00:00,83.22,25.2,15,1,10,0
2022-10-18 16:00:00,84.99,25.8,16,1,10,0
2022-10-18 17:00:00,86.16,27.0,17,1,10,0
2022-10-18 18:00:00,91.26,28.2,18,1,10,0
2022-10-18 19:00:00,93.64,26.4,19,1,10,0
2022-10-18 20:00:00,90.35,27.9,20,1,10,0
2022-10-18 21:00:00,95.79,31.1,21,1,10,0
2022-10-18 22:00:00,83.93,30.8,22,1,10,0
2022-10-18 23:00:00,76.86,31.3,23,1,10,0
2022-10-19 00:00:00,50.97,31.5,0,2,10,0
2022-10-19 01:00:00,53.27,32.4,1,2,10,0
2022-10-19 02:00:00,53.39,31.9,2,2,10,0
2022-10-19 03:00:00,58.67,34.5,3,2,10,0
2022-10-19 04:00:00,56.66,32.4,4,2,10,0
2022-10-19 05:00:00,56.95,31.8,5,2,10,0
2022-10-19 06:00:00,62.07,31.5,6,2,10,0
2022-10-19 07:00:00,67.31,30.8,7,2,10,0
2022-10-19 08:00:00,70.55,29.8,8,2,10,0
2022-10-19 09:00:00,78.04,28.8,9,2,10,0
2022-10-19 10:00:00,75.11,26.5,10,2,10,0
2022-10-19 11:00:00,75.81,25.9,11,2,10,0
2022-10-19 12:00:00,76.66,26.2,12,2,10,0
2022-10-19 13:00:00,78.16,24.7,13,2,10,0
2022-10-19 14:00:00,83.64,25.0,14,2,10,0
2022-10-19 15:00:00,83.44,25.5,15,2,10,0
2022-10-19 16:00:00,84.51,26.2,16,2,10,0
2022-10-19 17:00:00,86.71,24.7,17,2,10,0
2022-10-19 18:00:00,91.42,27.6,18,2,10,0
2022-10-19 19:00:00,91.69,27.8,19,2,10,0
2022-10-19 20:00:00,94.13,29.6,20,2,10,0
2022-10-19 21:00:00,96.81,30.7,21,2,10,0
2022-10-19 22:00:00,86.24,32.3,22,2,10,0
2022-10-19 23:00:00,81.93,32.9,23,2,10,0
2022-10-20 00:00:00,54.99,33.5,0,3,10,0
2022-10-20 01:00:00,54.8,34.0,1,3,10,0
2022-10-20 02:00:00,54.27,33.2,2,3,10,0
2022-10-20 03:00:00,55.92,32.9,3,3,10,0
2022-10-20 04:00:00,57.57,33.2,4,3,10,0
2022-10-20 05:00:00,58.55,32.4,5,3,10,0
2022-10-20 06:00:00,59.67,30.8,6,3,10,0
2022-10-20 07:00:00,66.46,30.4,7,3,10,0
2022-10-20 08:00:00,67.83,29.0,8,3,10,0
2022-10-20 09:00:00,76.14,27.3,9,3,10,0
2022-10-20 10:00:00,76.83,28.0,10,3,10,0
2022-10-20 11:00:00,81.53,26.2,11,3,10,0
2022-10-20 12:00:00,77.07,27.2,12,3,10,0
2022-10-20 13:00:00,83.75,23.8,13,3,10,0
2022-10-20 14:00:00,79.74,24.6,14,3,10,0
2022-10-20 15:00:00,80.36,25.2,15,3,10,0
2022-10-20 16:00:00,79.78,26.4,16,3,10,0
2022-10-20 17:00:00,89.01,26.5,17,3,10,0
2022-10-20 18:00:00,87.98,27.2,18,3,10,0
2022-10-20 19:00:00,89.14,27.1,19,3,10,0
2022-10-20 20:00:00,93.48,28.1,20,3,10,0
2022-10-20 21:00:00,96.0,30.3,21,3,10,0
2022-10-20 22:00:00,84.69,29.9,22,3,10,0
2022-10-20 23:00:00,76.12,31.4,23,3,10,0
2022-10-21 00:00:00,54.75,32.9,0,4,10,0
2022-10-21 01:00:00,53.18,32.1,1,4,10,0
2022-10-21 02:00:00,57.49,34.3,2,4,10,0
2022-10-21 03:00:00,57.24,33.8,3,4,10,0
2022-10-21 04:00:00,53.84,31.2,4,4,10,0
2022-10-21 05:00:00,56.45,31.1,5,4,10,0
2022-10-21 06:00:00,58.35,29.2,6,4,10,0
2022-10-21 07:00:00,64.78,29.4,7,4,10,0
2022-10-21 08:00:00,71.1,29.6,8,4,10,0
2022-10-21 09:00:00,72.58,27.6,9,4,10,0
2022-10-21 10:00:00,74.53,27.4,10,4,10,0
2022-10-21 11:00:00,79.93,25.0,11,4,10,0
2022-10-21 12:00:00,78.46,26.2,12,4,10,0
2022-10-21 13:00:00,80.53,24.7,13,4,10,0
2022-10-21 14:00:00,82.81,25.0,14,4,10,0
2022-10-21 15:00:00,81.9,25.1,15,4,10,0
2022-10-21 16:00:00,83.22,24.5,16,4,10,0
2022-10-21 17:00:00,88.48,25.2,17,4,10,0
2022-10-21 18:00:00,90.44,27.8,18,4,10,0
2022-10-21 19:00:00,90.31,28.3,19,4,10,0
2022-10-21 20:00:00,94.42,29.8,20,4,10,0
2022-10-21 21:00:00,97.22,30.3,21,4,10,0
2022-10-21 22:00:00,85.12,31.1,22,4,10,0
2022-10-21 23:00:00,76.49,30.4,23,4,10,0
2022-10-22 00:00:00,47.27,32.2,0,5,10,1
2022-10-22 01:00:00,49.67,32.8,1,5,10,1
2022-10-22 02:00:00,52.14,34.6,2,5,10,1
2022-10-22 03:00:00,51.44,33.4,3,5,10,1
2022-10-22 04:00:00,53.11,33.7,4,5,10,1
2022-10-22 05:00:00,53.26,32.3,5,5,10,1
2022-10-22 06:00:00,54.95,30.4,6,5,10,1
2022-10-22 07:00:00,59.91,30.1,7,5,10,1
2022-10-22 08:00:00,62.68,29.2,8,5,10,1
2022-10-22 09:00:00,70.3,27.2,9,5,10,1
2022-10-22 10:00:00,70.28,26.7,10,5,10,1
2022-10-22 11:00:00,70.78,26.0,11,5,10,1
2022-10-22 12:00:00,71.37,26.8,12,5,10,1
2022-10-22 13:00:00,74.96,23.5,13,5,10,1
2022-10-22 14:00:00,73.29,26.0,14,5,10,1
2022-10-22 15:00:00,71.36,24.4,15,5,10,1
2022-10-22 16:00:00,74.4,24.4,16,5,10,1
2022-10-22 17:00:00,81.81,27.1,17,5,10,1
2022-10-22 18:00:00,83.92,27.6,18,5,10,1
2022-10-22 19:00:00,82.24,29.0,19,5,10,1
2022-10-22 20:00:00,84.59,29.6,20,5,10,1
2022-10-22 21:00:00,88.45,31.7,21,5,10,1
2022-10-22 22:00:00,77.63,31.4,22,5,10,1
2022-10-22 23:00:00,70.12,31.7,23,5,10,1
2022-10-23 00:00:00,47.84,32.7,0,6,10,1
2022-10-23 01:00:00,51.26,33.9,1,6,10,1
2022-10-23 02:00:00,50.1,32.4,2,6,10,1
2022-10-23 03:00:00,50.98,32.3,3,6,10,1
2022-10-23 04:00:00,50.73,32.2,4,6,10,1
2022-10-23 05:00:00,51.37,30.1,5,6,10,1
2022-10-23 06:00:00,56.08,31.1,6,6,10,1
2022-10-23 07:00:00,58.29,28.5,7,6,10,1
2022-10-23 08:00:00,61.9,29.0,8,6,10,1
2022-10-23 09:00:00,67.79,28.7,9,6,10,1
2022-10-23 10:00:00,69.47,26.6,10,6,10,1
2022-10-23 11:00:00,69.43,27.5,11,6,10,1
2022-10-23 12:00:00,71.1,24.4,12,6,10,1
2022-10-23 13:00:00,73.11,26.1,13,6,10,1
2022-10-23 14:00:00,74.37,25.5,14,6,10,1
2022-10-23 15:00:00,71.39,23.8,15,6,10,1
2022-10-23 16:00:00,74.06,27.7,16,6,10,1
2022-10-23 17:00:00,79.05,26.1,17,6,10,1
2022-10-23 18:00:00,81.04,26.3,18,6,10,1
2022-10-23 19:00:00,84.32,26.8,19,6,10,1
2022-10-23 20:00:00,87.59,28.8,20,6,10,1
2022-10-23 21:00:00,86.59,29.9,21,6,10,1
2022-10-23 22:00:00,75.66,31.1,22,6,10,1
2022-10-23 23:00:00,68.74,31.6,23,6,10,1
2022-10-24 00:00:00,53.68,33.0,0,0,10,0
2022-10-24 01:00:00,54.11,32.6,1,0,10,0
2022-10-24 02:00:00,54.31,31.5,2,0,10,0
2022-10-24 03:00:00,55.67,32.7,3,0,10,0
2022-10-24 04:00:00,53.88,30.6,4,0,10,0
2022-10-24 05:00:00,58.92,32.1,5,0,10,0
2022-10-24 06:00:00,60.39,30.2,6,0,10,0
2022-10-24 07:00:00,64.55,30.2,7,0,10,0
2022-10-24 08:00:00,73.32,30.1,8,0,10,0
2022-10-24 09:00:00,73.24,27.2,9,0,10,0
2022-10-24 10:00:00,71.65,27.8,10,0,10,0
2022-10-24 11:00:00,79.71,25.8,11,0,10,0
2022-10-24 12:00:00,80.95,26.9,12,0,10,0
2022-10-24 13:00:00,82.2,24.8,13,0,10,0
2022-10-24 14:00:00,80.4,24.3,14,0,10,0
2022-10-24 15:00:00,82.44,25.7,15,0,10,0
2022-10-24 16:00:00,82.08,25.2,16,0,10,0
2022-10-24 17:00:00,87.63,25.5,17,0,10,0
2022-10-24 18:00:00,92.61,26.6,18,0,10,0
2022-10-24 19:00:00,89.69,27.9,19,0,10,0
2022-10-24 20:00:00,95.01,30.1,20,0,10,0
2022-10-24 21:00:00,95.83,28.5,21,0,10,0
2022-10-24 22:00:00,86.57,31.0,22,0,10,0
2022-10-24 23:00:00,79.25,32.3,23,0,10,0
2022-10-25 00:00:00,53.17,32.6,0,1,10,0
2022-10-25 01:00:00,55.62,33.9,1,1,10,0
2022-10-25 02:00:00,55.37,32.9,2,1,10,0
2022-10-25 03:00:00,56.4,32.7,3,1,10,0
2022-10-25 04:00:00,56.62,32.9,4,1,10,0
2022-10-25 05:00:00,55.44,31.9,5,1,10,0
2022-10-25 06:00:00,62.04,30.7,6,1,10,0
2022-10-25 07:00:00,67.58,30.4,7,1,10,0
2022-10-25 08:00:00,70.3,28.5,8,1,10,0
2022-10-25 09:00:00,74.66,27.5,9,1,10,0
2022-10-25 10:00:00,74.61,26.6,10,1,10,0
2022-10-25 11:00:00,78.64,27.3,11,1,10,0
2022-10-25 12:00:00,77.38,23.0,12,1,10,0
2022-10-25 13:00:00,79.11,25.5,13,1,10,0
2022-10-25 14:00:00,82.5,25.0,14,1,10,0
2022-10-25 15:00:00,81.28,23.8,15,1,10,0
2022-10-25 16:00:00,83.1,25.8,16,1,10,0
2022-10-25 17:00:00,88.29,26.6,17,1,10,0
2022-10-25 18:00:00,89.0,27.5,18,1,10,0
2022-10-25 19:00:00,88.49,25.8,19,1,10,0
2022-10-25 20:00:00,92.84,30.1,20,1,10,0
2022-10-25 21:00:00,92.57,29.4,21,1,10,0
2022-10-25 22:00:00,84.51,31.5,22,1,10,0
2022-10-25 23:00:00,77.07,32.4,23,1,10,0
2022-10-26 00:00:00,50.57,31.8,0,2,10,0
2022-10-26 01:00:00,54.44,33.4,1,2,10,0
2022-10-26 02:00:00,55.01,32.7,2,2,10,0
2022-10-26 03:00:00,53.13,31.2,3,2,10,0
2022-10-26 04:00:00,58.06,33.4,4,2,10,0
2022-10-26 05:00:00,54.54,31.2,5,2,10,0
2022-10-26 06:00:00,59.14,30.3,6,2,10,0
2022-10-26 07:00:00,65.11,29.7,7,2,10,0
2022-10-26 08:00:00,71.15,29.2,8,2,10,0
2022-10-26 09:00:00,76.79,27.9,9,2,10,0
2022-10-26 10:00:00,79.46,27.4,10,2,10,0
2022-10-26 11:00:00,77.92,25.1,11,2,10,0
2022-10-26 12:00:00,79.31,24.9,12,2,10,0
2022-10-26 13:00:00,79.85,25.0,13,2,10,0
2022-10-26 14:00:00,80.48,26.5,14,2,10,0
2022-10-26 15:00:00,82.91,25.0,15,2,10,0
2022-10-26 16:00:00,81.26,26.4,16,2,10,0
2022-10-26 17:00:00,90.74,26.2,17,2,10,0
2022-10-26 18:00:00,87.46,26.6,18,2,10,0
2022-10-26 19:00:00,92.48,27.8,19,2,10,0
2022-10-26 20:00:00,91.24,28.9,20,2,10,0
2022-10-26 21:00:00,93.88,30.5,21,2,10,0
2022-10-26 22:00:00,88.15,32.1,22,2,10,0
2022-10-26 23:00:00,76.21,32.1,23,2,10,0
2022-10-27 00:00:00,53.1,33.4,0,3,10,0
2022-10-27 01:00:00,52.24,32.1,1,3,10,0
2022-10-27 02:00:00,56.55,32.7,2,3,10,0
2022-10-27 03:00:00,54.66,32.3,3,3,10,0
2022-10-27 04:00:00,56.83,32.7,4,3,10,0
2022-10-27 05:00:00,56.13,31.5,5,3,10,0
2022-10-27 06:00:00,62.26,31.6,6,3,10,0
2022-10-27 07:00:00,63.99,29.3,7,3,10,0
2022-10-27 08:00:00,69.67,29.0,8,3,10,0
2022-10-27 09:00:00,76.08,28.5,9,3,10,0
2022-10-27 10:00:00,75.68,25.3,10,3,10,0
2022-10-27 11:00:00,80.21,27.9,11,3,10,0
2022-10-27 12:00:00,81.39,25.3,12,3,10,0
2022-10-27 13:00:00,82.51,23.5,13,3,10,0
2022-10-27 14:00:00,82.65,25.1,14,3,10,0
2022-10-27 15:00:00,77.63,25.2,15,3,10,0
2022-10-27 16:00:00,83.23,25.5,16,3,10,0
2022-10-27 17:00:00,87.88,27.0,17,3,10,0
2022-10-27 18:00:00,89.64,27.6,18,3,10,0
2022-10-27 19:00:00,88.14,28.2,19,3,10,0
2022-10-27 20:00:00,94.49,29.4,20,3,10,0
2022-10-27 21:00:00,92.11,30.0,21,3,10,0
2022-10-27 22:00:00,87.82,32.4,22,3,10,0
2022-10-27 23:00:00,76.72,30.6,23,3,10,0
2022-10-28 00:00:00,52.18,32.6,0,4,10,0
2022-10-28 01:00:00,55.19,32.9,1,4,10,0
2022-10-28 02:00:00,55.22,33.7,2,4,10,0
2022-10-28 03:00:00,55.78,32.2,3,4,10,0
2022-10-28 04:00:00,53.5,31.1,4,4,10,0
2022-10-28 05:00:00,58.04,32.0,5,4,10,0
2022-10-28 06:00:00,62.55,31.2,6,4,10,0
2022-10-28 07:00:00,67.66,31.2,7,4,10,0
2022-10-28 08:00:00,69.41,28.0,8,4,10,0
2022-10-28 09:00:00,73.38,28.9,9,4,10,0
2022-10-28 10:00:00,76.4,28.9,10,4,10,0
2022-10-28 11:00:00,80.24,25.9,11,4,10,0
2022-10-28 12:00:00,79.72,24.5,12,4,10,0
2022-10-28 13:00:00,79.01,24.8,13,4,10,0
2022-10-28 14:00:00,80.69,25.0,14,4,10,0
2022-10-28 15:00:00,84.59,25.6,15,4,10,0
2022-10-28 16:00:00,83.33,25.1,16,4,10,0
2022-10-28 17:00:00,86.4,27.4,17,4,10,0
2022-10-28 18:00:00,86.92,26.1,18,4,10,0
2022-10-28 19:00:00,90.45,26.6,19,4,10,0
2022-10-28 20:00:00,90.76,29.9,20,4,10,0
2022-10-28 21:00:00,93.31,28.2,21,4,10,0
2022-10-28 22:00:00,89.77,30.8,22,4,10,0
2022-10-28 23:00:00,77.5,34.3,23,4,10,0
2022-10-29 00:00:00,47.5,32.5,0,5,10,1
2022-10-29 01:00:00,49.27,32.0,1,5,10,1
2022-10-29 02:00:00,50.84,33.0,2,5,10,1
2022-10-29 03:00:00,50.61,32.8,3,5,10,1
2022-10-29 04:00:00,51.27,32.6,4,5,10,1
2022-10-29 05:00:00,50.86,32.4,5,5,10,1
2022-10-29 06:00:00,54.12,30.2,6,5,10,1
2022-10-29 07:00:00,61.17,31.4,7,5,10,1
2022-10-29 08:00:00,64.73,29.2,8,5,10,1
2022-10-29 09:00:00,67.01,28.5,9,5,10,1
2022-10-29 10:00:00,69.01,26.5,10,5,10,1
2022-10-29 11:00:00,69.18,27.2,11,5,10,1
2022-10-29 12:00:00,71.92,25.3,12,5,10,1
2022-10-29 13:00:00,74.64,25.4,13,5,10,1
2022-10-29 14:00:00,75.31,24.3,14,5,10,1
2022-10-29 15:00:00,72.36,24.3,15,5,10,1
2022-10-29 16:00:00,74.52,26.1,16,5,10,1
2022-10-29 17:00:00,78.52,25.8,17,5,10,1
2022-10-29 18:00:00,82.88,26.3,18,5,10,1
2022-10-29 19:00:00,82.14,27.5,19,5,10,1
2022-10-29 20:00:00,81.7,29.6,20,5,10,1
2022-10-29 21:00:00,84.44,29.5,21,5,10,1
2022-10-29 22:00:00,78.23,30.9,22,5,10,1
2022-10-29 23:00:00,69.84,31.8,23,5,10,1
2022-10-30 00:00:00,45.27,30.9,0,6,10,1
2022-10-30 01:00:00,47.05,31.7,1,6,10,1
2022-10-30 02:00:00,49.46,33.3,2,6,10,1
2022-10-30 03:00:00,49.76,32.3,3,6,10,1
2022-10-30 04:00:00,51.37,33.3,4,6,10,1
2022-10-30 05:00:00,53.36,32.6,5,6,10,1
2022-10-30 06:00:00,55.06,31.6,6,6,10,1
2022-10-30 07:00:00,61.13,31.5,7,6,10,1
2022-10-30 08:00:00,63.03,28.9,8,6,10,1
2022-10-30 09:00:00,69.36,28.5,9,6,10,1
2022-10-30 10:00:00,70.96,26.5,10,6,10,1
2022-10-30 11:00:00,71.74,28.1,11,6,10,1
2022-10-30 12:00:00,72.12,27.1,12,6,10,1
2022-10-30 13:00:00,71.68,25.1,13,6,10,1
2022-10-30 14:00:00,72.53,25.3,14,6,10,1
2022-10-30 15:00:00,72.89,26.2,15,6,10,1
2022-10-30 16:00:00,75.51,25.4,16,6,10,1
2022-10-30 17:00:00,79.84,25.6,17,6,10,1
2022-10-30 18:00:00,82.63,27.7,18,6,10,1
2022-10-30 19:00:00,84.26,28.0,19,6,10,1
2022-10-30 20:00:00,82.57,29.1,20,6,10,1
2022-10-30 21:00:00,84.78,29.4,21,6,10,1
2022-10-30 22:00:00,75.88,29.6,22,6,10,1
2022-10-30 23:00:00,69.25,32.0,23,6,10,1
2022-10-31 00:00:00,52.84,33.2,0,0,10,0
2022-10-31 01:00:00,54.92,32.7,1,0,10,0
2022-10-31 02:00:00,56.5,34.1,2,0,10,0
2022-10-31 03:00:00,55.3,32.3,3,0,10,0
2022-10-31 04:00:00,54.62,31.6,4,0,10,0
2022-10-31 05:00:00,57.42,31.8,5,0,10,0
2022-10-31 06:00:00,59.98,30.9,6,0,10,0
2022-10-31 07:00:00,67.04,30.7,7,0,10,0
2022-10-31 08:00:00,70.62,28.4,8,0,10,0
2022-10-31 09:00:00,74.99,29.1,9,0,10,0
2022-10-31 10:00:00,77.48,28.6,10,0,10,0
2022-10-31 11:00:00,78.8,26.1,11,0,10,0
2022-10-31 12:00:00,79.45,26.5,12,0,10,0
2022-10-31 13:00:00,81.55,24.3,13,0,10,0
2022-10-31 14:00:00,82.63,25.9,14,0,10,0
2022-10-31 15:00:00,82.75,26.0,15,0,10,0
2022-10-31 16:00:00,82.63,26.2,16,0,10,0
2022-10-31 17:00:00,86.63,26.2,17,0,10,0
2022-10-31 18:00:00,89.81,24.6,18,0,10,0
2022-10-31 19:00:00,92.07,27.5,19,0,10,0
2022-10-31 20:00:00,93.28,28.5,20,0,10,0
2022-10-31 21:00:00,95.74,29.3,21,0,10,0
2022-10-31 22:00:00,87.09,31.1,22,0,10,0
2022-10-31 23:00:00,75.2,31.5,23,0,10,0
2022-11-01 00:00:00,49.9,30.8,0,1,11,0
2022-11-01 01:00:00,51.0,31.0,1,1,11,0
2022-11-01 02:00:00,52.77,31.4,2,1,11,0
2022-11-01 03:00:00,55.45,32.8,3,1,11,0
2022-11-01 04:00:00,54.81,30.9,4,1,11,0
2022-11-01 05:00:00,54.76,30.4,5,1,11,0
2022-11-01 06:00:00,60.54,29.6,6,1,11,0
2022-11-01 07:00:00,64.54,29.3,7,1,11,0
2022-11-01 08:00:00,68.2,28.4,8,1,11,0
2022-11-01 09:00:00,74.15,24.5,9,1,11,0
2022-11-01 10:00:00,77.27,26.8,10,1,11,0
2022-11-01 11:00:00,75.32,26.3,11,1,11,0
2022-11-01 12:00:00,76.71,23.7,12,1,11,0
2022-11-01 13:00:00,80.85,23.4,13,1,11,0
2022-11-01 14:00:00,83.39,23.6,14,1,11,0
2022-11-01 15:00:00,83.98,23.5,15,1,11,0
2022-11-01 16:00:00,81.48,24.7,16,1,11,0
2022-11-01 17:00:00,89.69,23.6,17,1,11,0
2022-11-01 18:00:00,89.45,25.1,18,1,11,0
2022-11-01 19:00:00,88.03,28.2,19,1,11,0
2022-11-01 20:00:00,92.3,27.3,20,1,11,0
2022-11-01 21:00:00,92.86,30.0,21,1,11,0
2022-11-01 22:00:00,85.92,30.3,22,1,11,0
2022-11-01 23:00:00,73.29,29.4,23,1,11,0
2022-11-02 00:00:00,50.28,32.0,0,2,11,0
2022-11-02 01:00:00,50.79,31.8,1,2,11,0
2022-11-02 02:00:00,53.0,31.6,2,2,11,0
2022-11-02 03:00:00,52.15,32.1,3,2,11,0
2022-11-02 04:00:00,54.72,31.8,4,2,11,0
2022-11-02 05:00:00,56.02,31.4,5,2,11,0
2022-11-02 06:00:00,59.42,30.9,6,2,11,0
2022-11-02 07:00:00,65.62,29.4,7,2,11,0
2022-11-02 08:00:00,71.01,26.9,8,2,11,0
2022-11-02 09:00:00,73.32,26.6,9,2,11,0
2022-11-02 10:00:00,75.89,28.4,10,2,11,0
2022-11-02 11:00:00,79.39,25.8,11,2,11,0
2022-11-02 12:00:00,78.84,26.4,12,2,11,0
2022-11-02 13:00:00,78.58,25.3,13,2,11,0
2022-11-02 14:00:00,81.6,24.2,14,2,11,0
2022-11-02 15:00:00,80.43,24.4,15,2,11,0
2022-11-02 16:00:00,83.65,24.5,16,2,11,0
2022-11-02 17:00:00,88.89,23.8,17,2,11,0
2022-11-02 18:00:00,88.76,26.0,18,2,11,0
2022-11-02 19:00:00,91.07,27.9,19,2,11,0
2022-11-02 20:00:00,89.89,27.5,20,2,11,0
2022-11-02 21:00:00,91.89,29.4,21,2,11,0
2022-11-02 22:00:00,87.45,30.7,22,2,11,0
2022-11-02 23:00:00,74.25,30.1,23,2,11,0
2022-11-03 00:00:00,51.32,31.1,0,3,11,0
2022-11-03 01:00:00,51.53,31.0,1,3,11,0
2022-11-03 02:00:00,53.97,31.3,2,3,11,0
2022-11-03 03:00:00,51.02,30.8,3,3,11,0
2022-11-03 04:00:00,53.74,30.7,4,3,11,0
2022-11-03 05:00:00,58.24,32.0,5,3,11,0
2022-11-03 06:00:00,59.86,29.3,6,3,11,0
2022-11-03 07:00:00,65.69,29.1,7,3,11,0
2022-11-03 08:00:00,69.35,27.6,8,3,11,0
2022-11-03 09:00:00,74.04,27.9,9,3,11,0
2022-11-03 10:00:00,74.77,27.0,10,3,11,0
2022-11-03 11:00:00,76.13,25.9,11,3,11,0
2022-11-03 12:00:00,80.11,24.8,12,3,11,0
2022-11-03 13:00:00,81.67,24.0,13,3,11,0
2022-11-03 14:00:00,81.72,23.0,14,3,11,0
2022-11-03 15:00:00,82.67,25.7,15,3,11,0
2022-11-03 16:00:00,82.07,23.9,16,3,11,0
2022-11-03 17:00:00,89.51,25.7,17,3,11,0
2022-11-03 18:00:00,91.02,26.8,18,3,11,0
2022-11-03 19:00:00,88.88,26.5,19,3,11,0
2022-11-03 20:00:00,92.82,28.8,20,3,11,0
2022-11-03 21:00:00,90.43,29.6,21,3,11,0
2022-11-03 22:00:00,85.93,31.4,22,3,11,0
2022-11-03 23:00:00,75.53,30.5,23,3,11,0
2022-11-04 00:00:00,48.32,30.4,0,4,11,0
2022-11-04 01:00:00,51.49,31.5,1,4,11,0
2022-11-04 02:00:00,53.75,32.2,2,4,11,0
2022-11-04 03:00:00,54.61,31.9,3,4,11,0
2022-11-04 04:00:00,54.12,31.1,4,4,11,0
2022-11-04 05:00:00,52.01,29.3,5,4,11,0
2022-11-04 06:00:00,60.0,30.4,6,4,11,0
2022-11-04 07:00:00,63.67,30.6,7,4,11,0
2022-11-04 08:00:00,69.04,28.4,8,4,11,0
2022-11-04 09:00:00,74.19,27.5,9,4,11,0
2022-11-04 10:00:00,76.14,26.5,10,4,11,0
2022-11-04 11:00:00,76.97,25.5,11,4,11,0
2022-11-04 12:00:00,76.46,25.3,12,4,11,0
2022-11-04 13:00:00,80.24,24.5,13,4,11,0
2022-11-04 14:00:00,83.36,23.7,14,4,11,0
2022-11-04 15:00:00,83.9,23.5,15,4,11,0
2022-11-04 16:00:00,85.83,24.3,16,4,11,0
2022-11-04 17:00:00,90.8,25.4,17,4,11,0
2022-11-04 18:00:00,87.18,25.7,18,4,11,0
2022-11-04 19:00:00,90.07,27.2,19,4,11,0
2022-11-04 20:00:00,92.27,28.4,20,4,11,0
2022-11-04 21:00:00,93.49,29.7,21,4,11,0
2022-11-04 22:00:00,85.35,31.0,22,4,11,0
2022-11-04 23:00:00,78.65,30.9,23,4,11,0
2022-11-05 00:00:00,43.75,30.4,0,5,11,1
2022-11-05 01:00:00,46.43,31.6,1,5,11,1
2022-11-05 02:00:00,50.15,32.0,2,5,11,1
2022-11-05 03:00:00,46.86,30.4,3,5,11,1
2022-11-05 04:00:00,51.43,32.6,4,5,11,1
2022-11-05 05:00:00,50.98,30.9,5,5,11,1
2022-11-05 06:00:00,54.67,30.3,6,5,11,1
2022-11-05 07:00:00,59.05,30.1,7,5,11,1
2022-11-05 08:00:00,63.73,27.5,8,5,11,1
2022-11-05 09:00:00,66.02,27.4,9,5,11,1
2022-11-05 10:00:00,67.95,25.9,10,5,11,1
2022-11-05 11:00:00,70.89,25.0,11,5,11,1
2022-11-05 12:00:00,67.69,23.9,12,5,11,1
2022-11-05 13:00:00,75.05,25.5,13,5,11,1
2022-11-05 14:00:00,74.15,23.7,14,5,11,1
2022-11-05 15:00:00,73.9,24.7,15,5,11,1
2022-11-05 16:00:00,70.98,23.0,16,5,11,1
2022-11-05 17:00:00,76.77,26.1,17,5,11,1
2022-11-05 18:00:00,79.67,26.8,18,5,11,1
2022-11-05 19:00:00,83.2,27.0,19,5,11,1
2022-11-05 20:00:00,79.24,27.8,20,5,11,1
2022-11-05 21:00:00,85.48,29.4,21,5,11,1
2022-11-05 22:00:00,77.31,31.8,22,5,11,1
2022-11-05 23:00:00,65.72,29.4,23,5,11,1
2022-11-06 00:00:00,47.08,32.1,0,6,11,1
2022-11-06 01:00:00,46.79,31.1,1,6,11,1
2022-11-06 02:00:00,47.8,32.0,2,6,11,1
2022-11-06 03:00:00,49.68,31.7,3,6,11,1
2022-11-06 04:00:00,46.81,31.1,4,6,11,1
2022-11-06 05:00:00,49.29,30.8,5,6,11,1
2022-11-06 06:00:00,52.84,29.1,6,6,11,1
2022-11-06 07:00:00,58.12,29.9,7,6,11,1
2022-11-06 08:00:00,59.88,26.6,8,6,11,1
2022-11-06 09:00:00,68.5,27.4,9,6,11,1
2022-11-06 10:00:00,66.8,25.7,10,6,11,1
2022-11-06 11:00:00,69.95,24.2,11,6,11,1
2022-11-06 12:00:00,71.2,24.7,12,6,11,1
2022-11-06 13:00:00,72.78,22.9,13,6,11,1
2022-11-06 14:00:00,75.57,24.0,14,6,11,1
2022-11-06 15:00:00,73.56,23.0,15,6,11,1
2022-11-06 16:00:00,74.35,24.9,16,6,11,1
2022-11-06 17:00:00,78.94,24.4,17,6,11,1
2022-11-06 18:00:00,81.48,25.6,18,6,11,1
2022-11-06 19:00:00,84.27,27.2,19,6,11,1
2022-11-06 20:00:00,83.34,27.4,20,6,11,1
2022-11-06 21:00:00,84.98,29.0,21,6,11,1
2022-11-06 22:00:00,76.96,28.8,22,6,11,1
2022-11-06 23:00:00,70.31,31.3,23,6,11,1
2022-11-07 00:00:00,52.21,32.9,0,0,11,0
2022-11-07 01:00:00,56.04,34.1,1,0,11,0
2022-11-07 02:00:00,53.87,32.1,2,0,11,0
2022-11-07 03:00:00,56.24,32.5,3,0,11,0
2022-11-07 04:00:00,53.69,30.0,4,0,11,0
2022-11-07 05:00:00,56.78,32.0,5,0,11,0
2022-11-07 06:00:00,60.81,30.6,6,0,11,0
2022-11-07 07:00:00,64.2,28.6,7,0,11,0
2022-11-07 08:00:00,69.77,29.0,8,0,11,0
2022-11-07 09:00:00,74.61,26.8,9,0,11,0
2022-11-07 10:00:00,75.96,25.6,10,0,11,0
2022-11-07 11:00:00,80.59,25.6,11,0,11,0
2022-11-07 12:00:00,79.59,23.7,12,0,11,0
2022-11-07 13:00:00,79.91,25.0,13,0,11,0
2022-11-07 14:00:00,81.38,23.2,14,0,11,0
2022-11-07 15:00:00,83.57,23.3,15,0,11,0
2022-11-07 16:00:00,80.63,23.8,16,0,11,0
2022-11-07 17:00:00,85.21,25.8,17,0,11,0
2022-11-07 18:00:00,86.8,25.5,18,0,11,0
2022-11-07 19:00:00,87.67,25.9,19,0,11,0
2022-11-07 20:00:00,89.91,27.5,20,0,11,0
2022-11-07 21:00:00,90.61,29.0,21,0,11,0
2022-11-07 22:00:00,85.25,29.1,22,0,11,0
2022-11-07 23:00:00,73.86,29.9,23,0,11,0
2022-11-08 00:00:00,52.59,33.2,0,1,11,0
2022-11-08 01:00:00,50.13,31.2,1,1,11,0
2022-11-08 02:00:00,53.0,31.7,2,1,11,0
2022-11-08 03:00:00,52.24,31.6,3,1,11,0
2022-11-08 04:00:00,54.03,31.1,4,1,11,0
2022-11-08 05:00:00,57.84,31.3,5,1,11,0
2022-11-08 06:00:00,61.32,30.8,6,1,11,0
2022-11-08 07:00:00,63.6,28.8,7,1,11,0
2022-11-08 08:00:00,70.33,27.0,8,1,11,0
2022-11-08 09:00:00,74.07,28.0,9,1,11,0
2022-11-08 10:00:00,75.12,25.9,10,1,11,0
2022-11-08 11:00:00,80.5,26.6,11,1,11,0
2022-11-08 12:00:00,77.03,22.7,12,1,11,0
2022-11-08 13:00:00,80.26,24.3,13,1,11,0
2022-11-08 14:00:00,82.34,25.5,14,1,11,0
2022-11-08 15:00:00,80.3,23.9,15,1,11,0
2022-11-08 16:00:00,82.9,24.4,16,1,11,0
2022-11-08 17:00:00,87.28,25.4,17,1,11,0
2022-11-08 18:00:00,90.51,25.6,18,1,11,0
2022-11-08 19:00:00,91.88,26.7,19,1,11,0
2022-11-08 20:00:00,91.86,27.7,20,1,11,0
2022-11-08 21:00:00,95.99,28.5,21,1,11,0
2022-11-08 22:00:00,84.13,31.0,22,1,11,0
2022-11-08 23:00:00,77.46,31.2,23,1,11,0
2022-11-09 00:00:00,52.27,31.7,0,2,11,0
2022-11-09 01:00:00,54.84,32.5,1,2,11,0
2022-11-09 02:00:00,53.43,31.8,2,2,11,0
2022-11-09 03:00:00,52.73,31.2,3,2,11,0
2022-11-09 04:00:00,56.45,31.0,4,2,11,0
2022-11-09 05:00:00,54.7,30.8,5,2,11,0
2022-11-09 06:00:00,57.67,29.2,6,2,11,0
2022-11-09 07:00:00,63.63,28.6,7,2,11,0
2022-11-09 08:00:00,67.99,27.6,8,2,11,0
2022-11-09 09:00:00,75.64,28.7,9,2,11,0
2022-11-09 10:00:00,75.42,23.8,10,2,11,0
2022-11-09 11:00:00,77.39,25.0,11,2,11,0
2022-11-09 12:00:00,80.37,25.9,12,2,11,0
2022-11-09 13:00:00,81.85,24.2,13,2,11,0
2022-11-09 14:00:00,81.86,24.6,14,2,11,0
2022-11-09 15:00:00,82.11,24.2,15,2,11,0
2022-11-09 16:00:00,81.85,24.0,16,2,11,0
2022-11-09 17:00:00,87.06,23.4,17,2,11,0
2022-11-09 18:00:00,89.31,26.2,18,2,11,0
2022-11-09 19:00:00,91.71,26.3,19,2,11,0
2022-11-09 20:00:00,92.08,27.4,20,2,11,0
2022-11-09 21:00:00,93.59,28.6,21,2,11,0
2022-11-09 22:00:00,84.32,31.4,22,2,11,0
2022-11-09 23:00:00,76.53,32.8,23,2,11,0
2022-11-10 00:00:00,50.32,31.6,0,3,11,0
2022-11-10 01:00:00,51.35,31.5,1,3,11,0
2022-11-10 02:00:00,53.71,31.1,2,3,11,0
2022-11-10 03:00:00,55.48,32.2,3,3,11,0
2022-11-10 04:00:00,55.45,32.9,4,3,11,0
2022-11-10 05:00:00,55.28,30.6,5,3,11,0
2022-11-10 06:00:00,57.92,28.1,6,3,11,0
2022-11-10 07:00:00,63.72,29.6,7,3,11,0
2022-11-10 08:00:00,67.29,28.8,8,3,11,0
2022-11-10 09:00:00,76.31,25.7,9,3,11,0
2022-11-10 10:00:00,74.26,26.1,10,3,11,0
2022-11-10 11:00:00,77.76,25.5,11,3,11,0
2022-11-10 12:00:00,77.34,24.5,12,3,11,0
2022-11-10 13:00:00,82.09,23.5,13,3,11,0
2022-11-10 14:00:00,81.28,24.8,14,3,11,0
2022-11-10 15:00:00,81.61,23.8,15,3,11,0
2022-11-10 16:00:00,81.67,23.3,16,3,11,0
2022-11-10 17:00:00,88.35,23.5,17,3,11,0
2022-11-10 18:00:00,89.34,27.0,18,3,11,0
2022-11-10 19:00:00,90.74,27.5,19,3,11,0
2022-11-10 20:00:00,91.35,28.1,20,3,11,0
2022-11-10 21:00:00,89.88,28.7,21,3,11,0
2022-11-10 22:00:00,81.69,29.6,22,3,11,0
2022-11-10 23:00:00,75.1,30.0,23,3,11,0
2022-11-11 00:00:00,50.13,31.1,0,4,11,0
2022-11-11 01:00:00,49.69,30.2,1,4,11,0
2022-11-11 02:00:00,51.37,31.4,2,4,11,0
2022-11-11 03:00:00,52.26,31.6,3,4,11,0
2022-11-11 04:00:00,54.76,32.0,4,4,11,0
2022-11-11 05:00:00,55.99,30.8,5,4,11,0
2022-11-11 06:00:00,59.65,30.6,6,4,11,0
2022-11-11 07:00:00,65.7,30.1,7,4,11,0
2022-11-11 08:00:00,68.52,28.8,8,4,11,0
2022-11-11 09:00:00,75.81,27.3,9,4,11,0
2022-11-11 10:00:00,75.81,26.0,10,4,11,0
2022-11-11 11:00:00,75.92,24.4,11,4,11,0
2022-11-11 12:00:00,78.41,25.1,12,4,11,0
2022-11-11 13:00:00,83.81,25.5,13,4,11,0
2022-11-11 14:00:00,84.77,24.3,14,4,11,0
2022-11-11 15:00:00,82.63,25.7,15,4,11,0
2022-11-11 16:00:00,81.61,23.3,16,4,11,0
2022-11-11 17:00:00,88.36,24.2,17,4,11,0
2022-11-11 18:00:00,89.89,26.7,18,4,11,0
2022-11-11 19:00:00,90.74,27.2,19,4,11,0
2022-11-11 20:00:00,93.25,29.1,20,4,11,0
2022-11-11 21:00:00,93.2,29.0,21,4,11,0
2022-11-11 22:00:00,82.67,29.3,22,4,11,0
2022-11-11 23:00:00,73.15,30.7,23,4,11,0
2022-11-12 00:00:00,44.11,30.2,0,5,11,1
2022-11-12 01:00:00,47.19,31.0,1,5,11,1
2022-11-12 02:00:00,49.44,32.8,2,5,11,1
2022-11-12 03:00:00,50.43,32.6,3,5,11,1
2022-11-12 04:00:00,49.77,31.8,4,5,11,1
2022-11-12 05:00:00,47.08,29.5,5,5,11,1
2022-11-12 06:00:00,53.1,29.7,6,5,11,1
2022-11-12 07:00:00,56.17,28.1,7,5,11,1
2022-11-12 08:00:00,60.91,28.9,8,5,11,1
2022-11-12 09:00:00,69.17,26.5,9,5,11,1
2022-11-12 10:00:00,68.07,25.1,10,5,11,1
2022-11-12 11:00:00,68.9,25.2,11,5,11,1
2022-11-12 12:00:00,73.51,24.0,12,5,11,1
2022-11-12 13:00:00,74.07,25.3,13,5,11,1
2022-11-12 14:00:00,73.04,23.4,14,5,11,1
2022-11-12 15:00:00,74.35,23.0,15,5,11,1
2022-11-12 16:00:00,73.26,22.8,16,5,11,1
2022-11-12 17:00:00,77.82,25.1,17,5,11,1
2022-11-12 18:00:00,81.24,25.6,18,5,11,1
2022-11-12 19:00:00,81.14,25.8,19,5,11,1
2022-11-12 20:00:00,83.22,29.0,20,5,11,1
2022-11-12 21:00:00,86.15,29.6,21,5,11,1
2022-11-12 22:00:00,77.26,30.0,22,5,11,1
2022-11-12 23:00:00,68.24,31.9,23,5,11,1
2022-11-13 00:00:00,47.18,32.0,0,6,11,1
2022-11-13 01:00:00,45.55,31.2,1,6,11,1
2022-11-13 02:00:00,48.0,31.2,2,6,11,1
2022-11-13 03:00:00,50.16,32.5,3,6,11,1
2022-11-13 04:00:00,50.46,31.8,4,6,11,1
2022-11-13 05:00:00,49.69,31.0,5,6,11,1
2022-11-13 06:00:00,55.34,29.3,6,6,11,1
2022-11-13 07:00:00,56.93,29.5,7,6,11,1
2022-11-13 08:00:00,63.77,27.4,8,6,11,1
2022-11-13 09:00:00,65.82,26.9,9,6,11,1
2022-11-13 10:00:00,69.48,27.2,10,6,11,1
2022-11-13 11:00:00,70.96,24.6,11,6,11,1
2022-11-13 12:00:00,71.04,23.3,12,6,11,1
2022-11-13 13:00:00,71.95,23.3,13,6,11,1
2022-11-13 14:00:00,73.88,24.8,14,6,11,1
2022-11-13 15:00:00,74.09,24.3,15,6,11,1
2022-11-13 16:00:00,76.59,24.4,16,6,11,1
2022-11-13 17:00:00,77.5,24.8,17,6,11,1
2022-11-13 18:00:00,79.39,26.4,18,6,11,1
2022-11-13 19:00:00,82.25,26.3,19,6,11,1
2022-11-13 20:00:00,82.61,28.2,20,6,11,1
2022-11-13 21:00:00,83.34,28.5,21,6,11,1
2022-11-13 22:00:00,76.68,29.3,22,6,11,1
2022-11-13 23:00:00,63.01,30.3,23,6,11,1
2022-11-14 00:00:00,49.97,31.2,0,0,11,0
2022-11-14 01:00:00,50.55,31.8,1,0,11,0
2022-11-14 02:00:00,52.54,32.2,2,0,11,0
2022-11-14 03:00:00,53.35,28.9,3,0,11,0
2022-11-14 04:00:00,54.68,30.8,4,0,11,0
2022-11-14 05:00:00,55.7,30.5,5,0,11,0
2022-11-14 06:00:00,60.93,31.2,6,0,11,0
2022-11-14 07:00:00,64.84,28.2,7,0,11,0
2022-11-14 08:00:00,66.9,28.1,8,0,11,0
2022-11-14 09:00:00,76.4,28.2,9,0,11,0
2022-11-14 10:00:00,75.09,24.9,10,0,11,0
2022-11-14 11:00:00,77.01,25.5,11,0,11,0
2022-11-14 12:00:00,79.64,23.9,12,0,11,0
2022-11-14 13:00:00,81.35,23.7,13,0,11,0
2022-11-14 14:00:00,81.97,23.4,14,0,11,0
2022-11-14 15:00:00,79.6,23.6,15,0,11,0
2022-11-14 16:00:00,82.0,26.7,16,0,11,0
2022-11-14 17:00:00,89.51,25.8,17,0,11,0
2022-11-14 18:00:00,88.36,26.9,18,0,11,0
2022-11-14 19:00:00,93.21,27.4,19,0,11,0
2022-11-14 20:00:00,90.7,26.7,20,0,11,0
2022-11-14 21:00:00,93.3,29.4,21,0,11,0
2022-11-14 22:00:00,87.66,30.9,22,0,11,0
2022-11-14 23:00:00,73.18,30.1,23,0,11,0
2022-11-15 00:00:00,52.75,32.2,0,1,11,0
2022-11-15 01:00:00,54.92,32.4,1,1,11,0
2022-11-15 02:00:00,55.47,33.5,2,1,11,0
2022-11-15 03:00:00,53.36,31.5,3,1,11,0
2022-11-15 04:00:00,53.01,30.6,4,1,11,0
2022-11-15 05:00:00,56.08,30.5,5,1,11,0
2022-11-15 06:00:00,62.39,31.1,6,1,11,0
2022-11-15 07:00:00,65.72,27.6,7,1,11,0
2022-11-15 08:00:00,69.31,26.3,8,1,11,0
2022-11-15 09:00:00,76.4,27.0,9,1,11,0
2022-11-15 10:00:00,76.27,25.6,10,1,11,0
2022-11-15 11:00:00,76.46,25.2,11,1,11,0
2022-11-15 12:00:00,80.62,25.3,12,1,11,0
2022-11-15 13:00:00,83.48,23.7,13,1,11,0
2022-11-15 14:00:00,80.16,22.5,14,1,11,0
2022-11-15 15:00:00,80.13,25.8,15,1,11,0
2022-11-15 16:00:00,81.9,23.7,16,1,11,0
2022-11-15 17:00:00,89.5,24.3,17,1,11,0
2022-11-15 18:00:00,87.29,26.9,18,1,11,0
2022-11-15 19:00:00,91.23,26.7,19,1,11,0
2022-11-15 20:00:00,91.22,27.9,20,1,11,0
2022-11-15 21:00:00,94.59,29.4,21,1,11,0
2022-11-15 22:00:00,83.79,30.9,22,1,11,0
2022-11-15 23:00:00,75.9,30.6,23,1,11,0
2022-11-16 00:00:00,52.19,32.7,0,2,11,0
2022-11-16 01:00:00,49.42,30.2,1,2,11,0
2022-11-16 02:00:00,54.28,32.6,2,2,11,0
2022-11-16 03:00:00,51.56,31.2,3,2,11,0
2022-11-16 04:00:00,55.63,32.6,4,2,11,0
2022-11-16 05:00:00,55.53,30.9,5,2,11,0
2022-11-16 06:00:00,56.91,29.5,6,2,11,0
2022-11-16 07:00:00,61.3,29.6,7,2,11,0
2022-11-16 08:00:00,66.11,28.7,8,2,11,0
2022-11-16 09:00:00,76.84,27.5,9,2,11,0
2022-11-16 10:00:00,76.23,25.2,10,2,11,0
2022-11-16 11:00:00,77.01,24.8,11,2,11,0
2022-11-16 12:00:00,80.33,24.5,12,2,11,0
2022-11-16 13:00:00,80.18,24.1,13,2,11,0
2022-11-16 14:00:00,82.27,24.6,14,2,11,0
2022-11-16 15:00:00,81.88,22.5,15,2,11,0
2022-11-16 16:00:00,81.06,24.8,16,2,11,0
2022-11-16 17:00:00,88.34,24.9,17,2,11,0
2022-11-16 18:00:00,90.7,25.3,18,2,11,0
2022-11-16 19:00:00,90.48,26.4,19,2,11,0
2022-11-16 20:00:00,91.46,27.8,20,2,11,0
2022-11-16 21:00:00,92.17,26.2,21,2,11,0
2022-11-16 22:00:00,79.5,29.4,22,2,11,0
2022-11-16 23:00:00,74.58,30.1,23,2,11,0
2022-11-17 00:00:00,50.22,31.9,0,3,11,0
2022-11-17 01:00:00,52.16,31.2,1,3,11,0
2022-11-17 02:00:00,53.17,31.8,2,3,11,0
2022-11-17 03:00:00,55.92,33.1,3,3,11,0
2022-11-17 04:00:00,56.58,32.3,4,3,11,0
2022-11-17 05:00:00,55.03,31.6,5,3,11,0
2022-11-17 06:00:00,59.53,29.6,6,3,11,0
2022-11-17 07:00:00,64.81,29.5,7,3,11,0
2022-11-17 08:00:00,69.1,27.8,8,3,11,0
2022-11-17 09:00:00,73.46,26.8,9,3,11,0
2022-11-17 10:00:00,77.26,26.3,10,3,11,0
2022-11-17 11:00:00,78.94,24.7,11,3,11,0
2022-11-17 12:00:00,79.02,25.7,12,3,11,0
2022-11-17 13:00:00,79.1,24.0,13,3,11,0
2022-11-17 14:00:00,80.97,24.5,14,3,11,0
2022-11-17 15:00:00,81.73,25.3,15,3,11,0
2022-11-17 16:00:00,82.96,25.4,16,3,11,0
2022-11-17 17:00:00,85.03,24.0,17,3,11,0
2022-11-17 18:00:00,88.31,26.4,18,3,11,0
2022-11-17 19:00:00,90.08,27.6,19,3,11,0
2022-11-17 20:00:00,92.16,28.7,20,3,11,0
2022-11-17 21:00:00,90.39,28.1,21,3,11,0
2022-11-17 22:00:00,83.07,29.5,22,3,11,0
2022-11-17 23:00:00,75.52,31.6,23,3,11,0
2022-11-18 00:00:00,49.19,30.9,0,4,11,0
2022-11-18 01:00:00,51.9,31.6,1,4,11,0
2022-11-18 02:00:00,54.52,33.3,2,4,11,0
2022-11-18 03:00:00,54.76,31.8,3,4,11,0
2022-11-18 04:00:00,53.25,30.9,4,4,11,0
2022-11-18 05:00:00,54.31,30.1,5,4,11,0
2022-11-18 06:00:00,59.0,30.3,6,4,11,0
2022-11-18 07:00:00,63.1,28.0,7,4,11,0
2022-11-18 08:00:00,69.77,27.8,8,4,11,0
2022-11-18 09:00:00,75.2,27.2,9,4,11,0
2022-11-18 10:00:00,75.71,27.0,10,4,11,0
2022-11-18 11:00:00,77.42,25.7,11,4,11,0
2022-11-18 12:00:00,76.54,24.0,12,4,11,0
2022-11-18 13:00:00,83.11,25.1,13,4,11,0
2022-11-18 14:00:00,82.96,23.8,14,4,11,0
2022-11-18 15:00:00,82.9,23.1,15,4,11,0
2022-11-18 16:00:00,79.22,24.4,16,4,11,0
2022-11-18 17:00:00,86.77,26.3,17,4,11,0
2022-11-18 18:00:00,88.72,26.1,18,4,11,0
2022-11-18 19:00:00,87.3,27.0,19,4,11,0
2022-11-18 20:00:00,94.32,29.3,20,4,11,0
2022-11-18 21:00:00,95.52,27.9,21,4,11,0
2022-11-18 22:00:00,86.25,29.0,22,4,11,0
2022-11-18 23:00:00,71.92,29.5,23,4,11,0
2022-11-19 00:00:00,46.58,31.8,0,5,11,1
2022-11-19 01:00:00,48.91,32.0,1,5,11,1
2022-11-19 02:00:00,49.69,33.2,2,5,11,1
2022-11-19 03:00:00,48.95,32.1,3,5,11,1
2022-11-19 04:00:00,47.28,31.1,4,5,11,1
2022-11-19 05:00:00,50.96,30.8,5,5,11,1
2022-11-19 06:00:00,53.84,30.1,6,5,11,1
2022-11-19 07:00:00,56.55,27.7,7,5,11,1
2022-11-19 08:00:00,64.26,30.2,8,5,11,1
2022-11-19 09:00:00,67.59,27.4,9,5,11,1
2022-11-19 10:00:00,68.97,26.2,10,5,11,1
2022-11-19 11:00:00,69.72,25.7,11,5,11,1
2022-11-19 12:00:00,73.52,25.1,12,5,11,1
2022-11-19 13:00:00,72.54,24.0,13,5,11,1
2022-11-19 14:00:00,76.31,23.5,14,5,11,1
2022-11-19 15:00:00,74.58,24.6,15,5,11,1
2022-11-19 16:00:00,74.23,24.8,16,5,11,1
2022-11-19 17:00:00,78.84,24.5,17,5,11,1
2022-11-19 18:00:00,82.13,27.1,18,5,11,1
2022-11-19 19:00:00,81.94,27.2,19,5,11,1
2022-11-19 20:00:00,81.36,28.6,20,5,11,1
2022-11-19 21:00:00,83.05,30.1,21,5,11,1
2022-11-19 22:00:00,76.45,30.0,22,5,11,1
2022-11-19 23:00:00,66.76,31.1,23,5,11,1
2022-11-20 00:00:00,46.77,32.1,0,6,11,1
2022-11-20 01:00:00,47.81,31.3,1,6,11,1
2022-11-20 02:00:00,48.81,32.0,2,6,11,1
2022-11-20 03:00:00,48.67,32.0,3,6,11,1
2022-11-20 04:00:00,50.21,30.7,4,6,11,1
2022-11-20 05:00:00,52.62,32.7,5,6,11,1
2022-11-20 06:00:00,53.73,28.9,6,6,11,1
2022-11-20 07:00:00,54.58,28.0,7,6,11,1
2022-11-20 08:00:00,63.0,29.1,8,6,11,1
2022-11-20 09:00:00,68.63,27.5,9,6,11,1
2022-11-20 10:00:00,71.31,25.2,10,6,11,1
2022-11-20 11:00:00,67.77,25.7,11,6,11,1
2022-11-20 12:00:00,72.86,25.7,12,6,11,1
2022-11-20 13:00:00,75.42,24.1,13,6,11,1
2022-11-20 14:00:00,70.34,26.1,14,6,11,1
2022-11-20 15:00:00,74.43,22.8,15,6,11,1
2022-11-20 16:00:00,74.66,25.1,16,6,11,1
2022-11-20 17:00:00,78.46,26.1,17,6,11,1
2022-11-20 18:00:00,79.51,26.7,18,6,11,1
2022-11-20 19:00:00,82.95,26.8,19,6,11,1
2022-11-20 20:00:00,81.94,27.8,20,6,11,1
2022-11-20 21:00:00,83.61,29.4,21,6,11,1
2022-11-20 22:00:00,77.94,30.7,22,6,11,1
2022-11-20 23:00:00,70.89,31.3,23,6,11,1
2022-11-21 00:00:00,52.38,32.3,0,0,11,0
2022-11-21 01:00:00,51.43,31.0,1,0,11,0
2022-11-21 02:00:00,52.74,31.8,2,0,11,0
2022-11-21 03:00:00,52.39,31.1,3,0,11,0
2022-11-21 04:00:00,55.69,31.2,4,0,11,0
2022-11-21 05:00:00,55.85,31.6,5,0,11,0
2022-11-21 06:00:00,61.05,30.1,6,0,11,0
2022-11-21 07:00:00,65.97,31.1,7,0,11,0
2022-11-21 08:00:00,68.46,28.2,8,0,11,0
2022-11-21 09:00:00,75.48,27.0,9,0,11,0
2022-11-21 10:00:00,76.23,26.1,10,0,11,0
2022-11-21 11:00:00,75.96,24.7,11,0,11,0
2022-11-21 12:00:00,81.71,24.5,12,0,11,0
2022-11-21 13:00:00,79.82,25.0,13,0,11,0
2022-11-21 14:00:00,83.35,24.1,14,0,11,0
2022-11-21 15:00:00,83.21,23.5,15,0,11,0
2022-11-21 16:00:00,79.77,23.8,16,0,11,0
2022-11-21 17:00:00,86.06,24.8,17,0,11,0
2022-11-21 18:00:00,88.78,26.1,18,0,11,0
2022-11-21 19:00:00,89.24,27.9,19,0,11,0
2022-11-21 20:00:00,95.51,26.9,20,0,11,0
2022-11-21 21:00:00,92.44,28.8,21,0,11,0
2022-11-21 22:00:00,85.63,30.1,22,0,11,0
2022-11-21 23:00:00,74.08,29.4,23,0,11,0
2022-11-22 00:00:00,50.32,30.8,0,1,11,0
2022-11-22 01:00:00,51.7,31.3,1,1,11,0
2022-11-22 02:00:00,54.02,31.4,2,1,11,0
2022-11-22 03:00:00,53.65,32.0,3,1,11,0
2022-11-22 04:00:00,56.45,31.3,4,1,11,0
2022-11-22 05:00:00,53.21,30.4,5,1,11,0
2022-11-22 06:00:00,60.86,30.3,6,1,11,0
2022-11-22 07:00:00,63.75,30.4,7,1,11,0
2022-11-22 08:00:00,69.28,29.3,8,1,11,0
2022-11-22 09:00:00,74.99,25.4,9,1,11,0
2022-11-22 10:00:00,75.6,26.5,10,1,11,0
2022-11-22 11:00:00,77.56,25.0,11,1,11,0
2022-11-22 12:00:00,76.65,24.7,12,1,11,0
2022-11-22 13:00:00,79.24,23.8,13,1,11,0
2022-11-22 14:00:00,82.65,24.1,14,1,11,0
2022-11-22 15:00:00,81.88,24.3,15,1,11,0
2022-11-22 16:00:00,80.7,24.1,16,1,11,0
2022-11-22 17:00:00,90.15,24.5,17,1,11,0
2022-11-22 18:00:00,87.13,25.6,18,1,11,0
2022-11-22 19:00:00,90.16,27.2,19,1,11,0
2022-11-22 20:00:00,91.38,28.5,20,1,11,0
2022-11-22 21:00:00,94.79,29.7,21,1,11,0
2022-11-22 22:00:00,83.63,29.6,22,1,11,0
2022-11-22 23:00:00,75.21,31.1,23,1,11,0
2022-11-23 00:00:00,49.97,32.2,0,2,11,0
2022-11-23 01:00:00,54.31,32.8,1,2,11,0
2022-11-23 02:00:00,53.28,32.0,2,2,11,0
2022-11-23 03:00:00,54.25,31.7,3,2,11,0
2022-11-23 04:00:00,54.24,31.6,4,2,11,0
2022-11-23 05:00:00,53.01,29.9,5,2,11,0
2022-11-23 06:00:00,61.1,29.8,6,2,11,0
2022-11-23 07:00:00,62.32,29.6,7,2,11,0
2022-11-23 08:00:00,67.89,28.5,8,2,11,0
2022-11-23 09:00:00,77.07,26.7,9,2,11,0
2022-11-23 10:00:00,77.32,26.2,10,2,11,0
2022-11-23 11:00:00,77.33,24.5,11,2,11,0
2022-11-23 12:00:00,80.81,25.1,12,2,11,0
2022-11-23 13:00:00,81.56,24.1,13,2,11,0
2022-11-23 14:00:00,82.21,23.8,14,2,11,0
2022-11-23 15:00:00,82.2,23.8,15,2,11,0
2022-11-23 16:00:00,82.6,24.5,16,2,11,0
2022-11-23 17:00:00,88.71,24.8,17,2,11,0
2022-11-23 18:00:00,93.25,26.5,18,2,11,0
2022-11-23 19:00:00,90.46,26.6,19,2,11,0
2022-11-23 20:00:00,92.37,29.3,20,2,11,0
2022-11-23 21:00:00,91.95,30.2,21,2,11,0
2022-11-23 22:00:00,83.11,29.3,22,2,11,0
2022-11-23 23:00:00,77.85,30.9,23,2,11,0
2022-11-24 00:00:00,51.13,30.9,0,3,11,0
2022-11-24 01:00:00,51.49,31.6,1,3,11,0
2022-11-24 02:00:00,55.45,33.6,2,3,11,0
2022-11-24 03:00:00,52.69,31.6,3,3,11,0
2022-11-24 04:00:00,54.25,31.8,4,3,11,0
2022-11-24 05:00:00,55.81,31.3,5,3,11,0
2022-11-24 06:00:00,58.04,29.2,6,3,11,0
2022-11-24 07:00:00,62.53,28.4,7,3,11,0
2022-11-24 08:00:00,70.04,27.0,8,3,11,0
2022-11-24 09:00:00,74.72,26.3,9,3,11,0
2022-11-24 10:00:00,73.95,23.7,10,3,11,0
2022-11-24 11:00:00,74.6,25.6,11,3,11,0
2022-11-24 12:00:00,77.94,26.2,12,3,11,0
2022-11-24 13:00:00,78.26,24.3,13,3,11,0
2022-11-24 14:00:00,78.77,22.9,14,3,11,0
2022-11-24 15:00:00,83.68,23.6,15,3,11,0
2022-11-24 16:00:00,81.67,24.2,16,3,11,0
2022-11-24 17:00:00,87.35,24.4,17,3,11,0
2022-11-24 18:00:00,88.98,26.7,18,3,11,0
2022-11-24 19:00:00,88.74,27.6,19,3,11,0
2022-11-24 20:00:00,93.07,27.1,20,3,11,0
2022-11-24 21:00:00,93.29,29.6,21,3,11,0
2022-11-24 22:00:00,84.21,31.2,22,3,11,0
2022-11-24 23:00:00,76.04,32.4,23,3,11,0
2022-11-25 00:00:00,52.48,33.8,0,4,11,0
2022-11-25 01:00:00,51.02,31.1,1,4,11,0
2022-11-25 02:00:00,56.02,34.3,2,4,11,0
2022-11-25 03:00:00,53.58,31.6,3,4,11,0
2022-11-25 04:00:00,54.35,31.0,4,4,11,0
2022-11-25 05:00:00,55.33,31.1,5,4,11,0
2022-11-25 06:00:00,59.25,29.5,6,4,11,0
2022-11-25 07:00:00,65.56,29.4,7,4,11,0
2022-11-25 08:00:00,70.18,26.9,8,4,11,0
2022-11-25 09:00:00,76.28,26.8,9,4,11,0
2022-11-25 10:00:00,75.05,27.0,10,4,11,0
2022-11-25 11:00:00,77.05,25.1,11,4,11,0
2022-11-25 12:00:00,79.87,24.6,12,4,11,0
2022-11-25 13:00:00,81.92,24.5,13,4,11,0
2022-11-25 14:00:00,80.72,24.9,14,4,11,0
2022-11-25 15:00:00,82.84,22.8,15,4,11,0
2022-11-25 16:00:00,80.29,25.0,16,4,11,0
2022-11-25 17:00:00,88.67,25.0,17,4,11,0
2022-11-25 18:00:00,89.27,26.1,18,4,11,0
2022-11-25 19:00:00,88.3,27.8,19,4,11,0
2022-11-25 20:00:00,91.51,27.0,20,4,11,0
2022-11-25 21:00:00,96.87,28.2,21,4,11,0
2022-11-25 22:00:00,83.17,28.5,22,4,11,0
2022-11-25 23:00:00,77.89,30.4,23,4,11,0
2022-11-26 00:00:00,45.93,32.5,0,5,11,1
2022-11-26 01:00:00,48.11,31.8,1,5,11,1
2022-11-26 02:00:00,44.65,30.9,2,5,11,1
2022-11-26 03:00:00,48.81,31.5,3,5,11,1
2022-11-26 04:00:00,48.92,30.3,4,5,11,1
2022-11-26 05:00:00,49.57,29.9,5,5,11,1
2022-11-26 06:00:00,53.17,30.3,6,5,11,1
2022-11-26 07:00:00,58.81,28.1,7,5,11,1
2022-11-26 08:00:00,61.68,28.9,8,5,11,1
2022-11-26 09:00:00,67.12,26.9,9,5,11,1
2022-11-26 10:00:00,68.05,26.1,10,5,11,1
2022-11-26 11:00:00,68.28,24.9,11,5,11,1
2022-11-26 12:00:00,73.44,25.2,12,5,11,1
2022-11-26 13:00:00,72.83,24.8,13,5,11,1
2022-11-26 14:00:00,75.43,24.3,14,5,11,1
2022-11-26 15:00:00,75.36,24.6,15,5,11,1
2022-11-26 16:00:00,72.06,24.4,16,5,11,1
2022-11-26 17:00:00,81.18,25.6,17,5,11,1
2022-11-26 18:00:00,81.29,25.7,18,5,11,1
2022-11-26 19:00:00,79.84,27.0,19,5,11,1
2022-11-26 20:00:00,83.91,27.8,20,5,11,1
2022-11-26 21:00:00,81.63,28.7,21,5,11,1
2022-11-26 22:00:00,77.69,29.4,22,5,11,1
2022-11-26 23:00:00,69.39,31.2,23,5,11,1
2022-11-27 00:00:00,47.24,32.5,0,6,11,1
2022-11-27 01:00:00,49.81,32.8,1,6,11,1
2022-11-27 02:00:00,45.73,31.0,2,6,11,1
2022-11-27 03:00:00,49.72,32.9,3,6,11,1
2022-11-27 04:00:00,49.08,31.2,4,6,11,1
2022-11-27 05:00:00,52.73,31.3,5,6,11,1
2022-11-27 06:00:00,51.65,29.3,6,6,11,1
2022-11-27 07:00:00,55.42,29.1,7,6,11,1
2022-11-27 08:00:00,60.42,28.3,8,6,11,1
2022-11-27 09:00:00,68.72,25.8,9,6,11,1
2022-11-27 10:00:00,67.8,26.5,10,6,11,1
2022-11-27 11:00:00,69.81,26.2,11,6,11,1
2022-11-27 12:00:00,72.16,24.4,12,6,11,1
2022-11-27 13:00:00,72.5,25.2,13,6,11,1
2022-11-27 14:00:00,73.98,23.8,14,6,11,1
2022-11-27 15:00:00,74.53,24.8,15,6,11,1
2022-11-27 16:00:00,72.94,22.8,16,6,11,1
2022-11-27 17:00:00,78.75,27.1,17,6,11,1
2022-11-27 18:00:00,80.82,27.2,18,6,11,1
2022-11-27 19:00:00,83.31,26.7,19,6,11,1
2022-11-27 20:00:00,81.61,26.4,20,6,11,1
2022-11-27 21:00:00,78.27,29.3,21,6,11,1
2022-11-27 22:00:00,75.68,28.8,22,6,11,1
2022-11-27 23:00:00,69.56,31.2,23,6,11,1
2022-11-28 00:00:00,51.45,31.8,0,0,11,0
2022-11-28 01:00:00,51.68,31.1,1,0,11,0
2022-11-28 02:00:00,54.01,32.9,2,0,11,0
2022-11-28 03:00:00,55.61,32.5,3,0,11,0
2022-11-28 04:00:00,56.62,32.2,4,0,11,0
2022-11-28 05:00:00,55.11,30.8,5,0,11,0
2022-11-28 06:00:00,61.3,28.9,6,0,11,0
2022-11-28 07:00:00,62.83,29.8,7,0,11,0
2022-11-28 08:00:00,69.59,27.8,8,0,11,0
2022-11-28 09:00:00,73.09,25.9,9,0,11,0
2022-11-28 10:00:00,77.69,27.1,10,0,11,0
2022-11-28 11:00:00,75.37,26.9,11,0,11,0
2022-11-28 12:00:00,76.73,24.5,12,0,11,0
2022-11-28 13:00:00,79.81,25.9,13,0,11,0
2022-11-28 14:00:00,82.27,24.1,14,0,11,0
2022-11-28 15:00:00,80.86,23.8,15,0,11,0
2022-11-28 16:00:00,80.87,24.0,16,0,11,0
2022-11-28 17:00:00,87.5,26.5,17,0,11,0
2022-11-28 18:00:00,88.88,25.4,18,0,11,0
2022-11-28 19:00:00,93.52,27.6,19,0,11,0
2022-11-28 20:00:00,93.58,27.6,20,0,11,0
2022-11-28 21:00:00,92.21,28.7,21,0,11,0
2022-11-28 22:00:00,88.47,30.8,22,0,11,0
2022-11-28 23:00:00,75.37,30.5,23,0,11,0
2022-11-29 00:00:00,49.49,31.1,0,1,11,0
2022-11-29 01:00:00,53.71,32.8,1,1,11,0
2022-11-29 02:00:00,55.59,33.3,2,1,11,0
2022-11-29 03:00:00,54.27,32.4,3,1,11,0
2022-11-29 04:00:00,53.08,30.9,4,1,11,0
2022-11-29 05:00:00,54.66,30.4,5,1,11,0
2022-11-29 06:00:00,59.28,30.1,6,1,11,0
2022-11-29 07:00:00,66.12,29.3,7,1,11,0
2022-11-29 08:00:00,70.39,27.2,8,1,11,0
2022-11-29 09:00:00,73.89,27.5,9,1,11,0
2022-11-29 10:00:00,77.0,26.1,10,1,11,0
2022-11-29 11:00:00,79.82,23.8,11,1,11,0
2022-11-29 12:00:00,76.64,23.8,12,1,11,0
2022-11-29 13:00:00,79.18,23.7,13,1,11,0
2022-11-29 14:00:00,81.81,23.9,14,1,11,0
2022-11-29 15:00:00,81.89,25.6,15,1,11,0
2022-11-29 16:00:00,81.75,24.7,16,1,11,0
2022-11-29 17:00:00,87.27,24.5,17,1,11,0
2022-11-29 18:00:00,88.73,26.2,18,1,11,0
2022-11-29 19:00:00,91.51,26.7,19,1,11,0
2022-11-29 20:00:00,94.41,28.3,20,1,11,0
2022-11-29 21:00:00,92.52,29.5,21,1,11,0
2022-11-29 22:00:00,89.28,31.0,22,1,11,0
2022-11-29 23:00:00,77.87,30.8,23,1,11,0
2022-11-30 00:00:00,53.74,32.8,0,2,11,0
2022-11-30 01:00:00,53.83,32.6,1,2,11,0
2022-11-30 02:00:00,54.79,31.4,2,2,11,0
2022-11-30 03:00:00,56.12,33.6,3,2,11,0
2022-11-30 04:00:00,54.27,31.7,4,2,11,0
2022-11-30 05:00:00,53.77,30.2,5,2,11,0
2022-11-30 06:00:00,59.97,31.3,6,2,11,0
2022-11-30 07:00:00,66.07,30.7,7,2,11,0
2022-11-30 08:00:00,69.78,28.0,8,2,11,0
2022-11-30 09:00:00,75.15,26.6,9,2,11,0
2022-11-30 10:00:00,76.33,25.9,10,2,11,0
2022-11-30 11:00:00,78.05,25.7,11,2,11,0
2022-11-30 12:00:00,81.58,25.6,12,2,11,0
2022-11-30 13:00:00,81.84,24.6,13,2,11,0
2022-11-30 14:00:00,83.35,24.1,14,2,11,0
2022-11-30 15:00:00,82.15,25.3,15,2,11,0
2022-11-30 16:00:00,79.18,24.3,16,2,11,0
2022-11-30 17:00:00,84.63,26.0,17,2,11,0
2022-11-30 18:00:00,93.05,25.8,18,2,11,0
2022-11-30 19:00:00,89.85,27.3,19,2,11,0
2022-11-30 20:00:00,91.17,27.9,20,2,11,0
2022-11-30 21:00:00,93.27,29.0,21,2,11,0
2022-11-30 22:00:00,84.58,29.7,22,2,11,0
2022-11-30 23:00:00,77.32,31.9,23,2,11,0
2022-12-01 00:00:00,52.47,30.1,0,3,12,0
2022-12-01 01:00:00,53.75,30.5,1,3,12,0
2022-12-01 02:00:00,55.5,33.0,2,3,12,0
2022-12-01 03:00:00,57.01,31.9,3,3,12,0
2022-12-01 04:00:00,53.17,28.8,4,3,12,0
2022-12-01 05:00:00,55.17,29.6,5,3,12,0
2022-12-01 06:00:00,58.99,27.8,6,3,12,0
2022-12-01 07:00:00,63.77,27.5,7,3,12,0
2022-12-01 08:00:00,71.56,24.8,8,3,12,0
2022-12-01 09:00:00,75.83,26.1,9,3,12,0
2022-12-01 10:00:00,80.23,24.4,10,3,12,0
2022-12-01 11:00:00,79.92,24.5,11,3,12,0
2022-12-01 12:00:00,81.87,22.5,12,3,12,0
2022-12-01 13:00:00,85.66,23.5,13,3,12,0
2022-12-01 14:00:00,82.04,22.9,14,3,12,0
2022-12-01 15:00:00,83.29,24.6,15,3,12,0
2022-12-01 16:00:00,84.77,24.9,16,3,12,0
2022-12-01 17:00:00,91.21,25.1,17,3,12,0
2022-12-01 18:00:00,94.18,25.0,18,3,12,0
2022-12-01 19:00:00,95.33,27.8,19,3,12,0
2022-12-01 20:00:00,95.47,26.0,20,3,12,0
2022-12-01 21:00:00,96.37,27.2,21,3,12,0
2022-12-01 22:00:00,86.3,29.2,22,3,12,0
2022-12-01 23:00:00,76.54,31.9,23,3,12,0
2022-12-02 00:00:00,51.22,30.6,0,4,12,0
2022-12-02 01:00:00,53.12,31.0,1,4,12,0
2022-12-02 02:00:00,53.29,30.1,2,4,12,0
2022-12-02 03:00:00,55.08,31.9,3,4,12,0
2022-12-02 04:00:00,55.25,31.5,4,4,12,0
2022-12-02 05:00:00,56.39,30.7,5,4,12,0
2022-12-02 06:00:00,62.57,28.8,6,4,12,0
2022-12-02 07:00:00,64.88,27.7,7,4,12,0
2022-12-02 08:00:00,73.23,26.2,8,4,12,0
2022-12-02 09:00:00,79.64,26.3,9,4,12,0
2022-12-02 10:00:00,78.88,24.4,10,4,12,0
2022-12-02 11:00:00,79.3,23.5,11,4,12,0
2022-12-02 12:00:00,82.2,23.5,12,4,12,0
2022-12-02 13:00:00,83.76,23.0,13,4,12,0
2022-12-02 14:00:00,83.07,22.8,14,4,12,0
2022-12-02 15:00:00,83.4,23.8,15,4,12,0
2022-12-02 16:00:00,85.22,23.9,16,4,12,0
2022-12-02 17:00:00,92.3,24.2,17,4,12,0
2022-12-02 18:00:00,91.63,25.4,18,4,12,0
2022-12-02 19:00:00,93.62,25.4,19,4,12,0
2022-12-02 20:00:00,96.53,27.4,20,4,12,0
2022-12-02 21:00:00,95.49,28.4,21,4,12,0
2022-12-02 22:00:00,85.01,28.1,22,4,12,0
2022-12-02 23:00:00,76.38,30.9,23,4,12,0
2022-12-03 00:00:00,44.96,30.0,0,5,12,1
2022-12-03 01:00:00,50.69,31.2,1,5,12,1
2022-12-03 02:00:00,50.0,32.2,2,5,12,1
2022-12-03 03:00:00,52.16,31.9,3,5,12,1
2022-12-03 04:00:00,52.12,30.8,4,5,12,1
2022-12-03 05:00:00,49.91,29.8,5,5,12,1
2022-12-03 06:00:00,55.87,30.0,6,5,12,1
2022-12-03 07:00:00,59.47,28.8,7,5,12,1
2022-12-03 08:00:00,62.2,26.8,8,5,12,1
2022-12-03 09:00:00,67.21,25.6,9,5,12,1
2022-12-03 10:00:00,71.0,23.6,10,5,12,1
2022-12-03 11:00:00,71.66,24.6,11,5,12,1
2022-12-03 12:00:00,76.24,23.7,12,5,12,1
2022-12-03 13:00:00,74.72,24.3,13,5,12,1
2022-12-03 14:00:00,79.23,23.6,14,5,12,1
2022-12-03 15:00:00,75.25,24.5,15,5,12,1
2022-12-03 16:00:00,79.16,23.2,16,5,12,1
2022-12-03 17:00:00,82.48,25.4,17,5,12,1
2022-12-03 18:00:00,83.99,24.8,18,5,12,1
2022-12-03 19:00:00,83.44,26.9,19,5,12,1
2022-12-03 20:00:00,86.83,26.1,20,5,12,1
2022-12-03 21:00:00,89.38,28.5,21,5,12,1
2022-12-03 22:00:00,76.72,27.7,22,5,12,1
2022-12-03 23:00:00,68.27,29.9,23,5,12,1
2022-12-04 00:00:00,46.79,31.1,0,6,12,1
2022-12-04 01:00:00,49.06,30.7,1,6,12,1
2022-12-04 02:00:00,48.89,30.4,2,6,12,1
2022-12-04 03:00:00,52.12,31.8,3,6,12,1
2022-12-04 04:00:00,50.46,30.6,4,6,12,1
2022-12-04 05:00:00,50.02,29.7,5,6,12,1
2022-12-04 06:00:00,55.1,29.3,6,6,12,1
2022-12-04 07:00:00,62.39,30.4,7,6,12,1
2022-12-04 08:00:00,64.1,28.2,8,6,12,1
2022-12-04 09:00:00,71.59,27.2,9,6,12,1
2022-12-04 10:00:00,71.49,25.6,10,6,12,1
2022-12-04 11:00:00,68.57,24.6,11,6,12,1
2022-12-04 12:00:00,74.64,21.9,12,6,12,1
2022-12-04 13:00:00,73.04,22.9,13,6,12,1
2022-12-04 14:00:00,77.44,22.9,14,6,12,1
2022-12-04 15:00:00,77.51,21.9,15,6,12,1
2022-12-04 16:00:00,76.57,22.9,16,6,12,1
2022-12-04 17:00:00,82.55,22.9,17,6,12,1
2022-12-04 18:00:00,84.95,25.2,18,6,12,1
2022-12-04 19:00:00,83.47,26.9,19,6,12,1
2022-12-04 20:00:00,87.23,28.2,20,6,12,1
2022-12-04 21:00:00,88.39,28.6,21,6,12,1
2022-12-04 22:00:00,79.88,28.5,22,6,12,1
2022-12-04 23:00:00,66.07,28.6,23,6,12,1
2022-12-05 00:00:00,50.2,29.3,0,0,12,0
2022-12-05 01:00:00,50.86,30.1,1,0,12,0
2022-12-05 02:00:00,52.43,30.6,2,0,12,0
2022-12-05 03:00:00,55.31,31.0,3,0,12,0
2022-12-05 04:00:00,54.73,29.9,4,0,12,0
2022-12-05 05:00:00,57.49,30.4,5,0,12,0
2022-12-05 06:00:00,59.98,29.1,6,0,12,0
2022-12-05 07:00:00,65.76,28.3,7,0,12,0
2022-12-05 08:00:00,71.89,28.2,8,0,12,0
2022-12-05 09:00:00,75.97,25.3,9,0,12,0
2022-12-05 10:00:00,77.7,25.6,10,0,12,0
2022-12-05 11:00:00,82.1,24.4,11,0,12,0
2022-12-05 12:00:00,80.52,23.5,12,0,12,0
2022-12-05 13:00:00,85.36,24.1,13,0,12,0
2022-12-05 14:00:00,85.47,24.0,14,0,12,0
2022-12-05 15:00:00,81.94,22.6,15,0,12,0
2022-12-05 16:00:00,85.35,23.7,16,0,12,0
2022-12-05 17:00:00,91.58,24.7,17,0,12,0
2022-12-05 18:00:00,92.96,25.0,18,0,12,0
2022-12-05 19:00:00,93.49,26.7,19,0,12,0
2022-12-05 20:00:00,93.55,27.5,20,0,12,0
2022-12-05 21:00:00,99.27,29.8,21,0,12,0
2022-12-05 22:00:00,85.34,28.0,22,0,12,0
2022-12-05 23:00:00,75.11,30.0,23,0,12,0
2022-12-06 00:00:00,51.09,30.0,0,1,12,0
2022-12-06 01:00:00,52.87,31.6,1,1,12,0
2022-12-06 02:00:00,51.76,30.0,2,1,12,0
2022-12-06 03:00:00,55.04,31.4,3,1,12,0
2022-12-06 04:00:00,54.32,30.2,4,1,12,0
2022-12-06 05:00:00,54.23,29.5,5,1,12,0
2022-12-06 06:00:00,61.21,28.1,6,1,12,0
2022-12-06 07:00:00,65.79,27.9,7,1,12,0
2022-12-06 08:00:00,73.34,28.1,8,1,12,0
2022-12-06 09:00:00,75.98,26.2,9,1,12,0
2022-12-06 10:00:00,76.17,25.8,10,1,12,0
2022-12-06 11:00:00,80.59,25.8,11,1,12,0
2022-12-06 12:00:00,84.32,24.0,12,1,12,0
2022-12-06 13:00:00,84.31,23.0,13,1,12,0
2022-12-06 14:00:00,89.75,23.6,14,1,12,0
2022-12-06 15:00:00,85.02,23.0,15,1,12,0
2022-12-06 16:00:00,84.86,23.4,16,1,12,0
2022-12-06 17:00:00,86.86,23.2,17,1,12,0
2022-12-06 18:00:00,92.97,26.0,18,1,12,0
2022-12-06 19:00:00,94.06,25.9,19,1,12,0
2022-12-06 20:00:00,94.54,27.4,20,1,12,0
2022-12-06 21:00:00,95.55,27.5,21,1,12,0
2022-12-06 22:00:00,86.11,29.6,22,1,12,0
2022-12-06 23:00:00,75.54,29.5,23,1,12,0
2022-12-07 00:00:00,53.38,30.6,0,2,12,0
2022-12-07 01:00:00,53.48,31.8,1,2,12,0
2022-12-07 02:00:00,55.16,31.9,2,2,12,0
2022-12-07 03:00:00,54.65,31.1,3,2,12,0
2022-12-07 04:00:00,54.75,29.3,4,2,12,0
2022-12-07 05:00:00,58.99,32.5,5,2,12,0
2022-12-07 06:00:00,61.98,30.7,6,2,12,0
2022-12-07 07:00:00,63.47,28.9,7,2,12,0
2022-12-07 08:00:00,71.94,26.7,8,2,12,0
2022-12-07 09:00:00,76.8,26.1,9,2,12,0
2022-12-07 10:00:00,78.72,24.8,10,2,12,0
2022-12-07 11:00:00,78.51,25.5,11,2,12,0
2022-12-07 12:00:00,83.65,24.0,12,2,12,0
2022-12-07 13:00:00,84.83,22.8,13,2,12,0
2022-12-07 14:00:00,86.82,22.9,14,2,12,0
2022-12-07 15:00:00,86.36,24.3,15,2,12,0
2022-12-07 16:00:00,85.45,25.1,16,2,12,0
2022-12-07 17:00:00,88.65,25.7,17,2,12,0
2022-12-07 18:00:00,95.5,25.9,18,2,12,0
2022-12-07 19:00:00,92.06,26.0,19,2,12,0
2022-12-07 20:00:00,94.8,24.7,20,2,12,0
2022-12-07 21:00:00,97.12,28.5,21,2,12,0
2022-12-07 22:00:00,87.12,29.3,22,2,12,0
2022-12-07 23:00:00,77.48,30.2,23,2,12,0
2022-12-08 00:00:00,51.23,30.8,0,3,12,0
2022-12-08 01:00:00,51.21,30.1,1,3,12,0
2022-12-08 02:00:00,57.28,31.7,2,3,12,0
2022-12-08 03:00:00,55.62,31.6,3,3,12,0
2022-12-08 04:00:00,56.16,31.3,4,3,12,0
2022-12-08 05:00:00,56.12,30.9,5,3,12,0
2022-12-08 06:00:00,61.51,29.8,6,3,12,0
2022-12-08 07:00:00,66.19,28.0,7,3,12,0
2022-12-08 08:00:00,71.58,27.2,8,3,12,0
2022-12-08 09:00:00,77.84,26.3,9,3,12,0
2022-12-08 10:00:00,81.51,25.4,10,3,12,0
2022-12-08 11:00:00,79.43,25.2,11,3,12,0
2022-12-08 12:00:00,81.45,24.3,12,3,12,0
2022-12-08 13:00:00,82.4,25.1,13,3,12,0
2022-12-08 14:00:00,84.96,25.0,14,3,12,0
2022-12-08 15:00:00,83.54,23.5,15,3,12,0
2022-12-08 16:00:00,83.61,20.7,16,3,12,0
2022-12-08 17:00:00,88.09,25.4,17,3,12,0
2022-12-08 18:00:00,92.38,24.8,18,3,12,0
2022-12-08 19:00:00,94.53,25.6,19,3,12,0
2022-12-08 20:00:00,98.74,26.9,20,3,12,0
2022-12-08 21:00:00,96.68,27.9,21,3,12,0
2022-12-08 22:00:00,85.72,29.8,22,3,12,0
2022-12-08 23:00:00,73.22,28.8,23,3,12,0
2022-12-09 00:00:00,49.36,29.9,0,4,12,0
2022-12-09 01:00:00,52.09,31.4,1,4,12,0
2022-12-09 02:00:00,56.75,31.8,2,4,12,0
2022-12-09 03:00:00,55.95,31.6,3,4,12,0
2022-12-09 04:00:00,54.28,30.1,4,4,12,0
2022-12-09 05:00:00,53.94,29.3,5,4,12,0
2022-12-09 06:00:00,59.27,28.9,6,4,12,0
2022-12-09 07:00:00,65.15,28.5,7,4,12,0
2022-12-09 08:00:00,73.43,28.5,8,4,12,0
2022-12-09 09:00:00,77.22,24.6,9,4,12,0
2022-12-09 10:00:00,76.6,25.1,10,4,12,0
2022-12-09 11:00:00,83.96,23.4,11,4,12,0
2022-12-09 12:00:00,79.58,22.5,12,4,12,0
2022-12-09 13:00:00,82.49,24.2,13,4,12,0
2022-12-09 14:00:00,86.63,23.7,14,4,12,0
2022-12-09 15:00:00,85.16,23.8,15,4,12,0
2022-12-09 16:00:00,83.71,24.5,16,4,12,0
2022-12-09 17:00:00,88.49,24.1,17,4,12,0
2022-12-09 18:00:00,90.47,24.9,18,4,12,0
2022-12-09 19:00:00,92.1,28.0,19,4,12,0
2022-12-09 20:00:00,95.31,27.1,20,4,12,0
2022-12-09 21:00:00,96.16,28.9,21,4,12,0
2022-12-09 22:00:00,85.62,29.3,22,4,12,0
2022-12-09 23:00:00,75.15,28.6,23,4,12,0
2022-12-10 00:00:00,43.62,29.1,0,5,12,1
2022-12-10 01:00:00,47.76,30.7,1,5,12,1
2022-12-10 02:00:00,51.36,32.1,2,5,12,1
2022-12-10 03:00:00,50.48,31.8,3,5,12,1
2022-12-10 04:00:00,51.02,31.5,4,5,12,1
2022-12-10 05:00:00,49.59,29.3,5,5,12,1
2022-12-10 06:00:00,57.47,30.6,6,5,12,1
2022-12-10 07:00:00,58.19,27.5,7,5,12,1
2022-12-10 08:00:00,66.46,27.4,8,5,12,1
2022-12-10 09:00:00,70.17,26.2,9,5,12,1
2022-12-10 10:00:00,70.97,25.1,10,5,12,1
2022-12-10 11:00:00,74.21,25.5,11,5,12,1
2022-12-10 12:00:00,71.38,23.2,12,5,12,1
2022-12-10 13:00:00,75.95,22.3,13,5,12,1
2022-12-10 14:00:00,76.73,23.3,14,5,12,1
2022-12-10 15:00:00,74.49,23.1,15,5,12,1
2022-12-10 16:00:00,76.78,26.5,16,5,12,1
2022-12-10 17:00:00,82.09,25.0,17,5,12,1
2022-12-10 18:00:00,82.66,24.9,18,5,12,1
2022-12-10 19:00:00,85.94,25.4,19,5,12,1
2022-12-10 20:00:00,84.71,25.8,20,5,12,1
2022-12-10 21:00:00,86.73,27.5,21,5,12,1
2022-12-10 22:00:00,77.22,29.4,22,5,12,1
2022-12-10 23:00:00,69.43,31.2,23,5,12,1
2022-12-11 00:00:00,48.11,31.6,0,6,12,1
2022-12-11 01:00:00,47.99,31.3,1,6,12,1
2022-12-11 02:00:00,47.29,31.0,2,6,12,1
2022-12-11 03:00:00,48.21,31.3,3,6,12,1
2022-12-11 04:00:00,50.59,30.3,4,6,12,1
2022-12-11 05:00:00,50.85,31.5,5,6,12,1
2022-12-11 06:00:00,54.69,29.1,6,6,12,1
2022-12-11 07:00:00,59.41,28.2,7,6,12,1
2022-12-11 08:00:00,63.93,25.5,8,6,12,1
2022-12-11 09:00:00,72.47,26.1,9,6,12,1
2022-12-11 10:00:00,71.2,25.9,10,6,12,1
2022-12-11 11:00:00,73.5,23.6,11,6,12,1
2022-12-11 12:00:00,73.7,23.2,12,6,12,1
2022-12-11 13:00:00,74.73,24.0,13,6,12,1
2022-12-11 14:00:00,76.0,22.1,14,6,12,1
2022-12-11 15:00:00,78.42,24.3,15,6,12,1
2022-12-11 16:00:00,77.81,23.4,16,6,12,1
2022-12-11 17:00:00,85.03,24.1,17,6,12,1
2022-12-11 18:00:00,83.38,24.4,18,6,12,1
2022-12-11 19:00:00,82.78,26.5,19,6,12,1
2022-12-11 20:00:00,85.19,29.2,20,6,12,1
2022-12-11 21:00:00,84.02,28.9,21,6,12,1
2022-12-11 22:00:00,78.23,28.6,22,6,12,1
2022-12-11 23:00:00,69.23,31.0,23,6,12,1
2022-12-12 00:00:00,48.32,30.5,0,0,12,0
2022-12-12 01:00:00,56.73,32.2,1,0,12,0
2022-12-12 02:00:00,54.42,31.9,2,0,12,0
2022-12-12 03:00:00,51.95,28.8,3,0,12,0
2022-12-12 04:00:00,56.39,29.9,4,0,12,0
2022-12-12 05:00:00,55.6,30.9,5,0,12,0
2022-12-12 06:00:00,62.08,29.4,6,0,12,0
2022-12-12 07:00:00,65.18,27.5,7,0,12,0
2022-12-12 08:00:00,69.76,26.8,8,0,12,0
2022-12-12 09:00:00,79.82,24.7,9,0,12,0
2022-12-12 10:00:00,80.22,25.2,10,0,12,0
2022-12-12 11:00:00,81.79,26.2,11,0,12,0
2022-12-12 12:00:00,81.97,24.4,12,0,12,0
2022-12-12 13:00:00,84.42,25.2,13,0,12,0
2022-12-12 14:00:00,82.46,24.0,14,0,12,0
2022-12-12 15:00:00,84.66,24.2,15,0,12,0
2022-12-12 16:00:00,82.95,25.4,16,0,12,0
2022-12-12 17:00:00,88.21,24.7,17,0,12,0
2022-12-12 18:00:00,92.94,25.1,18,0,12,0
2022-12-12 19:00:00,95.86,27.1,19,0,12,0
2022-12-12 20:00:00,94.58,28.4,20,0,12,0
2022-12-12 21:00:00,95.41,27.9,21,0,12,0
2022-12-12 22:00:00,83.62,28.7,22,0,12,0
2022-12-12 23:00:00,76.66,30.2,23,0,12,0
2022-12-13 00:00:00,53.06,31.4,0,1,12,0
2022-12-13 01:00:00,54.62,31.8,1,1,12,0
2022-12-13 02:00:00,53.38,30.1,2,1,12,0
2022-12-13 03:00:00,56.35,32.7,3,1,12,0
2022-12-13 04:00:00,54.33,30.2,4,1,12,0
2022-12-13 05:00:00,56.52,29.9,5,1,12,0
2022-12-13 06:00:00,61.22,28.5,6,1,12,0
2022-12-13 07:00:00,67.51,30.5,7,1,12,0
2022-12-13 08:00:00,71.01,27.5,8,1,12,0
2022-12-13 09:00:00,79.02,25.6,9,1,12,0
2022-12-13 10:00:00,78.26,26.0,10,1,12,0
2022-12-13 11:00:00,81.52,25.1,11,1,12,0
2022-12-13 12:00:00,81.17,23.7,12,1,12,0
2022-12-13 13:00:00,81.75,24.1,13,1,12,0
2022-12-13 14:00:00,87.12,22.6,14,1,12,0
2022-12-13 15:00:00,84.67,23.0,15,1,12,0
2022-12-13 16:00:00,83.31,22.2,16,1,12,0
2022-12-13 17:00:00,88.21,23.4,17,1,12,0
2022-12-13 18:00:00,89.89,26.7,18,1,12,0
2022-12-13 19:00:00,93.07,27.5,19,1,12,0
2022-12-13 20:00:00,98.85,27.3,20,1,12,0
2022-12-13 21:00:00,95.44,29.6,21,1,12,0
2022-12-13 22:00:00,88.03,29.1,22,1,12,0
2022-12-13 23:00:00,76.09,29.9,23,1,12,0
2022-12-14 00:00:00,50.48,30.8,0,2,12,0
2022-12-14 01:00:00,52.42,31.0,1,2,12,0
2022-12-14 02:00:00,52.75,31.1,2,2,12,0
2022-12-14 03:00:00,55.27,32.0,3,2,12,0
2022-12-14 04:00:00,54.93,30.9,4,2,12,0
2022-12-14 05:00:00,54.62,30.7,5,2,12,0
2022-12-14 06:00:00,63.36,30.1,6,2,12,0
2022-12-14 07:00:00,66.2,28.6,7,2,12,0
2022-12-14 08:00:00,70.64,26.5,8,2,12,0
2022-12-14 09:00:00,77.6,25.2,9,2,12,0
2022-12-14 10:00:00,77.53,25.4,10,2,12,0
2022-12-14 11:00:00,76.19,24.3,11,2,12,0
2022-12-14 12:00:00,86.06,23.9,12,2,12,0
2022-12-14 13:00:00,83.75,23.4,13,2,12,0
2022-12-14 14:00:00,83.51,25.3,14,2,12,0
2022-12-14 15:00:00,81.3,22.3,15,2,12,0
2022-12-14 16:00:00,82.03,22.2,16,2,12,0
2022-12-14 17:00:00,93.57,24.7,17,2,12,0
2022-12-14 18:00:00,94.89,25.0,18,2,12,0
2022-12-14 19:00:00,95.12,26.5,19,2,12,0
2022-12-14 20:00:00,93.23,27.7,20,2,12,0
2022-12-14 21:00:00,98.98,29.3,21,2,12,0
2022-12-14 22:00:00,86.25,28.1,22,2,12,0
2022-12-14 23:00:00,77.0,29.7,23,2,12,0
2022-12-15 00:00:00,52.4,31.1,0,3,12,0
2022-12-15 01:00:00,52.24,31.7,1,3,12,0
2022-12-15 02:00:00,55.11,33.0,2,3,12,0
2022-12-15 03:00:00,55.5,31.9,3,3,12,0
2022-12-15 04:00:00,56.28,30.7,4,3,12,0
2022-12-15 05:00:00,53.62,29.4,5,3,12,0
2022-12-15 06:00:00,60.06,28.8,6,3,12,0
2022-12-15 07:00:00,65.71,27.8,7,3,12,0
2022-12-15 08:00:00,72.7,27.8,8,3,12,0
2022-12-15 09:00:00,78.28,26.4,9,3,12,0
2022-12-15 10:00:00,77.26,24.2,10,3,12,0
2022-12-15 11:00:00,82.61,24.1,11,3,12,0
2022-12-15 12:00:00,79.55,24.5,12,3,12,0
2022-12-15 13:00:00,85.22,23.7,13,3,12,0
2022-12-15 14:00:00,83.57,23.7,14,3,12,0
2022-12-15 15:00:00,84.75,23.7,15,3,12,0
2022-12-15 16:00:00,84.85,25.1,16,3,12,0
2022-12-15 17:00:00,91.01,24.6,17,3,12,0
2022-12-15 18:00:00,93.41,25.0,18,3,12,0
2022-12-15 19:00:00,94.46,25.5,19,3,12,0
2022-12-15 20:00:00,96.74,27.5,20,3,12,0
2022-12-15 21:00:00,96.67,26.4,21,3,12,0
2022-12-15 22:00:00,83.53,29.1,22,3,12,0
2022-12-15 23:00:00,76.68,29.9,23,3,12,0
2022-12-16 00:00:00,49.63,29.6,0,4,12,0
2022-12-16 01:00:00,51.07,30.4,1,4,12,0
2022-12-16 02:00:00,54.7,31.9,2,4,12,0
2022-12-16 03:00:00,55.49,31.3,3,4,12,0
2022-12-16 04:00:00,55.99,30.8,4,4,12,0
2022-12-16 05:00:00,57.28,30.3,5,4,12,0
2022-12-16 06:00:00,62.16,29.3,6,4,12,0
2022-12-16 07:00:00,66.72,29.3,7,4,12,0
2022-12-16 08:00:00,72.32,27.4,8,4,12,0
2022-12-16 09:00:00,77.41,25.1,9,4,12,0
2022-12-16 10:00:00,79.98,26.6,10,4,12,0
2022-12-16 11:00:00,81.12,24.7,11,4,12,0
2022-12-16 12:00:00,81.3,23.3,12,4,12,0
2022-12-16 13:00:00,86.93,22.4,13,4,12,0
2022-12-16 14:00:00,83.58,23.6,14,4,12,0
2022-12-16 15:00:00,86.86,23.3,15,4,12,0
2022-12-16 16:00:00,82.26,25.1,16,4,12,0
2022-12-16 17:00:00,92.09,24.2,17,4,12,0
2022-12-16 18:00:00,94.77,24.6,18,4,12,0
2022-12-16 19:00:00,90.28,26.9,19,4,12,0
2022-12-16 20:00:00,95.55,28.0,20,4,12,0
2022-12-16 21:00:00,97.14,28.4,21,4,12,0
2022-12-16 22:00:00,86.88,29.8,22,4,12,0
2022-12-16 23:00:00,77.08,30.1,23,4,12,0
2022-12-17 00:00:00,46.92,30.9,0,5,12,1
2022-12-17 01:00:00,48.08,32.1,1,5,12,1
2022-12-17 02:00:00,52.09,31.8,2,5,12,1
2022-12-17 03:00:00,49.17,31.0,3,5,12,1
2022-12-17 04:00:00,52.02,31.8,4,5,12,1
2022-12-17 05:00:00,48.45,28.2,5,5,12,1
2022-12-17 06:00:00,53.86,30.9,6,5,12,1
2022-12-17 07:00:00,58.16,26.9,7,5,12,1
2022-12-17 08:00:00,62.43,26.8,8,5,12,1
2022-12-17 09:00:00,71.18,26.2,9,5,12,1
2022-12-17 10:00:00,70.0,25.2,10,5,12,1
2022-12-17 11:00:00,71.52,25.2,11,5,12,1
2022-12-17 12:00:00,71.57,23.0,12,5,12,1
2022-12-17 13:00:00,75.25,23.6,13,5,12,1
2022-12-17 14:00:00,74.85,22.8,14,5,12,1
2022-12-17 15:00:00,77.66,23.6,15,5,12,1
2022-12-17 16:00:00,76.52,23.8,16,5,12,1
2022-12-17 17:00:00,80.59,24.5,17,5,12,1
2022-12-17 18:00:00,84.5,24.8,18,5,12,1
2022-12-17 19:00:00,84.39,25.8,19,5,12,1
2022-12-17 20:00:00,85.8,27.5,20,5,12,1
2022-12-17 21:00:00,83.63,29.1,21,5,12,1
2022-12-17 22:00:00,76.84,28.8,22,5,12,1
2022-12-17 23:00:00,68.63,29.4,23,5,12,1
2022-12-18 00:00:00,48.42,31.2,0,6,12,1
2022-12-18 01:00:00,47.21,31.1,1,6,12,1
2022-12-18 02:00:00,52.12,31.9,2,6,12,1
2022-12-18 03:00:00,49.53,30.4,3,6,12,1
2022-12-18 04:00:00,46.99,29.3,4,6,12,1
2022-12-18 05:00:00,49.08,29.7,5,6,12,1
2022-12-18 06:00:00,55.9,28.7,6,6,12,1
2022-12-18 07:00:00,60.93,28.2,7,6,12,1
2022-12-18 08:00:00,64.46,26.8,8,6,12,1
2022-12-18 09:00:00,69.76,26.8,9,6,12,1
2022-12-18 10:00:00,69.15,25.0,10,6,12,1
2022-12-18 11:00:00,74.38,24.6,11,6,12,1
2022-12-18 12:00:00,71.69,23.9,12,6,12,1
2022-12-18 13:00:00,76.47,23.6,13,6,12,1
2022-12-18 14:00:00,78.25,23.2,14,6,12,1
2022-12-18 15:00:00,76.11,23.8,15,6,12,1
2022-12-18 16:00:00,77.62,23.2,16,6,12,1
2022-12-18 17:00:00,84.84,25.6,17,6,12,1
2022-12-18 18:00:00,83.46,25.1,18,6,12,1
2022-12-18 19:00:00,84.05,25.2,19,6,12,1
2022-12-18 20:00:00,85.64,27.4,20,6,12,1
2022-12-18 21:00:00,84.85,27.6,21,6,12,1
2022-12-18 22:00:00,76.65,29.8,22,6,12,1
2022-12-18 23:00:00,71.81,31.9,23,6,12,1
2022-12-19 00:00:00,50.61,30.1,0,0,12,0
2022-12-19 01:00:00,53.68,31.4,1,0,12,0
2022-12-19 02:00:00,51.1,29.9,2,0,12,0
2022-12-19 03:00:00,55.45,31.5,3,0,12,0
2022-12-19 04:00:00,55.84,30.0,4,0,12,0
2022-12-19 05:00:00,54.13,29.6,5,0,12,0
2022-12-19 06:00:00,60.29,28.4,6,0,12,0
2022-12-19 07:00:00,63.56,28.9,7,0,12,0
2022-12-19 08:00:00,69.78,28.1,8,0,12,0
2022-12-19 09:00:00,78.48,26.3,9,0,12,0
2022-12-19 10:00:00,78.34,24.6,10,0,12,0
2022-12-19 11:00:00,83.2,25.7,11,0,12,0
2022-12-19 12:00:00,82.07,23.2,12,0,12,0
2022-12-19 13:00:00,84.31,21.7,13,0,12,0
2022-12-19 14:00:00,82.71,23.6,14,0,12,0
2022-12-19 15:00:00,83.84,22.5,15,0,12,0
2022-12-19 16:00:00,83.27,24.6,16,0,12,0
2022-12-19 17:00:00,88.78,24.1,17,0,12,0
2022-12-19 18:00:00,93.39,25.8,18,0,12,0
2022-12-19 19:00:00,95.32,27.4,19,0,12,0
2022-12-19 20:00:00,96.03,26.3,20,0,12,0
2022-12-19 21:00:00,94.27,27.9,21,0,12,0
2022-12-19 22:00:00,86.3,29.2,22,0,12,0
2022-12-19 23:00:00,75.17,31.3,23,0,12,0
2022-12-20 00:00:00,52.16,30.2,0,1,12,0
2022-12-20 01:00:00,51.25,30.7,1,1,12,0
2022-12-20 02:00:00,53.63,31.7,2,1,12,0
2022-12-20 03:00:00,54.7,30.7,3,1,12,0
2022-12-20 04:00:00,56.06,30.9,4,1,12,0
2022-12-20 05:00:00,54.52,28.9,5,1,12,0
2022-12-20 06:00:00,61.37,31.0,6,1,12,0
2022-12-20 07:00:00,67.38,27.2,7,1,12,0
2022-12-20 08:00:00,69.26,27.0,8,1,12,0
2022-12-20 09:00:00,75.04,26.2,9,1,12,0
2022-12-20 10:00:00,78.65,26.8,10,1,12,0
2022-12-20 11:00:00,78.38,23.4,11,1,12,0
2022-12-20 12:00:00,83.32,25.4,12,1,12,0
2022-12-20 13:00:00,81.54,24.0,13,1,12,0
2022-12-20 14:00:00,87.03,23.6,14,1,12,0
2022-12-20 15:00:00,86.17,22.6,15,1,12,0
2022-12-20 16:00:00,86.5,24.3,16,1,12,0
2022-12-20 17:00:00,93.98,23.9,17,1,12,0
2022-12-20 18:00:00,92.35,26.3,18,1,12,0
2022-12-20 19:00:00,91.9,25.5,19,1,12,0
2022-12-20 20:00:00,95.1,27.2,20,1,12,0
2022-12-20 21:00:00,94.75,27.9,21,1,12,0
2022-12-20 22:00:00,84.33,28.5,22,1,12,0
2022-12-20 23:00:00,77.46,30.7,23,1,12,0
2022-12-21 00:00:00,51.79,31.2,0,2,12,0
2022-12-21 01:00:00,53.46,32.1,1,2,12,0
2022-12-21 02:00:00,52.22,29.8,2,2,12,0
2022-12-21 03:00:00,56.7,32.0,3,2,12,0
2022-12-21 04:00:00,59.01,32.7,4,2,12,0
2022-12-21 05:00:00,53.74,29.7,5,2,12,0
2022-12-21 06:00:00,62.07,30.8,6,2,12,0
2022-12-21 07:00:00,65.75,28.1,7,2,12,0
2022-12-21 08:00:00,69.96,26.2,8,2,12,0
2022-12-21 09:00:00,77.09,26.0,9,2,12,0
2022-12-21 10:00:00,79.04,26.1,10,2,12,0
2022-12-21 11:00:00,81.16,23.8,11,2,12,0
2022-12-21 12:00:00,81.51,23.3,12,2,12,0
2022-12-21 13:00:00,82.02,23.9,13,2,12,0
2022-12-21 14:00:00,87.78,23.3,14,2,12,0
2022-12-21 15:00:00,85.84,23.9,15,2,12,0
2022-12-21 16:00:00,85.38,24.0,16,2,12,0
2022-12-21 17:00:00,92.43,24.8,17,2,12,0
2022-12-21 18:00:00,92.64,24.9,18,2,12,0
2022-12-21 19:00:00,96.09,26.4,19,2,12,0
2022-12-21 20:00:00,95.4,26.5,20,2,12,0
2022-12-21 21:00:00,96.17,29.3,21,2,12,0
2022-12-21 22:00:00,86.56,28.8,22,2,12,0
2022-12-21 23:00:00,79.91,31.0,23,2,12,0
2022-12-22 00:00:00,52.7,30.5,0,3,12,0
2022-12-22 01:00:00,53.82,31.3,1,3,12,0
2022-12-22 02:00:00,54.31,30.9,2,3,12,0
2022-12-22 03:00:00,54.81,30.3,3,3,12,0
2022-12-22 04:00:00,54.96,29.3,4,3,12,0
2022-12-22 05:00:00,56.34,29.3,5,3,12,0
2022-12-22 06:00:00,59.99,29.0,6,3,12,0
2022-12-22 07:00:00,67.62,28.5,7,3,12,0
2022-12-22 08:00:00,72.08,28.1,8,3,12,0
2022-12-22 09:00:00,78.24,25.9,9,3,12,0
2022-12-22 10:00:00,80.92,24.6,10,3,12,0
2022-12-22 11:00:00,81.52,23.3,11,3,12,0
2022-12-22 12:00:00,82.83,24.2,12,3,12,0
2022-12-22 13:00:00,82.82,24.5,13,3,12,0
2022-12-22 14:00:00,86.93,24.3,14,3,12,0
2022-12-22 15:00:00,85.62,24.0,15,3,12,0
2022-12-22 16:00:00,84.68,24.3,16,3,12,0
2022-12-22 17:00:00,92.6,25.8,17,3,12,0
2022-12-22 18:00:00,96.84,25.5,18,3,12,0
2022-12-22 19:00:00,91.62,26.7,19,3,12,0
2022-12-22 20:00:00,93.81,27.0,20,3,12,0
2022-12-22 21:00:00,100.8,27.2,21,3,12,0
2022-12-22 22:00:00,86.21,28.7,22,3,12,0
2022-12-22 23:00:00,76.8,30.1,23,3,12,0
2022-12-23 00:00:00,51.5,30.8,0,4,12,0
2022-12-23 01:00:00,56.1,32.7,1,4,12,0
2022-12-23 02:00:00,56.88,31.3,2,4,12,0
2022-12-23 03:00:00,55.58,32.1,3,4,12,0
2022-12-23 04:00:00,55.15,30.4,4,4,12,0
2022-12-23 05:00:00,55.19,29.8,5,4,12,0
2022-12-23 06:00:00,61.12,28.2,6,4,12,0
2022-12-23 07:00:00,67.5,27.7,7,4,12,0
2022-12-23 08:00:00,73.85,27.7,8,4,12,0
2022-12-23 09:00:00,78.42,26.2,9,4,12,0
2022-12-23 10:00:00,82.66,26.0,10,4,12,0
2022-12-23 11:00:00,79.46,24.6,11,4,12,0
2022-12-23 12:00:00,80.07,23.5,12,4,12,0
2022-12-23 13:00:00,85.83,25.1,13,4,12,0
2022-12-23 14:00:00,84.68,23.2,14,4,12,0
2022-12-23 15:00:00,82.22,24.3,15,4,12,0
2022-12-23 16:00:00,83.96,23.5,16,4,12,0
2022-12-23 17:00:00,91.11,25.0,17,4,12,0
2022-12-23 18:00:00,91.05,26.0,18,4,12,0
2022-12-23 19:00:00,91.9,26.4,19,4,12,0
2022-12-23 20:00:00,94.91,25.4,20,4,12,0
2022-12-23 21:00:00,93.83,28.3,21,4,12,0
2022-12-23 22:00:00,88.12,30.3,22,4,12,0
2022-12-23 23:00:00,74.17,30.5,23,4,12,0
2022-12-24 00:00:00,47.11,31.1,0,5,12,1
2022-12-24 01:00:00,46.9,29.8,1,5,12,1
2022-12-24 02:00:00,48.31,30.7,2,5,12,1
2022-12-24 03:00:00,51.4,31.5,3,5,12,1
2022-12-24 04:00:00,49.31,31.1,4,5,12,1
2022-12-24 05:00:00,50.92,31.1,5,5,12,1
2022-12-24 06:00:00,54.09,29.2,6,5,12,1
2022-12-24 07:00:00,60.25,28.6,7,5,12,1
2022-12-24 08:00:00,64.74,27.3,8,5,12,1
2022-12-24 09:00:00,72.75,25.4,9,5,12,1
2022-12-24 10:00:00,69.7,23.5,10,5,12,1
2022-12-24 11:00:00,70.14,24.8,11,5,12,1
2022-12-24 12:00:00,76.07,23.9,12,5,12,1
2022-12-24 13:00:00,72.78,22.9,13,5,12,1
2022-12-24 14:00:00,77.15,22.0,14,5,12,1
2022-12-24 15:00:00,74.42,23.9,15,5,12,1
2022-12-24 16:00:00,72.64,23.6,16,5,12,1
2022-12-24 17:00:00,80.93,24.9,17,5,12,1
2022-12-24 18:00:00,84.59,26.8,18,5,12,1
2022-12-24 19:00:00,82.15,24.5,19,5,12,1
2022-12-24 20:00:00,86.83,26.7,20,5,12,1
2022-12-24 21:00:00,87.65,28.1,21,5,12,1
2022-12-24 22:00:00,76.52,30.4,22,5,12,1
2022-12-24 23:00:00,67.35,28.8,23,5,12,1
2022-12-25 00:00:00,49.98,32.3,0,6,12,1
2022-12-25 01:00:00,48.71,31.2,1,6,12,1
2022-12-25 02:00:00,48.74,31.2,2,6,12,1
2022-12-25 03:00:00,50.11,31.0,3,6,12,1
2022-12-25 04:00:00,49.18,30.4,4,6,12,1
2022-12-25 05:00:00,52.6,30.9,5,6,12,1
2022-12-25 06:00:00,55.54,28.4,6,6,12,1
2022-12-25 07:00:00,59.49,28.6,7,6,12,1
2022-12-25 08:00:00,64.76,27.0,8,6,12,1
2022-12-25 09:00:00,68.04,25.6,9,6,12,1
2022-12-25 10:00:00,68.86,27.3,10,6,12,1
2022-12-25 11:00:00,71.73,24.8,11,6,12,1
2022-12-25 12:00:00,73.11,24.3,12,6,12,1
2022-12-25 13:00:00,76.82,24.3,13,6,12,1
2022-12-25 14:00:00,77.54,22.1,14,6,12,1
2022-12-25 15:00:00,76.33,24.8,15,6,12,1
2022-12-25 16:00:00,77.98,21.8,16,6,12,1
2022-12-25 17:00:00,79.93,23.8,17,6,12,1
2022-12-25 18:00:00,84.91,24.9,18,6,12,1
2022-12-25 19:00:00,82.93,26.7,19,6,12,1
2022-12-25 20:00:00,88.06,27.4,20,6,12,1
2022-12-25 21:00:00,86.2,28.2,21,6,12,1
2022-12-25 22:00:00,74.0,29.3,22,6,12,1
2022-12-25 23:00:00,69.11,29.3,23,6,12,1
2022-12-26 00:00:00,50.83,29.5,0,0,12,0
2022-12-26 01:00:00,53.27,31.7,1,0,12,0
2022-12-26 02:00:00,54.5,31.8,2,0,12,0
2022-12-26 03:00:00,56.46,32.4,3,0,12,0
2022-12-26 04:00:00,52.89,30.1,4,0,12,0
2022-12-26 05:00:00,54.13,30.7,5,0,12,0
2022-12-26 06:00:00,61.79,29.0,6,0,12,0
2022-12-26 07:00:00,65.24,29.3,7,0,12,0
2022-12-26 08:00:00,74.18,28.1,8,0,12,0
2022-12-26 09:00:00,79.32,26.4,9,0,12,0
2022-12-26 10:00:00,81.21,25.0,10,0,12,0
2022-12-26 11:00:00,79.34,25.2,11,0,12,0
2022-12-26 12:00:00,78.84,24.3,12,0,12,0
2022-12-26 13:00:00,81.69,22.9,13,0,12,0
2022-12-26 14:00:00,83.74,22.2,14,0,12,0
2022-12-26 15:00:00,80.58,23.2,15,0,12,0
2022-12-26 16:00:00,83.7,25.0,16,0,12,0
2022-12-26 17:00:00,90.3,25.4,17,0,12,0
2022-12-26 18:00:00,89.89,24.4,18,0,12,0
2022-12-26 19:00:00,91.85,25.3,19,0,12,0
2022-12-26 20:00:00,94.89,28.3,20,0,12,0
2022-12-26 21:00:00,96.47,27.4,21,0,12,0
2022-12-26 22:00:00,84.87,29.7,22,0,12,0
2022-12-26 23:00:00,76.35,29.6,23,0,12,0
2022-12-27 00:00:00,53.18,32.0,0,1,12,0
2022-12-27 01:00:00,52.33,30.5,1,1,12,0
2022-12-27 02:00:00,54.7,32.2,2,1,12,0
2022-12-27 03:00:00,53.94,31.3,3,1,12,0
2022-12-27 04:00:00,57.61,30.9,4,1,12,0
2022-12-27 05:00:00,55.27,28.5,5,1,12,0
2022-12-27 06:00:00,61.44,27.5,6,1,12,0
2022-12-27 07:00:00,65.83,28.1,7,1,12,0
2022-12-27 08:00:00,71.37,27.5,8,1,12,0
2022-12-27 09:00:00,78.0,25.3,9,1,12,0
2022-12-27 10:00:00,76.0,24.4,10,1,12,0
2022-12-27 11:00:00,78.62,24.9,11,1,12,0
2022-12-27 12:00:00,80.13,24.3,12,1,12,0
2022-12-27 13:00:00,82.71,23.3,13,1,12,0
2022-12-27 14:00:00,83.03,23.9,14,1,12,0
2022-12-27 15:00:00,85.02,22.5,15,1,12,0
2022-12-27 16:00:00,84.61,23.5,16,1,12,0
2022-12-27 17:00:00,93.11,25.8,17,1,12,0
2022-12-27 18:00:00,96.63,25.3,18,1,12,0
2022-12-27 19:00:00,91.45,26.3,19,1,12,0
2022-12-27 20:00:00,95.69,29.1,20,1,12,0
2022-12-27 21:00:00,96.08,27.2,21,1,12,0
2022-12-27 22:00:00,86.56,29.9,22,1,12,0
2022-12-27 23:00:00,76.5,31.4,23,1,12,0
2022-12-28 00:00:00,50.37,30.5,0,2,12,0
2022-12-28 01:00:00,54.08,31.8,1,2,12,0
2022-12-28 02:00:00,52.36,30.5,2,2,12,0
2022-12-28 03:00:00,54.62,30.6,3,2,12,0
2022-12-28 04:00:00,55.71,31.0,4,2,12,0
2022-12-28 05:00:00,56.79,30.7,5,2,12,0
2022-12-28 06:00:00,60.59,30.2,6,2,12,0
2022-12-28 07:00:00,66.85,29.6,7,2,12,0
2022-12-28 08:00:00,70.37,27.2,8,2,12,0
2022-12-28 09:00:00,77.51,27.2,9,2,12,0
2022-12-28 10:00:00,80.86,25.0,10,2,12,0
2022-12-28 11:00:00,80.76,25.2,11,2,12,0
2022-12-28 12:00:00,81.89,24.0,12,2,12,0
2022-12-28 13:00:00,84.77,23.8,13,2,12,0
2022-12-28 14:00:00,82.17,23.6,14,2,12,0
2022-12-28 15:00:00,87.3,22.1,15,2,12,0
2022-12-28 16:00:00,82.75,22.9,16,2,12,0
2022-12-28 17:00:00,92.21,24.5,17,2,12,0
2022-12-28 18:00:00,93.54,23.9,18,2,12,0
2022-12-28 19:00:00,92.11,26.9,19,2,12,0
2022-12-28 20:00:00,97.16,28.0,20,2,12,0
2022-12-28 21:00:00,96.73,28.6,21,2,12,0
2022-12-28 22:00:00,88.64,28.4,22,2,12,0
2022-12-28 23:00:00,78.13,31.2,23,2,12,0
2022-12-29 00:00:00,53.43,32.4,0,3,12,0
2022-12-29 01:00:00,52.62,31.2,1,3,12,0
2022-12-29 02:00:00,53.01,31.7,2,3,12,0
2022-12-29 03:00:00,54.98,31.3,3,3,12,0
2022-12-29 04:00:00,55.92,31.2,4,3,12,0
2022-12-29 05:00:00,56.08,30.0,5,3,12,0
2022-12-29 06:00:00,58.84,29.2,6,3,12,0
2022-12-29 07:00:00,65.63,29.0,7,3,12,0
2022-12-29 08:00:00,72.52,29.1,8,3,12,0
2022-12-29 09:00:00,78.28,25.1,9,3,12,0
2022-12-29 10:00:00,75.96,25.2,10,3,12,0
2022-12-29 11:00:00,81.46,23.5,11,3,12,0
2022-12-29 12:00:00,81.0,25.1,12,3,12,0
2022-12-29 13:00:00,83.15,22.9,13,3,12,0
2022-12-29 14:00:00,80.6,22.1,14,3,12,0
2022-12-29 15:00:00,86.93,23.9,15,3,12,0
2022-12-29 16:00:00,84.77,25.2,16,3,12,0
2022-12-29 17:00:00,87.96,25.0,17,3,12,0
2022-12-29 18:00:00,92.87,25.4,18,3,12,0
2022-12-29 19:00:00,94.38,26.6,19,3,12,0
2022-12-29 20:00:00,97.56,28.4,20,3,12,0
2022-12-29 21:00:00,95.23,27.6,21,3,12,0
2022-12-29 22:00:00,85.77,29.2,22,3,12,0
2022-12-29 23:00:00,75.11,29.7,23,3,12,0
2022-12-30 00:00:00,50.98,29.8,0,4,12,0
2022-12-30 01:00:00,51.99,30.9,1,4,12,0
2022-12-30 02:00:00,54.46,32.2,2,4,12,0
2022-12-30 03:00:00,55.59,31.6,3,4,12,0
2022-12-30 04:00:00,54.94,31.2,4,4,12,0
2022-12-30 05:00:00,57.74,30.2,5,4,12,0
2022-12-30 06:00:00,63.36,29.7,6,4,12,0
2022-12-30 07:00:00,65.35,27.7,7,4,12,0
2022-12-30 08:00:00,69.67,27.0,8,4,12,0
2022-12-30 09:00:00,77.77,26.4,9,4,12,0
2022-12-30 10:00:00,78.07,25.5,10,4,12,0
2022-12-30 11:00:00,82.19,24.7,11,4,12,0
2022-12-30 12:00:00,80.14,23.7,12,4,12,0
2022-12-30 13:00:00,84.33,23.1,13,4,12,0
2022-12-30 14:00:00,84.66,25.8,14,4,12,0
2022-12-30 15:00:00,83.37,24.1,15,4,12,0
2022-12-30 16:00:00,84.87,24.1,16,4,12,0
2022-12-30 17:00:00,92.2,24.3,17,4,12,0
2022-12-30 18:00:00,92.36,24.9,18,4,12,0
2022-12-30 19:00:00,93.93,26.1,19,4,12,0
2022-12-30 20:00:00,93.68,27.5,20,4,12,0
2022-12-30 21:00:00,97.94,26.8,21,4,12,0
2022-12-30 22:00:00,87.24,28.0,22,4,12,0
2022-12-30 23:00:00,75.33,29.6,23,4,12,0
2022-12-31 00:00:00,46.67,30.9,0,5,12,1
2022-12-31 01:00:00,49.1,30.9,1,5,12,1
2022-12-31 02:00:00,49.43,32.5,2,5,12,1
2022-12-31 03:00:00,48.98,29.9,3,5,12,1
2022-12-31 04:00:00,48.95,30.1,4,5,12,1
2022-12-31 05:00:00,53.79,31.3,5,5,12,1
2022-12-31 06:00:00,54.79,29.4,6,5,12,1
2022-12-31 07:00:00,60.95,29.0,7,5,12,1
2022-12-31 08:00:00,63.38,28.9,8,5,12,1
2022-12-31 09:00:00,67.67,25.7,9,5,12,1
2022-12-31 10:00:00,70.57,25.2,10,5,12,1
2022-12-31 11:00:00,72.73,24.2,11,5,12,1
2022-12-31 12:00:00,72.44,22.2,12,5,12,1
2022-12-31 13:00:00,76.33,23.2,13,5,12,1
2022-12-31 14:00:00,75.68,24.0,14,5,12,1
2022-12-31 15:00:00,72.62,23.8,15,5,12,1
2022-12-31 16:00:00,76.94,24.3,16,5,12,1
2022-12-31 17:00:00,80.04,24.1,17,5,12,1
2022-12-31 18:00:00,82.34,24.7,18,5,12,1
2022-12-31 19:00:00,87.2,27.2,19,5,12,1
2022-12-31 20:00:00,89.04,26.9,20,5,12,1
2022-12-31 21:00:00,85.16,28.5,21,5,12,1
2022-12-31 22:00:00,78.4,29.4,22,5,12,1
2022-12-31 23:00:00,69.64,31.3,23,5,12,1
2023-01-01 00:00:00,47.36,31.2,0,6,1,1
2023-01-01 01:00:00,46.3,29.8,1,6,1,1
2023-01-01 02:00:00,46.35,30.0,2,6,1,1
2023-01-01 03:00:00,50.67,31.3,3,6,1,1
2023-01-01 04:00:00,50.73,30.4,4,6,1,1
2023-01-01 05:00:00,49.58,29.5,5,6,1,1
2023-01-01 06:00:00,57.08,29.8,6,6,1,1
2023-01-01 07:00:00,59.44,28.2,7,6,1,1
2023-01-01 08:00:00,64.27,27.0,8,6,1,1
2023-01-01 09:00:00,71.1,26.6,9,6,1,1
2023-01-01 10:00:00,69.36,24.7,10,6,1,1
2023-01-01 11:00:00,74.54,25.4,11,6,1,1
2023-01-01 12:00:00,73.43,22.9,12,6,1,1
2023-01-01 13:00:00,77.54,23.7,13,6,1,1
2023-01-01 14:00:00,78.99,24.1,14,6,1,1
2023-01-01 15:00:00,77.92,22.0,15,6,1,1
2023-01-01 16:00:00,75.54,23.3,16,6,1,1
2023-01-01 17:00:00,80.3,25.1,17,6,1,1
2023-01-01 18:00:00,81.34,25.9,18,6,1,1
2023-01-01 19:00:00,87.32,25.8,19,6,1,1
2023-01-01 20:00:00,86.47,26.4,20,6,1,1
2023-01-01 21:00:00,86.07,28.8,21,6,1,1
2023-01-01 22:00:00,78.67,29.9,22,6,1,1
2023-01-01 23:00:00,70.02,28.9,23,6,1,1
2023-01-02 00:00:00,51.35,29.5,0,0,1,0
2023-01-02 01:00:00,53.87,31.0,1,0,1,0
2023-01-02 02:00:00,55.72,31.5,2,0,1,0
2023-01-02 03:00:00,55.23,30.6,3,0,1,0
2023-01-02 04:00:00,56.88,31.0,4,0,1,0
2023-01-02 05:00:00,55.8,29.3,5,0,1,0
2023-01-02 06:00:00,60.94,27.3,6,0,1,0
2023-01-02 07:00:00,67.63,27.7,7,0,1,0
2023-01-02 08:00:00,72.9,27.1,8,0,1,0
2023-01-02 09:00:00,76.8,25.7,9,0,1,0
2023-01-02 10:00:00,80.5,24.1,10,0,1,0
2023-01-02 11:00:00,81.64,22.7,11,0,1,0
2023-01-02 12:00:00,83.26,23.1,12,0,1,0
2023-01-02 13:00:00,84.21,23.9,13,0,1,0
2023-01-02 14:00:00,86.75,24.0,14,0,1,0
2023-01-02 15:00:00,85.32,24.1,15,0,1,0
2023-01-02 16:00:00,86.6,22.9,16,0,1,0
2023-01-02 17:00:00,90.86,23.2,17,0,1,0
2023-01-02 18:00:00,92.54,25.4,18,0,1,0
2023-01-02 19:00:00,95.89,26.5,19,0,1,0
2023-01-02 20:00:00,95.74,27.3,20,0,1,0
2023-01-02 21:00:00,100.98,26.4,21,0,1,0
2023-01-02 22:00:00,87.4,28.3,22,0,1,0
2023-01-02 23:00:00,77.04,29.8,23,0,1,0
2023-01-03 00:00:00,53.07,30.9,0,1,1,0
2023-01-03 01:00:00,53.57,31.5,1,1,1,0
2023-01-03 02:00:00,55.53,31.1,2,1,1,0
2023-01-03 03:00:00,56.56,31.1,3,1,1,0
2023-01-03 04:00:00,57.27,30.5,4,1,1,0
2023-01-03 05:00:00,56.42,30.4,5,1,1,0
2023-01-03 06:00:00,59.87,29.3,6,1,1,0
2023-01-03 07:00:00,65.89,28.1,7,1,1,0
2023-01-03 08:00:00,72.0,26.8,8,1,1,0
2023-01-03 09:00:00,80.63,26.0,9,1,1,0
2023-01-03 10:00:00,83.05,25.4,10,1,1,0
2023-01-03 11:00:00,81.79,24.4,11,1,1,0
2023-01-03 12:00:00,82.31,23.8,12,1,1,0
2023-01-03 13:00:00,83.81,24.2,13,1,1,0
2023-01-03 14:00:00,86.77,23.2,14,1,1,0
2023-01-03 15:00:00,89.01,22.6,15,1,1,0
2023-01-03 16:00:00,88.35,24.2,16,1,1,0
2023-01-03 17:00:00,93.67,23.1,17,1,1,0
2023-01-03 18:00:00,95.24,24.1,18,1,1,0
2023-01-03 19:00:00,96.31,26.2,19,1,1,0
2023-01-03 20:00:00,96.27,27.4,20,1,1,0
2023-01-03 21:00:00,95.51,27.0,21,1,1,0
2023-01-03 22:00:00,86.42,28.7,22,1,1,0
2023-01-03 23:00:00,77.02,29.3,23,1,1,0
2023-01-04 00:00:00,49.92,30.1,0,2,1,0
2023-01-04 01:00:00,54.01,31.6,1,2,1,0
2023-01-04 02:00:00,54.38,31.6,2,2,1,0
2023-01-04 03:00:00,56.32,30.8,3,2,1,0
2023-01-04 04:00:00,54.79,30.0,4,2,1,0
2023-01-04 05:00:00,55.56,28.7,5,2,1,0
2023-01-04 06:00:00,61.44,30.1,6,2,1,0
2023-01-04 07:00:00,68.71,28.5,7,2,1,0
2023-01-04 08:00:00,70.03,26.4,8,2,1,0
2023-01-04 09:00:00,78.84,26.5,9,2,1,0
2023-01-04 10:00:00,77.73,24.9,10,2,1,0
2023-01-04 11:00:00,80.46,23.9,11,2,1,0
2023-01-04 12:00:00,82.62,23.9,12,2,1,0
2023-01-04 13:00:00,84.79,22.5,13,2,1,0
2023-01-04 14:00:00,85.79,22.7,14,2,1,0
2023-01-04 15:00:00,85.67,23.2,15,2,1,0
2023-01-04 16:00:00,84.36,23.1,16,2,1,0
2023-01-04 17:00:00,91.38,24.7,17,2,1,0
2023-01-04 18:00:00,93.29,26.5,18,2,1,0
2023-01-04 19:00:00,95.15,25.4,19,2,1,0
2023-01-04 20:00:00,96.23,25.7,20,2,1,0
2023-01-04 21:00:00,98.23,26.4,21,2,1,0
2023-01-04 22:00:00,86.61,28.9,22,2,1,0
2023-01-04 23:00:00,76.7,29.3,23,2,1,0
2023-01-05 00:00:00,51.55,30.6,0,3,1,0
2023-01-05 01:00:00,52.41,31.0,1,3,1,0
2023-01-05 02:00:00,53.08,29.7,2,3,1,0
2023-01-05 03:00:00,54.84,29.4,3,3,1,0
2023-01-05 04:00:00,56.67,30.7,4,3,1,0
2023-01-05 05:00:00,55.42,29.9,5,3,1,0
2023-01-05 06:00:00,61.89,28.7,6,3,1,0
2023-01-05 07:00:00,66.24,26.7,7,3,1,0
2023-01-05 08:00:00,73.39,27.4,8,3,1,0
2023-01-05 09:00:00,77.57,27.0,9,3,1,0
2023-01-05 10:00:00,80.23,25.2,10,3,1,0
2023-01-05 11:00:00,80.44,23.5,11,3,1,0
2023-01-05 12:00:00,81.51,23.6,12,3,1,0
2023-01-05 13:00:00,81.84,22.0,13,3,1,0
2023-01-05 14:00:00,86.26,23.8,14,3,1,0
2023-01-05 15:00:00,86.02,23.2,15,3,1,0
2023-01-05 16:00:00,86.12,22.1,16,3,1,0
2023-01-05 17:00:00,92.15,23.9,17,3,1,0
2023-01-05 18:00:00,91.86,25.4,18,3,1,0
2023-01-05 19:00:00,96.55,25.7,19,3,1,0
2023-01-05 20:00:00,98.19,26.8,20,3,1,0
2023-01-05 21:00:00,95.41,27.1,21,3,1,0
2023-01-05 22:00:00,87.94,29.5,22,3,1,0
2023-01-05 23:00:00,77.68,29.3,23,3,1,0
2023-01-06 00:00:00,49.55,28.7,0,4,1,0
2023-01-06 01:00:00,52.67,30.6,1,4,1,0
2023-01-06 02:00:00,55.98,31.8,2,4,1,0
2023-01-06 03:00:00,53.5,30.6,3,4,1,0
2023-01-06 04:00:00,56.51,31.9,4,4,1,0
2023-01-06 05:00:00,55.6,30.2,5,4,1,0
2023-01-06 06:00:00,59.2,29.3,6,4,1,0
2023-01-06 07:00:00,68.06,27.9,7,4,1,0
2023-01-06 08:00:00,69.63,26.9,8,4,1,0
2023-01-06 09:00:00,78.64,25.8,9,4,1,0
2023-01-06 10:00:00,80.93,24.8,10,4,1,0
2023-01-06 11:00:00,80.79,24.6,11,4,1,0
2023-01-06 12:00:00,81.24,22.8,12,4,1,0
2023-01-06 13:00:00,84.75,22.3,13,4,1,0
2023-01-06 14:00:00,85.42,22.1,14,4,1,0
2023-01-06 15:00:00,87.06,24.8,15,4,1,0
2023-01-06 16:00:00,81.11,24.0,16,4,1,0
2023-01-06 17:00:00,90.05,24.4,17,4,1,0
2023-01-06 18:00:00,94.23,24.2,18,4,1,0
2023-01-06 19:00:00,94.88,26.5,19,4,1,0
2023-01-06 20:00:00,97.75,26.9,20,4,1,0
2023-01-06 21:00:00,97.36,28.2,21,4,1,0
2023-01-06 22:00:00,86.23,28.2,22,4,1,0
2023-01-06 23:00:00,76.8,30.0,23,4,1,0
2023-01-07 00:00:00,48.55,30.1,0,5,1,1
2023-01-07 01:00:00,49.0,30.3,1,5,1,1
2023-01-07 02:00:00,50.49,31.6,2,5,1,1
2023-01-07 03:00:00,48.61,29.6,3,5,1,1
2023-01-07 04:00:00,51.59,30.9,4,5,1,1
2023-01-07 05:00:00,52.24,30.4,5,5,1,1
2023-01-07 06:00:00,55.33,28.3,6,5,1,1
2023-01-07 07:00:00,59.04,27.4,7,5,1,1
2023-01-07 08:00:00,67.64,26.8,8,5,1,1
2023-01-07 09:00:00,70.68,26.2,9,5,1,1
2023-01-07 10:00:00,74.8,24.9,10,5,1,1
2023-01-07 11:00:00,73.42,24.5,11,5,1,1
2023-01-07 12:00:00,73.67,24.9,12,5,1,1
2023-01-07 13:00:00,78.18,22.7,13,5,1,1
2023-01-07 14:00:00,77.37,21.6,14,5,1,1
2023-01-07 15:00:00,77.09,23.8,15,5,1,1
2023-01-07 16:00:00,74.91,24.9,16,5,1,1
2023-01-07 17:00:00,83.66,24.5,17,5,1,1
2023-01-07 18:00:00,83.02,24.1,18,5,1,1
2023-01-07 19:00:00,84.5,25.9,19,5,1,1
2023-01-07 20:00:00,85.81,26.1,20,5,1,1
2023-01-07 21:00:00,88.0,28.5,21,5,1,1
2023-01-07 22:00:00,75.26,27.9,22,5,1,1
2023-01-07 23:00:00,68.85,29.6,23,5,1,1
2023-01-08 00:00:00,46.78,29.7,0,6,1,1
2023-01-08 01:00:00,47.12,31.0,1,6,1,1
2023-01-08 02:00:00,49.09,30.7,2,6,1,1
2023-01-08 03:00:00,49.57,31.0,3,6,1,1
2023-01-08 04:00:00,50.13,30.5,4,6,1,1
2023-01-08 05:00:00,51.44,29.0,5,6,1,1
2023-01-08 06:00:00,53.51,29.5,6,6,1,1
2023-01-08 07:00:00,60.98,28.0,7,6,1,1
2023-01-08 08:00:00,64.49,26.2,8,6,1,1
2023-01-08 09:00:00,69.52,27.8,9,6,1,1
2023-01-08 10:00:00,70.02,25.4,10,6,1,1
2023-01-08 11:00:00,74.3,24.0,11,6,1,1
2023-01-08 12:00:00,73.76,24.7,12,6,1,1
2023-01-08 13:00:00,75.42,24.6,13,6,1,1
2023-01-08 14:00:00,77.06,22.9,14,6,1,1
2023-01-08 15:00:00,76.6,23.4,15,6,1,1
2023-01-08 16:00:00,73.59,22.7,16,6,1,1
2023-01-08 17:00:00,81.64,24.1,17,6,1,1
2023-01-08 18:00:00,85.51,24.8,18,6,1,1
2023-01-08 19:00:00,82.57,26.1,19,6,1,1
2023-01-08 20:00:00,84.7,27.3,20,6,1,1
2023-01-08 21:00:00,86.39,28.5,21,6,1,1
2023-01-08 22:00:00,76.85,29.2,22,6,1,1
2023-01-08 23:00:00,68.4,28.9,23,6,1,1
2023-01-09 00:00:00,49.79,29.7,0,0,1,0
2023-01-09 01:00:00,52.34,30.4,1,0,1,0
2023-01-09 02:00:00,54.2,30.8,2,0,1,0
2023-01-09 03:00:00,57.03,31.7,3,0,1,0
2023-01-09 04:00:00,56.06,29.5,4,0,1,0
2023-01-09 05:00:00,55.53,29.5,5,0,1,0
2023-01-09 06:00:00,64.11,29.8,6,0,1,0
2023-01-09 07:00:00,66.43,27.8,7,0,1,0
2023-01-09 08:00:00,73.55,27.4,8,0,1,0
2023-01-09 09:00:00,81.02,25.9,9,0,1,0
2023-01-09 10:00:00,79.9,25.2,10,0,1,0
2023-01-09 11:00:00,79.11,24.0,11,0,1,0
2023-01-09 12:00:00,82.44,24.1,12,0,1,0
2023-01-09 13:00:00,83.38,21.9,13,0,1,0
2023-01-09 14:00:00,84.97,22.7,14,0,1,0
2023-01-09 15:00:00,88.67,23.4,15,0,1,0
2023-01-09 16:00:00,83.41,24.0,16,0,1,0
2023-01-09 17:00:00,92.2,25.4,17,0,1,0
2023-01-09 18:00:00,91.66,24.7,18,0,1,0
2023-01-09 19:00:00,94.23,27.1,19,0,1,0
2023-01-09 20:00:00,97.73,26.5,20,0,1,0
2023-01-09 21:00:00,97.59,29.1,21,0,1,0
2023-01-09 22:00:00,86.92,29.7,22,0,1,0
2023-01-09 23:00:00,75.21,29.1,23,0,1,0
2023-01-10 00:00:00,52.34,30.7,0,1,1,0
2023-01-10 01:00:00,54.88,30.8,1,1,1,0
2023-01-10 02:00:00,54.18,31.5,2,1,1,0
2023-01-10 03:00:00,57.11,30.7,3,1,1,0
2023-01-10 04:00:00,56.85,30.2,4,1,1,0
2023-01-10 05:00:00,58.94,30.9,5,1,1,0
2023-01-10 06:00:00,61.3,28.9,6,1,1,0
2023-01-10 07:00:00,68.17,28.7,7,1,1,0
2023-01-10 08:00:00,70.99,26.8,8,1,1,0
2023-01-10 09:00:00,77.12,27.3,9,1,1,0
2023-01-10 10:00:00,80.86,24.5,10,1,1,0
2023-01-10 11:00:00,81.71,23.7,11,1,1,0
2023-01-10 12:00:00,82.06,24.8,12,1,1,0
2023-01-10 13:00:00,80.32,22.8,13,1,1,0
2023-01-10 14:00:00,84.7,24.3,14,1,1,0
2023-01-10 15:00:00,83.49,23.8,15,1,1,0
2023-01-10 16:00:00,86.23,23.4,16,1,1,0
2023-01-10 17:00:00,91.33,22.7,17,1,1,0
2023-01-10 18:00:00,92.1,25.0,18,1,1,0
2023-01-10 19:00:00,99.6,26.0,19,1,1,0
2023-01-10 20:00:00,98.27,27.9,20,1,1,0
2023-01-10 21:00:00,99.2,29.3,21,1,1,0
2023-01-10 22:00:00,90.11,28.5,22,1,1,0
2023-01-10 23:00:00,79.01,30.5,23,1,1,0
2023-01-11 00:00:00,51.78,31.1,0,2,1,0
2023-01-11 01:00:00,53.41,31.7,1,2,1,0
2023-01-11 02:00:00,55.93,31.4,2,2,1,0
2023-01-11 03:00:00,51.38,29.3,3,2,1,0
2023-01-11 04:00:00,55.65,30.3,4,2,1,0
2023-01-11 05:00:00,52.91,28.9,5,2,1,0
2023-01-11 06:00:00,61.05,28.8,6,2,1,0
2023-01-11 07:00:00,67.76,28.8,7,2,1,0
2023-01-11 08:00:00,72.78,27.2,8,2,1,0
2023-01-11 09:00:00,79.53,26.9,9,2,1,0
2023-01-11 10:00:00,82.69,25.3,10,2,1,0
2023-01-11 11:00:00,81.03,23.1,11,2,1,0
2023-01-11 12:00:00,86.73,21.5,12,2,1,0
2023-01-11 13:00:00,84.72,23.3,13,2,1,0
2023-01-11 14:00:00,86.97,22.8,14,2,1,0
2023-01-11 15:00:00,84.41,22.4,15,2,1,0
2023-01-11 16:00:00,88.07,22.2,16,2,1,0
2023-01-11 17:00:00,93.5,23.6,17,2,1,0
2023-01-11 18:00:00,95.86,24.8,18,2,1,0
2023-01-11 19:00:00,94.89,26.5,19,2,1,0
2023-01-11 20:00:00,94.03,27.2,20,2,1,0
2023-01-11 21:00:00,98.09,29.3,21,2,1,0
2023-01-11 22:00:00,83.64,28.2,22,2,1,0
2023-01-11 23:00:00,77.35,30.5,23,2,1,0
2023-01-12 00:00:00,51.98,30.5,0,3,1,0
2023-01-12 01:00:00,56.25,31.4,1,3,1,0
2023-01-12 02:00:00,54.44,30.7,2,3,1,0
2023-01-12 03:00:00,56.51,31.7,3,3,1,0
2023-01-12 04:00:00,56.14,30.7,4,3,1,0
2023-01-12 05:00:00,54.15,29.3,5,3,1,0
2023-01-12 06:00:00,61.04,29.0,6,3,1,0
2023-01-12 07:00:00,66.8,27.8,7,3,1,0
2023-01-12 08:00:00,71.05,27.4,8,3,1,0
2023-01-12 09:00:00,76.34,25.0,9,3,1,0
2023-01-12 10:00:00,78.95,25.0,10,3,1,0
2023-01-12 11:00:00,81.35,24.5,11,3,1,0
2023-01-12 12:00:00,81.57,23.6,12,3,1,0
2023-01-12 13:00:00,82.67,24.2,13,3,1,0
2023-01-12 14:00:00,85.89,23.6,14,3,1,0
2023-01-12 15:00:00,86.3,23.1,15,3,1,0
2023-01-12 16:00:00,85.62,23.7,16,3,1,0
2023-01-12 17:00:00,90.68,24.4,17,3,1,0
2023-01-12 18:00:00,94.29,25.3,18,3,1,0
2023-01-12 19:00:00,94.44,24.5,19,3,1,0
2023-01-12 20:00:00,94.15,26.8,20,3,1,0
2023-01-12 21:00:00,98.8,26.8,21,3,1,0
2023-01-12 22:00:00,88.25,30.0,22,3,1,0
2023-01-12 23:00:00,76.83,29.8,23,3,1,0
2023-01-13 00:00:00,50.05,30.3,0,4,1,0
2023-01-13 01:00:00,53.43,31.6,1,4,1,0
2023-01-13 02:00:00,56.86,31.3,2,4,1,0
2023-01-13 03:00:00,52.79,30.0,3,4,1,0
2023-01-13 04:00:00,55.59,30.4,4,4,1,0
2023-01-13 05:00:00,55.91,29.6,5,4,1,0
2023-01-13 06:00:00,61.31,27.6,6,4,1,0
2023-01-13 07:00:00,64.75,27.5,7,4,1,0
2023-01-13 08:00:00,72.64,26.9,8,4,1,0
2023-01-13 09:00:00,75.6,25.9,9,4,1,0
2023-01-13 10:00:00,79.84,23.8,10,4,1,0
2023-01-13 11:00:00,80.23,25.1,11,4,1,0
2023-01-13 12:00:00,80.92,23.5,12,4,1,0
2023-01-13 13:00:00,85.73,23.2,13,4,1,0
2023-01-13 14:00:00,85.03,23.3,14,4,1,0
2023-01-13 15:00:00,86.19,22.5,15,4,1,0
2023-01-13 16:00:00,86.25,23.9,16,4,1,0
2023-01-13 17:00:00,93.9,23.9,17,4,1,0
2023-01-13 18:00:00,91.07,24.3,18,4,1,0
2023-01-13 19:00:00,96.46,26.4,19,4,1,0
2023-01-13 20:00:00,96.38,28.2,20,4,1,0
2023-01-13 21:00:00,96.17,28.6,21,4,1,0
2023-01-13 22:00:00,85.39,29.7,22,4,1,0
2023-01-13 23:00:00,77.41,29.4,23,4,1,0
2023-01-14 00:00:00,44.35,29.2,0,5,1,1
2023-01-14 01:00:00,50.16,32.1,1,5,1,1
2023-01-14 02:00:00,53.12,32.6,2,5,1,1
2023-01-14 03:00:00,52.53,32.1,3,5,1,1
2023-01-14 04:00:00,51.64,30.2,4,5,1,1
2023-01-14 05:00:00,48.93,28.9,5,5,1,1
2023-01-14 06:00:00,55.74,28.1,6,5,1,1
2023-01-14 07:00:00,58.54,26.7,7,5,1,1
2023-01-14 08:00:00,64.83,26.9,8,5,1,1
2023-01-14 09:00:00,72.92,27.2,9,5,1,1
2023-01-14 10:00:00,70.79,24.9,10,5,1,1
2023-01-14 11:00:00,74.86,24.4,11,5,1,1
2023-01-14 12:00:00,75.67,24.6,12,5,1,1
2023-01-14 13:00:00,77.68,22.8,13,5,1,1
2023-01-14 14:00:00,74.8,24.6,14,5,1,1
2023-01-14 15:00:00,77.74,24.7,15,5,1,1
2023-01-14 16:00:00,76.62,23.4,16,5,1,1
2023-01-14 17:00:00,84.42,23.7,17,5,1,1
2023-01-14 18:00:00,80.94,25.6,18,5,1,1
2023-01-14 19:00:00,85.98,25.7,19,5,1,1
2023-01-14 20:00:00,87.14,26.1,20,5,1,1
2023-01-14 21:00:00,83.61,29.1,21,5,1,1
2023-01-14 22:00:00,77.54,30.0,22,5,1,1
2023-01-14 23:00:00,66.97,30.0,23,5,1,1
2023-01-15 00:00:00,44.9,29.5,0,6,1,1
2023-01-15 01:00:00,47.56,29.9,1,6,1,1
2023-01-15 02:00:00,49.59,31.1,2,6,1,1
2023-01-15 03:00:00,49.79,30.5,3,6,1,1
2023-01-15 04:00:00,49.11,30.2,4,6,1,1
2023-01-15 05:00:00,52.8,30.6,5,6,1,1
2023-01-15 06:00:00,55.54,29.6,6,6,1,1
2023-01-15 07:00:00,60.16,29.1,7,6,1,1
2023-01-15 08:00:00,66.46,26.2,8,6,1,1
2023-01-15 09:00:00,68.83,25.7,9,6,1,1
2023-01-15 10:00:00,72.07,25.6,10,6,1,1
2023-01-15 11:00:00,73.79,24.5,11,6,1,1
2023-01-15 12:00:00,73.2,24.8,12,6,1,1
2023-01-15 13:00:00,76.99,23.5,13,6,1,1
2023-01-15 14:00:00,77.66,24.5,14,6,1,1
2023-01-15 15:00:00,76.71,23.6,15,6,1,1
2023-01-15 16:00:00,76.66,24.4,16,6,1,1
2023-01-15 17:00:00,83.42,23.9,17,6,1,1
2023-01-15 18:00:00,85.32,25.0,18,6,1,1
2023-01-15 19:00:00,85.43,26.7,19,6,1,1
2023-01-15 20:00:00,88.79,28.3,20,6,1,1
2023-01-15 21:00:00,88.41,28.6,21,6,1,1
2023-01-15 22:00:00,74.84,28.9,22,6,1,1
2023-01-15 23:00:00,68.67,30.9,23,6,1,1
2023-01-16 00:00:00,51.13,28.7,0,0,1,0
2023-01-16 01:00:00,51.64,29.7,1,0,1,0
2023-01-16 02:00:00,55.25,31.5,2,0,1,0
2023-01-16 03:00:00,56.57,30.9,3,0,1,0
2023-01-16 04:00:00,56.44,30.9,4,0,1,0
2023-01-16 05:00:00,56.33,29.9,5,0,1,0
2023-01-16 06:00:00,60.52,29.5,6,0,1,0
2023-01-16 07:00:00,67.14,27.4,7,0,1,0
2023-01-16 08:00:00,73.21,27.5,8,0,1,0
2023-01-16 09:00:00,77.26,26.8,9,0,1,0
2023-01-16 10:00:00,78.28,26.0,10,0,1,0
2023-01-16 11:00:00,85.35,25.8,11,0,1,0
2023-01-16 12:00:00,82.14,23.7,12,0,1,0
2023-01-16 13:00:00,83.27,23.4,13,0,1,0
2023-01-16 14:00:00,86.58,21.8,14,0,1,0
2023-01-16 15:00:00,85.33,22.7,15,0,1,0
2023-01-16 16:00:00,83.64,23.4,16,0,1,0
2023-01-16 17:00:00,92.52,25.0,17,0,1,0
2023-01-16 18:00:00,91.7,24.5,18,0,1,0
2023-01-16 19:00:00,97.66,26.6,19,0,1,0
2023-01-16 20:00:00,97.27,27.0,20,0,1,0
2023-01-16 21:00:00,96.36,27.9,21,0,1,0
2023-01-16 22:00:00,86.88,29.2,22,0,1,0
2023-01-16 23:00:00,77.96,29.5,23,0,1,0
2023-01-17 00:00:00,51.5,30.1,0,1,1,0
2023-01-17 01:00:00,53.72,29.5,1,1,1,0
2023-01-17 02:00:00,55.38,30.8,2,1,1,0
2023-01-17 03:00:00,55.42,30.5,3,1,1,0
2023-01-17 04:00:00,54.51,30.1,4,1,1,0
2023-01-17 05:00:00,56.49,30.2,5,1,1,0
2023-01-17 06:00:00,62.1,29.5,6,1,1,0
2023-01-17 07:00:00,65.61,28.2,7,1,1,0
2023-01-17 08:00:00,74.19,27.8,8,1,1,0
2023-01-17 09:00:00,76.66,26.4,9,1,1,0
2023-01-17 10:00:00,78.71,24.8,10,1,1,0
2023-01-17 11:00:00,80.37,23.8,11,1,1,0
2023-01-17 12:00:00,83.47,23.8,12,1,1,0
2023-01-17 13:00:00,83.07,23.6,13,1,1,0
2023-01-17 14:00:00,82.46,24.1,14,1,1,0
2023-01-17 15:00:00,87.2,24.1,15,1,1,0
2023-01-17 16:00:00,84.69,23.1,16,1,1,0
2023-01-17 17:00:00,89.79,24.1,17,1,1,0
2023-01-17 18:00:00,91.88,25.5,18,1,1,0
2023-01-17 19:00:00,97.92,26.8,19,1,1,0
2023-01-17 20:00:00,95.14,27.8,20,1,1,0
2023-01-17 21:00:00,96.65,28.0,21,1,1,0
2023-01-17 22:00:00,85.72,28.0,22,1,1,0
2023-01-17 23:00:00,74.24,29.0,23,1,1,0
2023-01-18 00:00:00,51.33,30.7,0,2,1,0
2023-01-18 01:00:00,52.29,31.1,1,2,1,0
2023-01-18 02:00:00,54.36,30.1,2,2,1,0
2023-01-18 03:00:00,55.51,30.9,3,2,1,0
2023-01-18 04:00:00,59.15,31.0,4,2,1,0
2023-01-18 05:00:00,54.46,28.9,5,2,1,0
2023-01-18 06:00:00,61.01,29.9,6,2,1,0
2023-01-18 07:00:00,68.63,27.7,7,2,1,0
2023-01-18 08:00:00,73.87,28.0,8,2,1,0
2023-01-18 09:00:00,78.7,25.5,9,2,1,0
2023-01-18 10:00:00,77.98,24.2,10,2,1,0
2023-01-18 11:00:00,83.97,23.8,11,2,1,0
2023-01-18 12:00:00,82.18,23.5,12,2,1,0
2023-01-18 13:00:00,83.68,22.8,13,2,1,0
2023-01-18 14:00:00,87.29,22.8,14,2,1,0
2023-01-18 15:00:00,85.38,23.4,15,2,1,0
2023-01-18 16:00:00,83.5,23.4,16,2,1,0
2023-01-18 17:00:00,91.74,24.1,17,2,1,0
2023-01-18 18:00:00,91.83,23.6,18,2,1,0
2023-01-18 19:00:00,89.31,26.3,19,2,1,0
2023-01-18 20:00:00,94.72,26.9,20,2,1,0
2023-01-18 21:00:00,96.25,29.3,21,2,1,0
2023-01-18 22:00:00,84.54,28.2,22,2,1,0
2023-01-18 23:00:00,76.88,28.4,23,2,1,0
2023-01-19 00:00:00,51.65,31.0,0,3,1,0
2023-01-19 01:00:00,54.03,31.1,1,3,1,0
2023-01-19 02:00:00,52.29,30.2,2,3,1,0
2023-01-19 03:00:00,54.77,29.6,3,3,1,0
2023-01-19 04:00:00,56.08,31.7,4,3,1,0
2023-01-19 05:00:00,55.13,31.0,5,3,1,0
2023-01-19 06:00:00,62.39,27.0,6,3,1,0
2023-01-19 07:00:00,65.57,27.7,7,3,1,0
2023-01-19 08:00:00,74.84,28.3,8,3,1,0
2023-01-19 09:00:00,78.97,25.6,9,3,1,0
2023-01-19 10:00:00,80.9,24.6,10,3,1,0
2023-01-19 11:00:00,82.88,23.9,11,3,1,0
2023-01-19 12:00:00,82.47,22.6,12,3,1,0
2023-01-19 13:00:00,84.58,21.8,13,3,1,0
2023-01-19 14:00:00,87.52,23.8,14,3,1,0
2023-01-19 15:00:00,85.6,21.7,15,3,1,0
2023-01-19 16:00:00,84.22,23.7,16,3,1,0
2023-01-19 17:00:00,92.7,24.9,17,3,1,0
2023-01-19 18:00:00,89.45,23.8,18,3,1,0
2023-01-19 19:00:00,97.19,25.2,19,3,1,0
2023-01-19 20:00:00,98.83,28.0,20,3,1,0
2023-01-19 21:00:00,99.1,28.5,21,3,1,0
2023-01-19 22:00:00,88.38,28.5,22,3,1,0
2023-01-19 23:00:00,78.08,30.8,23,3,1,0
2023-01-20 00:00:00,52.78,31.4,0,4,1,0
2023-01-20 01:00:00,52.36,31.1,1,4,1,0
2023-01-20 02:00:00,55.39,30.3,2,4,1,0
2023-01-20 03:00:00,54.43,30.5,3,4,1,0
2023-01-20 04:00:00,56.56,30.7,4,4,1,0
2023-01-20 05:00:00,56.32,29.7,5,4,1,0
2023-01-20 06:00:00,60.33,29.8,6,4,1,0
2023-01-20 07:00:00,64.43,26.8,7,4,1,0
2023-01-20 08:00:00,72.4,25.8,8,4,1,0
2023-01-20 09:00:00,77.44,26.1,9,4,1,0
2023-01-20 10:00:00,79.55,24.6,10,4,1,0
2023-01-20 11:00:00,82.91,23.7,11,4,1,0
2023-01-20 12:00:00,82.65,22.1,12,4,1,0
2023-01-20 13:00:00,85.6,23.2,13,4,1,0
2023-01-20 14:00:00,86.15,23.0,14,4,1,0
2023-01-20 15:00:00,84.9,23.7,15,4,1,0
2023-01-20 16:00:00,83.77,23.6,16,4,1,0
2023-01-20 17:00:00,92.13,24.1,17,4,1,0
2023-01-20 18:00:00,93.38,25.9,18,4,1,0
2023-01-20 19:00:00,96.46,24.9,19,4,1,0
2023-01-20 20:00:00,96.08,27.4,20,4,1,0
2023-01-20 21:00:00,96.32,26.7,21,4,1,0
2023-01-20 22:00:00,86.08,28.3,22,4,1,0
2023-01-20 23:00:00,74.7,28.9,23,4,1,0
2023-01-21 00:00:00,48.91,31.1,0,5,1,1
2023-01-21 01:00:00,49.21,30.8,1,5,1,1
2023-01-21 02:00:00,48.06,31.0,2,5,1,1
2023-01-21 03:00:00,49.83,30.0,3,5,1,1
2023-01-21 04:00:00,48.27,30.2,4,5,1,1
2023-01-21 05:00:00,50.97,29.2,5,5,1,1
2023-01-21 06:00:00,54.39,29.3,6,5,1,1
2023-01-21 07:00:00,60.46,27.2,7,5,1,1
2023-01-21 08:00:00,62.47,28.1,8,5,1,1
2023-01-21 09:00:00,68.51,24.6,9,5,1,1
2023-01-21 10:00:00,72.44,24.4,10,5,1,1
2023-01-21 11:00:00,72.03,25.5,11,5,1,1
2023-01-21 12:00:00,72.74,23.2,12,5,1,1
2023-01-21 13:00:00,78.2,22.1,13,5,1,1
2023-01-21 14:00:00,80.5,23.2,14,5,1,1
2023-01-21 15:00:00,78.41,22.8,15,5,1,1
2023-01-21 16:00:00,75.08,22.9,16,5,1,1
2023-01-21 17:00:00,85.6,23.3,17,5,1,1
2023-01-21 18:00:00,81.11,27.2,18,5,1,1
2023-01-21 19:00:00,84.76,25.8,19,5,1,1
2023-01-21 20:00:00,86.82,25.5,20,5,1,1
2023-01-21 21:00:00,91.01,29.2,21,5,1,1
2023-01-21 22:00:00,79.93,29.5,22,5,1,1
2023-01-21 23:00:00,68.0,29.2,23,5,1,1
2023-01-22 00:00:00,44.93,29.7,0,6,1,1
2023-01-22 01:00:00,49.8,31.4,1,6,1,1
2023-01-22 02:00:00,48.5,30.8,2,6,1,1
2023-01-22 03:00:00,48.39,29.3,3,6,1,1
2023-01-22 04:00:00,50.81,31.9,4,6,1,1
2023-01-22 05:00:00,50.89,29.5,5,6,1,1
2023-01-22 06:00:00,56.86,30.2,6,6,1,1
2023-01-22 07:00:00,58.53,29.1,7,6,1,1
2023-01-22 08:00:00,66.59,26.2,8,6,1,1
2023-01-22 09:00:00,71.14,26.8,9,6,1,1
2023-01-22 10:00:00,72.85,24.5,10,6,1,1
2023-01-22 11:00:00,72.53,22.7,11,6,1,1
2023-01-22 12:00:00,74.35,23.2,12,6,1,1
2023-01-22 13:00:00,76.04,23.5,13,6,1,1
2023-01-22 14:00:00,76.63,22.6,14,6,1,1
2023-01-22 15:00:00,77.15,22.9,15,6,1,1
2023-01-22 16:00:00,78.94,24.5,16,6,1,1
2023-01-22 17:00:00,84.39,24.3,17,6,1,1
2023-01-22 18:00:00,81.79,24.3,18,6,1,1
2023-01-22 19:00:00,87.11,26.5,19,6,1,1
2023-01-22 20:00:00,88.92,27.2,20,6,1,1
2023-01-22 21:00:00,86.91,26.0,21,6,1,1
2023-01-22 22:00:00,79.02,29.3,22,6,1,1
2023-01-22 23:00:00,70.48,30.1,23,6,1,1
2023-01-23 00:00:00,50.98,30.5,0,0,1,0
2023-01-23 01:00:00,53.79,31.6,1,0,1,0
2023-01-23 02:00:00,54.63,30.5,2,0,1,0
2023-01-23 03:00:00,55.14,31.1,3,0,1,0
2023-01-23 04:00:00,55.42,29.2,4,0,1,0
2023-01-23 05:00:00,58.03,30.2,5,0,1,0
2023-01-23 06:00:00,64.2,30.6,6,0,1,0
2023-01-23 07:00:00,69.2,27.2,7,0,1,0
2023-01-23 08:00:00,72.27,26.4,8,0,1,0
2023-01-23 09:00:00,78.39,25.4,9,0,1,0
2023-01-23 10:00:00,80.18,25.1,10,0,1,0
2023-01-23 11:00:00,81.16,23.3,11,0,1,0
2023-01-23 12:00:00,83.15,23.9,12,0,1,0
2023-01-23 13:00:00,81.6,23.8,13,0,1,0
2023-01-23 14:00:00,85.75,23.4,14,0,1,0
2023-01-23 15:00:00,83.16,21.7,15,0,1,0
2023-01-23 16:00:00,83.84,24.3,16,0,1,0
2023-01-23 17:00:00,92.96,24.9,17,0,1,0
2023-01-23 18:00:00,92.87,25.7,18,0,1,0
2023-01-23 19:00:00,96.06,26.3,19,0,1,0
2023-01-23 20:00:00,95.95,27.2,20,0,1,0
2023-01-23 21:00:00,98.93,28.9,21,0,1,0
2023-01-23 22:00:00,87.86,30.5,22,0,1,0
2023-01-23 23:00:00,73.31,29.1,23,0,1,0
2023-01-24 00:00:00,52.98,31.3,0,1,1,0
2023-01-24 01:00:00,51.08,30.8,1,1,1,0
2023-01-24 02:00:00,52.91,30.9,2,1,1,0
2023-01-24 03:00:00,52.94,29.6,3,1,1,0
2023-01-24 04:00:00,54.56,30.2,4,1,1,0
2023-01-24 05:00:00,54.63,29.0,5,1,1,0
2023-01-24 06:00:00,59.72,28.6,6,1,1,0
2023-01-24 07:00:00,64.87,27.2,7,1,1,0
2023-01-24 08:00:00,74.54,26.6,8,1,1,0
2023-01-24 09:00:00,77.11,25.6,9,1,1,0
2023-01-24 10:00:00,76.27,25.1,10,1,1,0
2023-01-24 11:00:00,80.69,22.9,11,1,1,0
2023-01-24 12:00:00,80.51,22.4,12,1,1,0
2023-01-24 13:00:00,82.94,23.4,13,1,1,0
2023-01-24 14:00:00,86.58,22.4,14,1,1,0
2023-01-24 15:00:00,84.68,24.0,15,1,1,0
2023-01-24 16:00:00,83.53,23.7,16,1,1,0
2023-01-24 17:00:00,92.45,24.7,17,1,1,0
2023-01-24 18:00:00,95.29,26.1,18,1,1,0
2023-01-24 19:00:00,95.77,25.7,19,1,1,0
2023-01-24 20:00:00,91.82,26.5,20,1,1,0
2023-01-24 21:00:00,94.8,28.7,21,1,1,0
2023-01-24 22:00:00,87.02,29.4,22,1,1,0
2023-01-24 23:00:00,76.52,29.7,23,1,1,0
2023-01-25 00:00:00,52.81,31.6,0,2,1,0
2023-01-25 01:00:00,52.12,30.7,1,2,1,0
2023-01-25 02:00:00,53.08,31.0,2,2,1,0
2023-01-25 03:00:00,57.45,30.9,3,2,1,0
2023-01-25 04:00:00,55.03,29.7,4,2,1,0
2023-01-25 05:00:00,56.97,29.9,5,2,1,0
2023-01-25 06:00:00,62.26,30.1,6,2,1,0
2023-01-25 07:00:00,66.73,28.4,7,2,1,0
2023-01-25 08:00:00,72.31,27.0,8,2,1,0
2023-01-25 09:00:00,76.44,25.8,9,2,1,0
2023-01-25 10:00:00,77.37,25.3,10,2,1,0
2023-01-25 11:00:00,81.85,24.8,11,2,1,0
2023-01-25 12:00:00,82.59,24.0,12,2,1,0
2023-01-25 13:00:00,85.9,22.9,13,2,1,0
2023-01-25 14:00:00,86.62,23.3,14,2,1,0
2023-01-25 15:00:00,84.09,23.5,15,2,1,0
2023-01-25 16:00:00,87.27,22.7,16,2,1,0
2023-01-25 17:00:00,93.01,24.3,17,2,1,0
2023-01-25 18:00:00,94.47,23.3,18,2,1,0
2023-01-25 19:00:00,98.89,26.4,19,2,1,0
2023-01-25 20:00:00,100.14,27.5,20,2,1,0
2023-01-25 21:00:00,98.16,28.6,21,2,1,0
2023-01-25 22:00:00,87.4,28.7,22,2,1,0
2023-01-25 23:00:00,78.94,30.1,23,2,1,0
2023-01-26 00:00:00,52.56,31.6,0,3,1,0
2023-01-26 01:00:00,54.08,32.0,1,3,1,0
2023-01-26 02:00:00,55.16,31.0,2,3,1,0
2023-01-26 03:00:00,54.65,31.0,3,3,1,0
2023-01-26 04:00:00,57.66,31.4,4,3,1,0
2023-01-26 05:00:00,55.37,28.6,5,3,1,0
2023-01-26 06:00:00,59.94,28.7,6,3,1,0
2023-01-26 07:00:00,66.82,29.1,7,3,1,0
2023-01-26 08:00:00,74.21,27.8,8,3,1,0
2023-01-26 09:00:00,78.25,26.3,9,3,1,0
2023-01-26 10:00:00,79.82,23.8,10,3,1,0
2023-01-26 11:00:00,81.76,24.1,11,3,1,0
2023-01-26 12:00:00,83.02,23.1,12,3,1,0
2023-01-26 13:00:00,83.84,23.4,13,3,1,0
2023-01-26 14:00:00,85.99,22.4,14,3,1,0
2023-01-26 15:00:00,83.7,22.3,15,3,1,0
2023-01-26 16:00:00,84.11,21.9,16,3,1,0
2023-01-26 17:00:00,90.49,25.1,17,3,1,0
2023-01-26 18:00:00,94.07,24.7,18,3,1,0
2023-01-26 19:00:00,95.08,26.1,19,3,1,0
2023-01-26 20:00:00,96.11,27.0,20,3,1,0
2023-01-26 21:00:00,98.16,27.2,21,3,1,0
2023-01-26 22:00:00,87.09,28.0,22,3,1,0
2023-01-26 23:00:00,75.62,29.0,23,3,1,0
2023-01-27 00:00:00,50.09,29.9,0,4,1,0
2023-01-27 01:00:00,52.88,31.2,1,4,1,0
2023-01-27 02:00:00,52.3,30.4,2,4,1,0
2023-01-27 03:00:00,57.23,32.3,3,4,1,0
2023-01-27 04:00:00,56.03,31.3,4,4,1,0
2023-01-27 05:00:00,56.48,30.5,5,4,1,0
2023-01-27 06:00:00,60.79,28.9,6,4,1,0
2023-01-27 07:00:00,68.24,29.2,7,4,1,0
2023-01-27 08:00:00,73.69,26.8,8,4,1,0
2023-01-27 09:00:00,78.04,25.9,9,4,1,0
2023-01-27 10:00:00,81.62,25.1,10,4,1,0
2023-01-27 11:00:00,78.11,24.7,11,4,1,0
2023-01-27 12:00:00,85.26,24.0,12,4,1,0
2023-01-27 13:00:00,85.5,22.8,13,4,1,0
2023-01-27 14:00:00,85.59,22.6,14,4,1,0
2023-01-27 15:00:00,83.95,23.6,15,4,1,0
2023-01-27 16:00:00,84.7,24.1,16,4,1,0
2023-01-27 17:00:00,92.74,23.9,17,4,1,0
2023-01-27 18:00:00,94.36,23.7,18,4,1,0
2023-01-27 19:00:00,96.01,25.8,19,4,1,0
2023-01-27 20:00:00,95.01,27.5,20,4,1,0
2023-01-27 21:00:00,95.75,29.5,21,4,1,0
2023-01-27 22:00:00,86.78,28.0,22,4,1,0
2023-01-27 23:00:00,77.77,29.5,23,4,1,0
2023-01-28 00:00:00,46.44,30.2,0,5,1,1
2023-01-28 01:00:00,50.87,31.9,1,5,1,1
2023-01-28 02:00:00,49.31,31.0,2,5,1,1
2023-01-28 03:00:00,49.13,30.1,3,5,1,1
2023-01-28 04:00:00,51.73,30.9,4,5,1,1
2023-01-28 05:00:00,51.58,29.5,5,5,1,1
2023-01-28 06:00:00,53.27,28.0,6,5,1,1
2023-01-28 07:00:00,58.57,27.3,7,5,1,1
2023-01-28 08:00:00,64.72,28.4,8,5,1,1
2023-01-28 09:00:00,75.05,26.3,9,5,1,1
2023-01-28 10:00:00,71.32,25.1,10,5,1,1
2023-01-28 11:00:00,72.94,24.0,11,5,1,1
2023-01-28 12:00:00,75.04,23.8,12,5,1,1
2023-01-28 13:00:00,77.52,23.4,13,5,1,1
2023-01-28 14:00:00,77.15,23.2,14,5,1,1
2023-01-28 15:00:00,78.78,23.2,15,5,1,1
2023-01-28 16:00:00,74.92,24.2,16,5,1,1
2023-01-28 17:00:00,81.15,24.2,17,5,1,1
2023-01-28 18:00:00,85.99,24.2,18,5,1,1
2023-01-28 19:00:00,85.33,25.5,19,5,1,1
2023-01-28 20:00:00,84.38,25.4,20,5,1,1
2023-01-28 21:00:00,85.57,29.7,21,5,1,1
2023-01-28 22:00:00,77.31,29.7,22,5,1,1
2023-01-28 23:00:00,68.68,29.2,23,5,1,1
2023-01-29 00:00:00,46.89,30.2,0,6,1,1
2023-01-29 01:00:00,47.3,30.4,1,6,1,1
2023-01-29 02:00:00,51.1,32.2,2,6,1,1
2023-01-29 03:00:00,48.21,29.7,3,6,1,1
2023-01-29 04:00:00,51.94,30.6,4,6,1,1
2023-01-29 05:00:00,53.23,29.7,5,6,1,1
2023-01-29 06:00:00,55.22,29.7,6,6,1,1
2023-01-29 07:00:00,60.61,28.0,7,6,1,1
2023-01-29 08:00:00,65.71,25.6,8,6,1,1
2023-01-29 09:00:00,70.52,25.8,9,6,1,1
2023-01-29 10:00:00,72.72,24.2,10,6,1,1
2023-01-29 11:00:00,73.87,24.2,11,6,1,1
2023-01-29 12:00:00,73.32,24.7,12,6,1,1
2023-01-29 13:00:00,78.07,21.7,13,6,1,1
2023-01-29 14:00:00,77.21,22.4,14,6,1,1
2023-01-29 15:00:00,76.24,22.7,15,6,1,1
2023-01-29 16:00:00,80.88,23.2,16,6,1,1
2023-01-29 17:00:00,82.3,24.8,17,6,1,1
2023-01-29 18:00:00,84.36,24.9,18,6,1,1
2023-01-29 19:00:00,85.63,26.3,19,6,1,1
2023-01-29 20:00:00,86.48,26.5,20,6,1,1
2023-01-29 21:00:00,88.02,28.2,21,6,1,1
2023-01-29 22:00:00,77.13,29.6,22,6,1,1
2023-01-29 23:00:00,69.55,29.2,23,6,1,1
2023-01-30 00:00:00,50.83,31.1,0,0,1,0
2023-01-30 01:00:00,52.05,30.9,1,0,1,0
2023-01-30 02:00:00,57.27,31.8,2,0,1,0
2023-01-30 03:00:00,53.88,30.7,3,0,1,0
2023-01-30 04:00:00,54.29,30.8,4,0,1,0
2023-01-30 05:00:00,54.86,29.8,5,0,1,0
2023-01-30 06:00:00,62.97,28.9,6,0,1,0
2023-01-30 07:00:00,64.37,28.2,7,0,1,0
2023-01-30 08:00:00,71.07,27.4,8,0,1,0
2023-01-30 09:00:00,75.94,25.0,9,0,1,0
2023-01-30 10:00:00,79.27,26.1,10,0,1,0
2023-01-30 11:00:00,80.57,22.7,11,0,1,0
2023-01-30 12:00:00,81.53,23.0,12,0,1,0
2023-01-30 13:00:00,87.38,23.1,13,0,1,0
2023-01-30 14:00:00,83.45,23.3,14,0,1,0
2023-01-30 15:00:00,85.25,24.4,15,0,1,0
2023-01-30 16:00:00,85.97,22.0,16,0,1,0
2023-01-30 17:00:00,89.94,23.8,17,0,1,0
2023-01-30 18:00:00,94.1,23.3,18,0,1,0
2023-01-30 19:00:00,94.06,26.0,19,0,1,0
2023-01-30 20:00:00,97.05,27.2,20,0,1,0
2023-01-30 21:00:00,97.03,29.3,21,0,1,0
2023-01-30 22:00:00,83.17,29.1,22,0,1,0
2023-01-30 23:00:00,79.99,30.7,23,0,1,0
2023-01-31 00:00:00,54.27,30.9,0,1,1,0
2023-01-31 01:00:00,52.67,30.5,1,1,1,0
2023-01-31 02:00:00,52.27,29.9,2,1,1,0
2023-01-31 03:00:00,57.18,31.1,3,1,1,0
2023-01-31 04:00:00,56.49,29.3,4,1,1,0
2023-01-31 05:00:00,57.31,30.9,5,1,1,0
2023-01-31 06:00:00,60.68,28.9,6,1,1,0
2023-01-31 07:00:00,66.56,29.0,7,1,1,0
2023-01-31 08:00:00,70.07,26.6,8,1,1,0
2023-01-31 09:00:00,77.69,26.2,9,1,1,0
2023-01-31 10:00:00,82.31,25.2,10,1,1,0
2023-01-31 11:00:00,80.99,24.1,11,1,1,0
2023-01-31 12:00:00,80.65,23.2,12,1,1,0
2023-01-31 13:00:00,85.18,23.5,13,1,1,0
2023-01-31 14:00:00,84.32,22.3,14,1,1,0
2023-01-31 15:00:00,85.31,22.2,15,1,1,0
2023-01-31 16:00:00,83.34,24.5,16,1,1,0
2023-01-31 17:00:00,89.84,24.8,17,1,1,0
2023-01-31 18:00:00,94.55,25.1,18,1,1,0
2023-01-31 19:00:00,95.0,27.3,19,1,1,0
2023-01-31 20:00:00,94.92,26.8,20,1,1,0
2023-01-31 21:00:00,97.22,29.1,21,1,1,0
2023-01-31 22:00:00,85.57,29.1,22,1,1,0
2023-01-31 23:00:00,74.9,29.0,23,1,1,0
2023-02-01 00:00:00,54.04,32.2,0,2,2,0
2023-02-01 01:00:00,54.35,31.9,1,2,2,0
2023-02-01 02:00:00,53.74,31.2,2,2,2,0
2023-02-01 03:00:00,55.53,31.7,3,2,2,0
2023-02-01 04:00:00,54.84,30.4,4,2,2,0
2023-02-01 05:00:00,56.87,30.8,5,2,2,0
2023-02-01 06:00:00,58.88,27.4,6,2,2,0
2023-02-01 07:00:00,66.54,27.5,7,2,2,0
2023-02-01 08:00:00,71.55,28.1,8,2,2,0
2023-02-01 09:00:00,76.29,26.0,9,2,2,0
2023-02-01 10:00:00,77.47,25.4,10,2,2,0
2023-02-01 11:00:00,81.06,23.4,11,2,2,0
2023-02-01 12:00:00,80.54,25.3,12,2,2,0
2023-02-01 13:00:00,81.69,24.4,13,2,2,0
2023-02-01 14:00:00,83.21,23.1,14,2,2,0
2023-02-01 15:00:00,85.1,23.1,15,2,2,0
2023-02-01 16:00:00,81.2,24.6,16,2,2,0
2023-02-01 17:00:00,89.35,26.0,17,2,2,0
2023-02-01 18:00:00,93.43,26.0,18,2,2,0
2023-02-01 19:00:00,92.74,28.0,19,2,2,0
2023-02-01 20:00:00,95.08,26.5,20,2,2,0
2023-02-01 21:00:00,97.11,27.6,21,2,2,0
2023-02-01 22:00:00,86.35,28.3,22,2,2,0
2023-02-01 23:00:00,75.68,30.4,23,2,2,0
2023-02-02 00:00:00,51.23,30.9,0,3,2,0
2023-02-02 01:00:00,53.39,31.0,1,3,2,0
2023-02-02 02:00:00,55.54,31.9,2,3,2,0
2023-02-02 03:00:00,55.78,32.1,3,3,2,0
2023-02-02 04:00:00,53.71,29.5,4,3,2,0
2023-02-02 05:00:00,55.19,29.6,5,3,2,0
2023-02-02 06:00:00,62.49,29.9,6,3,2,0
2023-02-02 07:00:00,66.8,27.9,7,3,2,0
2023-02-02 08:00:00,72.03,26.6,8,3,2,0
2023-02-02 09:00:00,75.07,27.0,9,3,2,0
2023-02-02 10:00:00,77.8,24.2,10,3,2,0
2023-02-02 11:00:00,79.41,24.2,11,3,2,0
2023-02-02 12:00:00,83.02,24.1,12,3,2,0
2023-02-02 13:00:00,82.43,22.9,13,3,2,0
2023-02-02 14:00:00,85.9,23.9,14,3,2,0
2023-02-02 15:00:00,82.91,22.9,15,3,2,0
2023-02-02 16:00:00,83.04,24.9,16,3,2,0
2023-02-02 17:00:00,90.82,24.3,17,3,2,0
2023-02-02 18:00:00,94.32,25.8,18,3,2,0
2023-02-02 19:00:00,92.66,26.8,19,3,2,0
2023-02-02 20:00:00,89.84,26.8,20,3,2,0
2023-02-02 21:00:00,92.18,26.7,21,3,2,0
2023-02-02 22:00:00,86.08,29.6,22,3,2,0
2023-02-02 23:00:00,73.93,30.2,23,3,2,0
2023-02-03 00:00:00,50.89,31.2,0,4,2,0
2023-02-03 01:00:00,52.51,31.0,1,4,2,0
2023-02-03 02:00:00,50.95,30.9,2,4,2,0
2023-02-03 03:00:00,56.2,32.7,3,4,2,0
2023-02-03 04:00:00,52.68,29.6,4,4,2,0
2023-02-03 05:00:00,54.64,30.7,5,4,2,0
2023-02-03 06:00:00,58.88,28.8,6,4,2,0
2023-02-03 07:00:00,64.07,28.0,7,4,2,0
2023-02-03 08:00:00,71.71,27.0,8,4,2,0
2023-02-03 09:00:00,78.48,25.6,9,4,2,0
2023-02-03 10:00:00,77.66,25.7,10,4,2,0
2023-02-03 11:00:00,78.82,25.6,11,4,2,0
2023-02-03 12:00:00,80.12,24.2,12,4,2,0
2023-02-03 13:00:00,81.02,23.5,13,4,2,0
2023-02-03 14:00:00,81.73,22.5,14,4,2,0
2023-02-03 15:00:00,81.14,23.8,15,4,2,0
2023-02-03 16:00:00,81.66,25.5,16,4,2,0
2023-02-03 17:00:00,92.85,24.1,17,4,2,0
2023-02-03 18:00:00,90.27,25.0,18,4,2,0
2023-02-03 19:00:00,87.69,25.8,19,4,2,0
2023-02-03 20:00:00,93.49,26.9,20,4,2,0
2023-02-03 21:00:00,92.13,26.1,21,4,2,0
2023-02-03 22:00:00,85.68,29.6,22,4,2,0
2023-02-03 23:00:00,75.05,29.4,23,4,2,0
2023-02-04 00:00:00,44.7,29.4,0,5,2,1
2023-02-04 01:00:00,48.29,31.7,1,5,2,1
2023-02-04 02:00:00,47.32,30.4,2,5,2,1
2023-02-04 03:00:00,47.73,30.9,3,5,2,1
2023-02-04 04:00:00,51.25,31.9,4,5,2,1
2023-02-04 05:00:00,49.85,29.0,5,5,2,1
2023-02-04 06:00:00,55.95,28.0,6,5,2,1
2023-02-04 07:00:00,58.59,28.5,7,5,2,1
2023-02-04 08:00:00,63.78,28.2,8,5,2,1
2023-02-04 09:00:00,69.77,25.0,9,5,2,1
2023-02-04 10:00:00,72.68,25.6,10,5,2,1
2023-02-04 11:00:00,71.02,24.9,11,5,2,1
2023-02-04 12:00:00,73.79,22.2,12,5,2,1
2023-02-04 13:00:00,73.2,24.0,13,5,2,1
2023-02-04 14:00:00,76.0,24.0,14,5,2,1
2023-02-04 15:00:00,77.05,23.2,15,5,2,1
2023-02-04 16:00:00,73.34,24.8,16,5,2,1
2023-02-04 17:00:00,80.06,25.3,17,5,2,1
2023-02-04 18:00:00,84.07,25.4,18,5,2,1
2023-02-04 19:00:00,84.86,25.9,19,5,2,1
2023-02-04 20:00:00,87.04,26.5,20,5,2,1
2023-02-04 21:00:00,87.16,28.3,21,5,2,1
2023-02-04 22:00:00,76.65,29.7,22,5,2,1
2023-02-04 23:00:00,71.35,29.8,23,5,2,1
2023-02-05 00:00:00,44.3,29.0,0,6,2,1
2023-02-05 01:00:00,45.82,32.1,1,6,2,1
2023-02-05 02:00:00,48.61,31.4,2,6,2,1
2023-02-05 03:00:00,48.61,30.8,3,6,2,1
2023-02-05 04:00:00,51.56,31.4,4,6,2,1
2023-02-05 05:00:00,51.05,31.3,5,6,2,1
2023-02-05 06:00:00,55.12,27.0,6,6,2,1
2023-02-05 07:00:00,59.61,28.7,7,6,2,1
2023-02-05 08:00:00,62.57,26.1,8,6,2,1
2023-02-05 09:00:00,68.81,26.6,9,6,2,1
2023-02-05 10:00:00,69.21,25.4,10,6,2,1
2023-02-05 11:00:00,72.07,24.9,11,6,2,1
2023-02-05 12:00:00,71.46,23.4,12,6,2,1
2023-02-05 13:00:00,74.66,21.9,13,6,2,1
2023-02-05 14:00:00,75.01,22.9,14,6,2,1
2023-02-05 15:00:00,75.21,23.7,15,6,2,1
2023-02-05 16:00:00,78.82,24.6,16,6,2,1
2023-02-05 17:00:00,80.34,23.5,17,6,2,1
2023-02-05 18:00:00,78.9,26.1,18,6,2,1
2023-02-05 19:00:00,85.59,25.7,19,6,2,1
2023-02-05 20:00:00,86.99,27.6,20,6,2,1
2023-02-05 21:00:00,81.9,27.9,21,6,2,1
2023-02-05 22:00:00,75.69,29.4,22,6,2,1
2023-02-05 23:00:00,69.97,30.8,23,6,2,1
2023-02-06 00:00:00,50.54,29.8,0,0,2,0
2023-02-06 01:00:00,52.02,30.6,1,0,2,0
2023-02-06 02:00:00,54.02,31.4,2,0,2,0
2023-02-06 03:00:00,56.11,33.1,3,0,2,0
2023-02-06 04:00:00,51.87,30.0,4,0,2,0
2023-02-06 05:00:00,59.6,31.7,5,0,2,0
2023-02-06 06:00:00,60.96,30.9,6,0,2,0
2023-02-06 07:00:00,65.66,28.2,7,0,2,0
2023-02-06 08:00:00,70.84,27.0,8,0,2,0
2023-02-06 09:00:00,78.03,25.7,9,0,2,0
2023-02-06 10:00:00,78.39,25.2,10,0,2,0
2023-02-06 11:00:00,79.99,23.3,11,0,2,0
2023-02-06 12:00:00,76.61,23.7,12,0,2,0
2023-02-06 13:00:00,81.47,24.6,13,0,2,0
2023-02-06 14:00:00,85.06,22.8,14,0,2,0
2023-02-06 15:00:00,84.92,23.2,15,0,2,0
2023-02-06 16:00:00,82.28,22.4,16,0,2,0
2023-02-06 17:00:00,87.2,24.7,17,0,2,0
2023-02-06 18:00:00,91.74,25.5,18,0,2,0
2023-02-06 19:00:00,87.75,26.3,19,0,2,0
2023-02-06 20:00:00,92.45,27.1,20,0,2,0
2023-02-06 21:00:00,98.36,28.1,21,0,2,0
2023-02-06 22:00:00,88.1,29.7,22,0,2,0
2023-02-06 23:00:00,76.67,30.1,23,0,2,0
2023-02-07 00:00:00,51.77,31.0,0,1,2,0
2023-02-07 01:00:00,50.95,31.3,1,1,2,0
2023-02-07 02:00:00,54.22,32.2,2,1,2,0
2023-02-07 03:00:00,55.08,31.7,3,1,2,0
2023-02-07 04:00:00,54.7,30.9,4,1,2,0
2023-02-07 05:00:00,56.58,31.3,5,1,2,0
2023-02-07 06:00:00,62.05,29.6,6,1,2,0
2023-02-07 07:00:00,65.1,29.3,7,1,2,0
2023-02-07 08:00:00,70.59,27.8,8,1,2,0
2023-02-07 09:00:00,77.79,24.8,9,1,2,0
2023-02-07 10:00:00,76.05,26.3,10,1,2,0
2023-02-07 11:00:00,78.44,24.5,11,1,2,0
2023-02-07 12:00:00,79.61,23.8,12,1,2,0
2023-02-07 13:00:00,82.91,23.6,13,1,2,0
2023-02-07 14:00:00,83.28,23.0,14,1,2,0
2023-02-07 15:00:00,83.33,23.6,15,1,2,0
2023-02-07 16:00:00,82.75,23.3,16,1,2,0
2023-02-07 17:00:00,88.09,25.5,17,1,2,0
2023-02-07 18:00:00,92.6,25.2,18,1,2,0
2023-02-07 19:00:00,92.43,25.9,19,1,2,0
2023-02-07 20:00:00,95.72,26.5,20,1,2,0
2023-02-07 21:00:00,93.02,28.5,21,1,2,0
2023-02-07 22:00:00,84.24,29.4,22,1,2,0
2023-02-07 23:00:00,76.0,30.4,23,1,2,0
2023-02-08 00:00:00,50.04,29.9,0,2,2,0
2023-02-08 01:00:00,51.92,29.9,1,2,2,0
2023-02-08 02:00:00,54.05,31.8,2,2,2,0
2023-02-08 03:00:00,56.87,32.3,3,2,2,0
2023-02-08 04:00:00,54.64,29.9,4,2,2,0
2023-02-08 05:00:00,56.96,31.4,5,2,2,0
2023-02-08 06:00:00,59.3,29.5,6,2,2,0
2023-02-08 07:00:00,66.41,28.3,7,2,2,0
2023-02-08 08:00:00,69.77,26.9,8,2,2,0
2023-02-08 09:00:00,76.65,25.1,9,2,2,0
2023-02-08 10:00:00,78.14,26.1,10,2,2,0
2023-02-08 11:00:00,79.43,23.8,11,2,2,0
2023-02-08 12:00:00,80.16,23.2,12,2,2,0
2023-02-08 13:00:00,81.49,24.2,13,2,2,0
2023-02-08 14:00:00,81.19,21.8,14,2,2,0
2023-02-08 15:00:00,86.14,22.2,15,2,2,0
2023-02-08 16:00:00,83.04,23.8,16,2,2,0
2023-02-08 17:00:00,89.75,24.7,17,2,2,0
2023-02-08 18:00:00,91.27,25.7,18,2,2,0
2023-02-08 19:00:00,95.04,26.0,19,2,2,0
2023-02-08 20:00:00,98.51,29.3,20,2,2,0
2023-02-08 21:00:00,95.39,28.1,21,2,2,0
2023-02-08 22:00:00,84.72,29.1,22,2,2,0
2023-02-08 23:00:00,73.6,29.5,23,2,2,0
2023-02-09 00:00:00,49.85,30.8,0,3,2,0
2023-02-09 01:00:00,51.48,31.6,1,3,2,0
2023-02-09 02:00:00,54.17,32.2,2,3,2,0
2023-02-09 03:00:00,51.09,29.9,3,3,2,0
2023-02-09 04:00:00,56.09,30.5,4,3,2,0
2023-02-09 05:00:00,56.44,30.5,5,3,2,0
2023-02-09 06:00:00,60.36,29.7,6,3,2,0
2023-02-09 07:00:00,66.86,28.3,7,3,2,0
2023-02-09 08:00:00,69.57,27.7,8,3,2,0
2023-02-09 09:00:00,75.46,25.6,9,3,2,0
2023-02-09 10:00:00,75.26,26.5,10,3,2,0
2023-02-09 11:00:00,80.96,25.2,11,3,2,0
2023-02-09 12:00:00,79.49,22.7,12,3,2,0
2023-02-09 13:00:00,82.85,22.5,13,3,2,0
2023-02-09 14:00:00,85.49,22.4,14,3,2,0
2023-02-09 15:00:00,86.09,23.9,15,3,2,0
2023-02-09 16:00:00,83.79,22.8,16,3,2,0
2023-02-09 17:00:00,90.65,24.2,17,3,2,0
2023-02-09 18:00:00,89.89,25.6,18,3,2,0
2023-02-09 19:00:00,96.11,26.2,19,3,2,0
2023-02-09 20:00:00,94.27,27.5,20,3,2,0
2023-02-09 21:00:00,95.24,27.5,21,3,2,0
2023-02-09 22:00:00,85.03,29.7,22,3,2,0
2023-02-09 23:00:00,77.11,29.6,23,3,2,0
2023-02-10 00:00:00,51.07,30.5,0,4,2,0
2023-02-10 01:00:00,53.61,31.3,1,4,2,0
2023-02-10 02:00:00,54.36,31.4,2,4,2,0
2023-02-10 03:00:00,54.56,31.2,3,4,2,0
2023-02-10 04:00:00,55.45,30.1,4,4,2,0
2023-02-10 05:00:00,55.64,29.9,5,4,2,0
2023-02-10 06:00:00,59.05,29.3,6,4,2,0
2023-02-10 07:00:00,64.17,27.2,7,4,2,0
2023-02-10 08:00:00,71.27,26.9,8,4,2,0
2023-02-10 09:00:00,78.05,26.5,9,4,2,0
2023-02-10 10:00:00,80.73,24.2,10,4,2,0
2023-02-10 11:00:00,76.98,25.4,11,4,2,0
2023-02-10 12:00:00,80.82,24.8,12,4,2,0
2023-02-10 13:00:00,83.61,22.4,13,4,2,0
2023-02-10 14:00:00,84.33,24.4,14,4,2,0
2023-02-10 15:00:00,85.5,23.3,15,4,2,0
2023-02-10 16:00:00,84.92,24.1,16,4,2,0
2023-02-10 17:00:00,88.24,24.0,17,4,2,0
2023-02-10 18:00:00,89.69,26.0,18,4,2,0
2023-02-10 19:00:00,93.61,26.6,19,4,2,0
2023-02-10 20:00:00,96.41,26.6,20,4,2,0
2023-02-10 21:00:00,95.36,27.4,21,4,2,0
2023-02-10 22:00:00,82.25,28.1,22,4,2,0
2023-02-10 23:00:00,74.55,30.2,23,4,2,0
2023-02-11 00:00:00,47.47,31.2,0,5,2,1
2023-02-11 01:00:00,47.99,31.7,1,5,2,1
2023-02-11 02:00:00,48.77,31.2,2,5,2,1
2023-02-11 03:00:00,49.46,30.2,3,5,2,1
2023-02-11 04:00:00,48.04,30.2,4,5,2,1
2023-02-11 05:00:00,50.73,31.0,5,5,2,1
2023-02-11 06:00:00,53.22,28.9,6,5,2,1
2023-02-11 07:00:00,59.35,28.4,7,5,2,1
2023-02-11 08:00:00,65.03,26.4,8,5,2,1
2023-02-11 09:00:00,66.8,26.5,9,5,2,1
2023-02-11 10:00:00,70.39,24.9,10,5,2,1
2023-02-11 11:00:00,73.13,25.3,11,5,2,1
2023-02-11 12:00:00,69.77,24.4,12,5,2,1
2023-02-11 13:00:00,74.43,23.0,13,5,2,1
2023-02-11 14:00:00,73.46,23.2,14,5,2,1
2023-02-11 15:00:00,74.41,23.0,15,5,2,1
2023-02-11 16:00:00,71.35,22.7,16,5,2,1
2023-02-11 17:00:00,83.43,23.8,17,5,2,1
2023-02-11 18:00:00,81.72,25.4,18,5,2,1
2023-02-11 19:00:00,82.27,26.5,19,5,2,1
2023-02-11 20:00:00,85.73,27.4,20,5,2,1
2023-02-11 21:00:00,83.64,28.1,21,5,2,1
2023-02-11 22:00:00,75.69,30.0,22,5,2,1
2023-02-11 23:00:00,70.7,30.1,23,5,2,1
2023-02-12 00:00:00,48.67,31.3,0,6,2,1
2023-02-12 01:00:00,45.35,29.7,1,6,2,1
2023-02-12 02:00:00,47.08,28.1,2,6,2,1
2023-02-12 03:00:00,50.17,31.4,3,6,2,1
2023-02-12 04:00:00,47.1,29.6,4,6,2,1
2023-02-12 05:00:00,48.87,29.9,5,6,2,1
2023-02-12 06:00:00,55.65,29.0,6,6,2,1
2023-02-12 07:00:00,57.79,29.6,7,6,2,1
2023-02-12 08:00:00,67.13,27.6,8,6,2,1
2023-02-12 09:00:00,68.16,26.4,9,6,2,1
2023-02-12 10:00:00,72.82,25.9,10,6,2,1
2023-02-12 11:00:00,71.3,24.7,11,6,2,1
2023-02-12 12:00:00,73.96,23.4,12,6,2,1
2023-02-12 13:00:00,76.8,24.3,13,6,2,1
2023-02-12 14:00:00,77.74,22.4,14,6,2,1
2023-02-12 15:00:00,74.5,23.7,15,6,2,1
2023-02-12 16:00:00,74.05,22.6,16,6,2,1
2023-02-12 17:00:00,80.84,24.6,17,6,2,1
2023-02-12 18:00:00,80.03,25.4,18,6,2,1
2023-02-12 19:00:00,84.18,27.6,19,6,2,1
2023-02-12 20:00:00,83.6,26.0,20,6,2,1
2023-02-12 21:00:00,87.59,27.8,21,6,2,1
2023-02-12 22:00:00,76.51,29.9,22,6,2,1
2023-02-12 23:00:00,66.31,30.4,23,6,2,1
2023-02-13 00:00:00,52.7,30.9,0,0,2,0
2023-02-13 01:00:00,51.96,30.4,1,0,2,0
2023-02-13 02:00:00,53.31,30.8,2,0,2,0
2023-02-13 03:00:00,56.98,32.1,3,0,2,0
2023-02-13 04:00:00,56.11,30.7,4,0,2,0
2023-02-13 05:00:00,55.06,30.4,5,0,2,0
2023-02-13 06:00:00,59.53,29.2,6,0,2,0
2023-02-13 07:00:00,64.01,27.4,7,0,2,0
2023-02-13 08:00:00,69.03,28.0,8,0,2,0
2023-02-13 09:00:00,77.55,26.6,9,0,2,0
2023-02-13 10:00:00,78.82,27.1,10,0,2,0
2023-02-13 11:00:00,80.94,23.6,11,0,2,0
2023-02-13 12:00:00,82.8,24.5,12,0,2,0
2023-02-13 13:00:00,84.07,22.4,13,0,2,0
2023-02-13 14:00:00,85.26,23.4,14,0,2,0
2023-02-13 15:00:00,80.43,24.2,15,0,2,0
2023-02-13 16:00:00,83.34,22.1,16,0,2,0
2023-02-13 17:00:00,91.67,24.3,17,0,2,0
2023-02-13 18:00:00,89.42,24.8,18,0,2,0
2023-02-13 19:00:00,93.21,25.7,19,0,2,0
2023-02-13 20:00:00,95.54,27.6,20,0,2,0
2023-02-13 21:00:00,96.15,29.2,21,0,2,0
2023-02-13 22:00:00,85.72,29.2,22,0,2,0
2023-02-13 23:00:00,77.07,30.3,23,0,2,0
2023-02-14 00:00:00,51.41,30.8,0,1,2,0
2023-02-14 01:00:00,51.19,31.1,1,1,2,0
2023-02-14 02:00:00,53.31,30.4,2,1,2,0
2023-02-14 03:00:00,56.04,32.0,3,1,2,0
2023-02-14 04:00:00,54.06,31.0,4,1,2,0
2023-02-14 05:00:00,57.33,30.4,5,1,2,0
2023-02-14 06:00:00,60.44,28.6,6,1,2,0
2023-02-14 07:00:00,63.67,27.9,7,1,2,0
2023-02-14 08:00:00,69.93,27.1,8,1,2,0
2023-02-14 09:00:00,75.84,25.0,9,1,2,0
2023-02-14 10:00:00,77.35,23.9,10,1,2,0
2023-02-14 11:00:00,80.21,24.0,11,1,2,0
2023-02-14 12:00:00,79.23,24.2,12,1,2,0
2023-02-14 13:00:00,84.65,22.9,13,1,2,0
2023-02-14 14:00:00,85.56,22.5,14,1,2,0
2023-02-14 15:00:00,84.86,22.8,15,1,2,0
2023-02-14 16:00:00,83.91,23.4,16,1,2,0
2023-02-14 17:00:00,91.63,24.2,17,1,2,0
2023-02-14 18:00:00,91.02,27.0,18,1,2,0
2023-02-14 19:00:00,91.73,27.1,19,1,2,0
2023-02-14 20:00:00,96.78,28.1,20,1,2,0
2023-02-14 21:00:00,95.92,29.2,21,1,2,0
2023-02-14 22:00:00,83.73,28.5,22,1,2,0
2023-02-14 23:00:00,74.15,29.1,23,1,2,0
2023-02-15 00:00:00,49.33,29.8,0,2,2,0
2023-02-15 01:00:00,55.92,32.2,1,2,2,0
2023-02-15 02:00:00,53.29,30.8,2,2,2,0
2023-02-15 03:00:00,53.63,30.1,3,2,2,0
2023-02-15 04:00:00,55.6,30.4,4,2,2,0
2023-02-15 05:00:00,53.98,29.9,5,2,2,0
2023-02-15 06:00:00,61.7,29.5,6,2,2,0
2023-02-15 07:00:00,64.66,28.5,7,2,2,0
2023-02-15 08:00:00,73.61,26.6,8,2,2,0
2023-02-15 09:00:00,76.22,26.8,9,2,2,0
2023-02-15 10:00:00,79.81,24.8,10,2,2,0
2023-02-15 11:00:00,75.86,24.3,11,2,2,0
2023-02-15 12:00:00,78.92,24.4,12,2,2,0
2023-02-15 13:00:00,82.34,22.9,13,2,2,0
2023-02-15 14:00:00,80.51,22.8,14,2,2,0
2023-02-15 15:00:00,84.83,23.9,15,2,2,0
2023-02-15 16:00:00,84.36,23.1,16,2,2,0
2023-02-15 17:00:00,88.23,24.1,17,2,2,0
2023-02-15 18:00:00,91.48,25.7,18,2,2,0
2023-02-15 19:00:00,94.51,27.9,19,2,2,0
2023-02-15 20:00:00,90.69,27.8,20,2,2,0
2023-02-15 21:00:00,92.72,28.7,21,2,2,0
2023-02-15 22:00:00,85.15,29.7,22,2,2,0
2023-02-15 23:00:00,74.91,29.2,23,2,2,0
2023-02-16 00:00:00,51.18,30.8,0,3,2,0
2023-02-16 01:00:00,53.49,31.1,1,3,2,0
2023-02-16 02:00:00,54.6,31.5,2,3,2,0
2023-02-16 03:00:00,55.5,31.2,3,3,2,0
2023-02-16 04:00:00,54.12,31.0,4,3,2,0
2023-02-16 05:00:00,55.3,29.8,5,3,2,0
2023-02-16 06:00:00,59.81,29.3,6,3,2,0
2023-02-16 07:00:00,67.31,27.3,7,3,2,0
2023-02-16 08:00:00,71.3,27.0,8,3,2,0
2023-02-16 09:00:00,75.68,27.3,9,3,2,0
2023-02-16 10:00:00,79.52,25.5,10,3,2,0
2023-02-16 11:00:00,80.63,24.4,11,3,2,0
2023-02-16 12:00:00,79.48,25.3,12,3,2,0
2023-02-16 13:00:00,82.26,22.3,13,3,2,0
2023-02-16 14:00:00,83.3,22.4,14,3,2,0
2023-02-16 15:00:00,85.86,24.8,15,3,2,0
2023-02-16 16:00:00,84.18,23.8,16,3,2,0
2023-02-16 17:00:00,91.26,24.2,17,3,2,0
2023-02-16 18:00:00,90.63,24.3,18,3,2,0
2023-02-16 19:00:00,93.65,26.6,19,3,2,0
2023-02-16 20:00:00,96.99,27.7,20,3,2,0
2023-02-16 21:00:00,94.42,27.4,21,3,2,0
2023-02-16 22:00:00,85.3,29.2,22,3,2,0
2023-02-16 23:00:00,73.61,29.8,23,3,2,0
2023-02-17 00:00:00,50.62,30.9,0,4,2,0
2023-02-17 01:00:00,51.21,30.2,1,4,2,0
2023-02-17 02:00:00,54.02,32.3,2,4,2,0
2023-02-17 03:00:00,56.97,31.9,3,4,2,0
2023-02-17 04:00:00,53.98,30.4,4,4,2,0
2023-02-17 05:00:00,56.1,29.9,5,4,2,0
2023-02-17 06:00:00,60.27,29.2,6,4,2,0
2023-02-17 07:00:00,65.48,27.7,7,4,2,0
2023-02-17 08:00:00,73.13,26.9,8,4,2,0
2023-02-17 09:00:00,73.29,26.0,9,4,2,0
2023-02-17 10:00:00,77.92,26.6,10,4,2,0
2023-02-17 11:00:00,78.07,25.2,11,4,2,0
2023-02-17 12:00:00,77.68,24.6,12,4,2,0
2023-02-17 13:00:00,80.88,23.7,13,4,2,0
2023-02-17 14:00:00,83.87,22.4,14,4,2,0
2023-02-17 15:00:00,82.65,23.4,15,4,2,0
2023-02-17 16:00:00,85.31,24.6,16,4,2,0
2023-02-17 17:00:00,89.6,23.4,17,4,2,0
2023-02-17 18:00:00,90.93,25.8,18,4,2,0
2023-02-17 19:00:00,92.46,28.1,19,4,2,0
2023-02-17 20:00:00,94.4,28.1,20,4,2,0
2023-02-17 21:00:00,94.79,29.4,21,4,2,0
2023-02-17 22:00:00,83.93,29.4,22,4,2,0
2023-02-17 23:00:00,78.36,30.9,23,4,2,0
2023-02-18 00:00:00,45.01,30.2,0,5,2,1
2023-02-18 01:00:00,48.07,31.8,1,5,2,1
2023-02-18 02:00:00,49.8,31.8,2,5,2,1
2023-02-18 03:00:00,50.14,31.4,3,5,2,1
2023-02-18 04:00:00,50.28,31.8,4,5,2,1
2023-02-18 05:00:00,50.41,29.7,5,5,2,1
2023-02-18 06:00:00,54.58,29.1,6,5,2,1
2023-02-18 07:00:00,59.12,28.4,7,5,2,1
2023-02-18 08:00:00,63.36,26.4,8,5,2,1
2023-02-18 09:00:00,68.41,26.4,9,5,2,1
2023-02-18 10:00:00,70.09,23.9,10,5,2,1
2023-02-18 11:00:00,69.86,25.3,11,5,2,1
2023-02-18 12:00:00,72.64,23.8,12,5,2,1
2023-02-18 13:00:00,75.98,23.0,13,5,2,1
2023-02-18 14:00:00,76.9,22.6,14,5,2,1
2023-02-18 15:00:00,74.83,23.2,15,5,2,1
2023-02-18 16:00:00,77.2,24.4,16,5,2,1
2023-02-18 17:00:00,84.33,24.9,17,5,2,1
2023-02-18 18:00:00,81.79,24.7,18,5,2,1
2023-02-18 19:00:00,85.0,25.6,19,5,2,1
2023-02-18 20:00:00,80.93,27.8,20,5,2,1
2023-02-18 21:00:00,83.24,27.7,21,5,2,1
2023-02-18 22:00:00,76.89,29.3,22,5,2,1
2023-02-18 23:00:00,67.15,30.2,23,5,2,1
2023-02-19 00:00:00,48.53,31.0,0,6,2,1
2023-02-19 01:00:00,49.04,31.8,1,6,2,1
2023-02-19 02:00:00,48.54,30.3,2,6,2,1
2023-02-19 03:00:00,47.62,29.6,3,6,2,1
2023-02-19 04:00:00,48.37,30.3,4,6,2,1
2023-02-19 05:00:00,51.22,31.5,5,6,2,1
2023-02-19 06:00:00,56.41,30.9,6,6,2,1
2023-02-19 07:00:00,59.04,29.8,7,6,2,1
2023-02-19 08:00:00,64.89,27.1,8,6,2,1
2023-02-19 09:00:00,70.08,24.8,9,6,2,1
2023-02-19 10:00:00,70.4,23.4,10,6,2,1
2023-02-19 11:00:00,68.93,23.9,11,6,2,1
2023-02-19 12:00:00,75.41,23.6,12,6,2,1
2023-02-19 13:00:00,74.19,24.4,13,6,2,1
2023-02-19 14:00:00,79.9,24.0,14,6,2,1
2023-02-19 15:00:00,76.53,23.6,15,6,2,1
2023-02-19 16:00:00,75.11,23.1,16,6,2,1
2023-02-19 17:00:00,81.77,23.7,17,6,2,1
2023-02-19 18:00:00,78.75,25.5,18,6,2,1
2023-02-19 19:00:00,85.61,26.8,19,6,2,1
2023-02-19 20:00:00,89.87,27.6,20,6,2,1
2023-02-19 21:00:00,81.69,27.5,21,6,2,1
2023-02-19 22:00:00,76.86,29.8,22,6,2,1
2023-02-19 23:00:00,68.7,30.4,23,6,2,1
2023-02-20 00:00:00,51.0,29.9,0,0,2,0
2023-02-20 01:00:00,53.96,30.5,1,0,2,0
2023-02-20 02:00:00,54.87,31.8,2,0,2,0
2023-02-20 03:00:00,56.61,30.9,3,0,2,0
2023-02-20 04:00:00,56.95,32.0,4,0,2,0
2023-02-20 05:00:00,56.47,30.5,5,0,2,0
2023-02-20 06:00:00,60.2,28.9,6,0,2,0
2023-02-20 07:00:00,67.0,28.3,7,0,2,0
2023-02-20 08:00:00,70.47,27.3,8,0,2,0
2023-02-20 09:00:00,77.91,25.6,9,0,2,0
2023-02-20 10:00:00,76.34,24.5,10,0,2,0
2023-02-20 11:00:00,79.31,25.0,11,0,2,0
2023-02-20 12:00:00,79.77,24.5,12,0,2,0
2023-02-20 13:00:00,82.96,23.9,13,0,2,0
2023-02-20 14:00:00,83.32,24.5,14,0,2,0
2023-02-20 15:00:00,85.7,23.0,15,0,2,0
2023-02-20 16:00:00,82.4,25.1,16,0,2,0
2023-02-20 17:00:00,86.93,23.7,17,0,2,0
2023-02-20 18:00:00,89.08,24.5,18,0,2,0
2023-02-20 19:00:00,94.85,24.8,19,0,2,0
2023-02-20 20:00:00,92.78,26.9,20,0,2,0
2023-02-20 21:00:00,95.83,27.9,21,0,2,0
2023-02-20 22:00:00,85.22,29.7,22,0,2,0
2023-02-20 23:00:00,77.4,30.3,23,0,2,0
2023-02-21 00:00:00,49.82,29.8,0,1,2,0
2023-02-21 01:00:00,54.97,30.8,1,1,2,0
2023-02-21 02:00:00,55.42,31.0,2,1,2,0
2023-02-21 03:00:00,52.66,29.7,3,1,2,0
2023-02-21 04:00:00,53.78,29.9,4,1,2,0
2023-02-21 05:00:00,58.11,29.5,5,1,2,0
2023-02-21 06:00:00,60.23,30.4,6,1,2,0
2023-02-21 07:00:00,65.37,28.5,7,1,2,0
2023-02-21 08:00:00,71.09,27.8,8,1,2,0
2023-02-21 09:00:00,76.68,25.0,9,1,2,0
2023-02-21 10:00:00,75.56,26.2,10,1,2,0
2023-02-21 11:00:00,80.53,25.5,11,1,2,0
2023-02-21 12:00:00,79.24,22.2,12,1,2,0
2023-02-21 13:00:00,85.15,22.8,13,1,2,0
2023-02-21 14:00:00,81.45,23.7,14,1,2,0
2023-02-21 15:00:00,83.94,23.9,15,1,2,0
2023-02-21 16:00:00,80.21,23.3,16,1,2,0
2023-02-21 17:00:00,86.19,24.2,17,1,2,0
2023-02-21 18:00:00,90.01,24.8,18,1,2,0
2023-02-21 19:00:00,91.77,26.3,19,1,2,0
2023-02-21 20:00:00,97.29,28.2,20,1,2,0
2023-02-21 21:00:00,95.01,27.7,21,1,2,0
2023-02-21 22:00:00,88.33,30.1,22,1,2,0
2023-02-21 23:00:00,74.69,29.5,23,1,2,0
2023-02-22 00:00:00,50.98,30.1,0,2,2,0
2023-02-22 01:00:00,52.75,31.8,1,2,2,0
2023-02-22 02:00:00,53.93,32.0,2,2,2,0
2023-02-22 03:00:00,53.65,31.8,3,2,2,0
2023-02-22 04:00:00,54.36,29.7,4,2,2,0
2023-02-22 05:00:00,55.31,29.7,5,2,2,0
2023-02-22 06:00:00,61.8,29.9,6,2,2,0
2023-02-22 07:00:00,65.71,28.3,7,2,2,0
2023-02-22 08:00:00,73.88,26.4,8,2,2,0
2023-02-22 09:00:00,76.95,26.6,9,2,2,0
2023-02-22 10:00:00,79.74,24.7,10,2,2,0
2023-02-22 11:00:00,79.25,25.9,11,2,2,0
2023-02-22 12:00:00,79.34,25.0,12,2,2,0
2023-02-22 13:00:00,83.98,23.9,13,2,2,0
2023-02-22 14:00:00,83.7,24.4,14,2,2,0
2023-02-22 15:00:00,85.21,23.5,15,2,2,0
2023-02-22 16:00:00,84.42,24.4,16,2,2,0
2023-02-22 17:00:00,88.58,25.6,17,2,2,0
2023-02-22 18:00:00,93.43,25.5,18,2,2,0
2023-02-22 19:00:00,91.46,26.0,19,2,2,0
2023-02-22 20:00:00,95.74,25.9,20,2,2,0
2023-02-22 21:00:00,97.47,28.2,21,2,2,0
2023-02-22 22:00:00,85.31,29.9,22,2,2,0
2023-02-22 23:00:00,78.61,30.9,23,2,2,0
2023-02-23 00:00:00,51.98,31.1,0,3,2,0
2023-02-23 01:00:00,52.98,30.7,1,3,2,0
2023-02-23 02:00:00,51.13,29.7,2,3,2,0
2023-02-23 03:00:00,54.4,30.7,3,3,2,0
2023-02-23 04:00:00,53.5,30.5,4,3,2,0
2023-02-23 05:00:00,56.96,29.8,5,3,2,0
2023-02-23 06:00:00,58.42,29.8,6,3,2,0
2023-02-23 07:00:00,66.06,29.9,7,3,2,0
2023-02-23 08:00:00,69.77,27.4,8,3,2,0
2023-02-23 09:00:00,77.7,26.1,9,3,2,0
2023-02-23 10:00:00,81.16,25.1,10,3,2,0
2023-02-23 11:00:00,80.77,24.5,11,3,2,0
2023-02-23 12:00:00,85.45,23.1,12,3,2,0
2023-02-23 13:00:00,80.59,23.5,13,3,2,0
2023-02-23 14:00:00,81.71,23.6,14,3,2,0
2023-02-23 15:00:00,82.38,23.6,15,3,2,0
2023-02-23 16:00:00,84.04,24.2,16,3,2,0
2023-02-23 17:00:00,88.17,24.8,17,3,2,0
2023-02-23 18:00:00,90.17,23.9,18,3,2,0
2023-02-23 19:00:00,94.17,26.7,19,3,2,0
2023-02-23 20:00:00,92.29,26.7,20,3,2,0
2023-02-23 21:00:00,92.98,27.4,21,3,2,0
2023-02-23 22:00:00,84.2,28.4,22,3,2,0
2023-02-23 23:00:00,75.88,30.4,23,3,2,0
2023-02-24 00:00:00,51.97,30.6,0,4,2,0
2023-02-24 01:00:00,50.18,29.8,1,4,2,0
2023-02-24 02:00:00,53.64,31.7,2,4,2,0
2023-02-24 03:00:00,53.94,30.0,3,4,2,0
2023-02-24 04:00:00,56.16,30.8,4,4,2,0
2023-02-24 05:00:00,57.27,30.3,5,4,2,0
2023-02-24 06:00:00,61.56,30.0,6,4,2,0
2023-02-24 07:00:00,66.44,29.7,7,4,2,0
2023-02-24 08:00:00,71.86,26.2,8,4,2,0
2023-02-24 09:00:00,76.28,26.2,9,4,2,0
2023-02-24 10:00:00,77.8,25.0,10,4,2,0
2023-02-24 11:00:00,76.98,24.8,11,4,2,0
2023-02-24 12:00:00,82.19,24.0,12,4,2,0
2023-02-24 13:00:00,83.16,23.1,13,4,2,0
2023-02-24 14:00:00,85.12,22.9,14,4,2,0
2023-02-24 15:00:00,79.22,22.5,15,4,2,0
2023-02-24 16:00:00,83.77,24.6,16,4,2,0
2023-02-24 17:00:00,88.47,24.8,17,4,2,0
2023-02-24 18:00:00,94.2,26.0,18,4,2,0
2023-02-24 19:00:00,94.16,26.0,19,4,2,0
2023-02-24 20:00:00,95.01,26.7,20,4,2,0
2023-02-24 21:00:00,94.29,27.4,21,4,2,0
2023-02-24 22:00:00,86.24,29.6,22,4,2,0
2023-02-24 23:00:00,73.64,29.3,23,4,2,0
2023-02-25 00:00:00,47.91,32.2,0,5,2,1
2023-02-25 01:00:00,45.84,30.1,1,5,2,1
2023-02-25 02:00:00,51.28,31.5,2,5,2,1
2023-02-25 03:00:00,52.51,32.4,3,5,2,1
2023-02-25 04:00:00,51.6,31.2,4,5,2,1
2023-02-25 05:00:00,48.63,30.2,5,5,2,1
2023-02-25 06:00:00,54.84,28.5,6,5,2,1
2023-02-25 07:00:00,59.13,27.2,7,5,2,1
2023-02-25 08:00:00,65.66,27.9,8,5,2,1
2023-02-25 09:00:00,69.5,27.4,9,5,2,1
2023-02-25 10:00:00,70.39,24.9,10,5,2,1
2023-02-25 11:00:00,72.14,23.5,11,5,2,1
2023-02-25 12:00:00,69.84,21.8,12,5,2,1
2023-02-25 13:00:00,73.29,22.6,13,5,2,1
2023-02-25 14:00:00,76.07,23.2,14,5,2,1
2023-02-25 15:00:00,77.33,24.7,15,5,2,1
2023-02-25 16:00:00,74.56,24.3,16,5,2,1
2023-02-25 17:00:00,80.91,24.7,17,5,2,1
2023-02-25 18:00:00,79.49,24.9,18,5,2,1
2023-02-25 19:00:00,86.4,25.8,19,5,2,1
2023-02-25 20:00:00,87.18,28.4,20,5,2,1
2023-02-25 21:00:00,86.79,28.5,21,5,2,1
2023-02-25 22:00:00,77.05,27.6,22,5,2,1
2023-02-25 23:00:00,70.16,29.6,23,5,2,1
2023-02-26 00:00:00,44.6,30.0,0,6,2,1
2023-02-26 01:00:00,46.24,30.7,1,6,2,1
2023-02-26 02:00:00,50.31,31.7,2,6,2,1
2023-02-26 03:00:00,50.35,31.0,3,6,2,1
2023-02-26 04:00:00,48.65,30.7,4,6,2,1
2023-02-26 05:00:00,50.73,31.1,5,6,2,1
2023-02-26 06:00:00,55.81,28.7,6,6,2,1
2023-02-26 07:00:00,60.38,29.8,7,6,2,1
2023-02-26 08:00:00,65.05,26.7,8,6,2,1
2023-02-26 09:00:00,67.28,26.3,9,6,2,1
2023-02-26 10:00:00,71.4,25.0,10,6,2,1
2023-02-26 11:00:00,69.56,24.5,11,6,2,1
2023-02-26 12:00:00,69.57,24.2,12,6,2,1
2023-02-26 13:00:00,75.72,23.8,13,6,2,1
2023-02-26 14:00:00,77.81,22.7,14,6,2,1
2023-02-26 15:00:00,75.04,22.5,15,6,2,1
2023-02-26 16:00:00,74.56,25.8,16,6,2,1
2023-02-26 17:00:00,83.99,24.1,17,6,2,1
2023-02-26 18:00:00,82.01,25.8,18,6,2,1
2023-02-26 19:00:00,83.62,24.9,19,6,2,1
2023-02-26 20:00:00,88.25,27.0,20,6,2,1
2023-02-26 21:00:00,84.92,28.2,21,6,2,1
2023-02-26 22:00:00,76.01,29.6,22,6,2,1
2023-02-26 23:00:00,68.37,27.9,23,6,2,1
2023-02-27 00:00:00,50.68,30.9,0,0,2,0
2023-02-27 01:00:00,51.4,30.2,1,0,2,0
2023-02-27 02:00:00,52.8,31.5,2,0,2,0
2023-02-27 03:00:00,53.89,30.3,3,0,2,0
2023-02-27 04:00:00,54.44,30.0,4,0,2,0
2023-02-27 05:00:00,56.3,29.9,5,0,2,0
2023-02-27 06:00:00,60.82,28.4,6,0,2,0
2023-02-27 07:00:00,66.14,27.9,7,0,2,0
2023-02-27 08:00:00,71.61,26.3,8,0,2,0
2023-02-27 09:00:00,76.58,24.8,9,0,2,0
2023-02-27 10:00:00,79.15,26.1,10,0,2,0
2023-02-27 11:00:00,78.02,23.4,11,0,2,0
2023-02-27 12:00:00,77.06,23.7,12,0,2,0
2023-02-27 13:00:00,84.7,24.0,13,0,2,0
2023-02-27 14:00:00,84.95,22.8,14,0,2,0
2023-02-27 15:00:00,83.63,22.7,15,0,2,0
2023-02-27 16:00:00,85.6,24.0,16,0,2,0
2023-02-27 17:00:00,88.69,25.3,17,0,2,0
2023-02-27 18:00:00,90.25,24.3,18,0,2,0
2023-02-27 19:00:00,91.51,26.1,19,0,2,0
2023-02-27 20:00:00,95.63,25.9,20,0,2,0
2023-02-27 21:00:00,92.15,28.0,21,0,2,0
2023-02-27 22:00:00,83.95,29.3,22,0,2,0
2023-02-27 23:00:00,75.54,29.4,23,0,2,0
2023-02-28 00:00:00,49.6,30.4,0,1,2,0
2023-02-28 01:00:00,50.65,30.0,1,1,2,0
2023-02-28 02:00:00,51.67,31.3,2,1,2,0
2023-02-28 03:00:00,56.36,32.0,3,1,2,0
2023-02-28 04:00:00,53.53,29.9,4,1,2,0
2023-02-28 05:00:00,53.75,29.6,5,1,2,0
2023-02-28 06:00:00,59.14,29.7,6,1,2,0
2023-02-28 07:00:00,65.26,29.3,7,1,2,0
2023-02-28 08:00:00,68.87,26.1,8,1,2,0
2023-02-28 09:00:00,79.6,26.1,9,1,2,0
2023-02-28 10:00:00,74.57,25.5,10,1,2,0
2023-02-28 11:00:00,79.05,24.4,11,1,2,0
2023-02-28 12:00:00,80.94,21.8,12,1,2,0
2023-02-28 13:00:00,81.56,23.8,13,1,2,0
2023-02-28 14:00:00,84.19,24.5,14,1,2,0
2023-02-28 15:00:00,82.53,23.5,15,1,2,0
2023-02-28 16:00:00,86.35,23.0,16,1,2,0
2023-02-28 17:00:00,88.01,24.0,17,1,2,0
2023-02-28 18:00:00,87.3,26.7,18,1,2,0
2023-02-28 19:00:00,90.68,27.0,19,1,2,0
2023-02-28 20:00:00,95.29,27.8,20,1,2,0
2023-02-28 21:00:00,94.87,28.6,21,1,2,0
2023-02-28 22:00:00,86.11,28.7,22,1,2,0
2023-02-28 23:00:00,76.45,29.9,23,1,2,0
2023-03-01 00:00:00,50.92,31.4,0,2,3,0
2023-03-01 01:00:00,53.15,32.3,1,2,3,0
2023-03-01 02:00:00,55.34,33.2,2,2,3,0
2023-03-01 03:00:00,58.18,32.8,3,2,3,0
2023-03-01 04:00:00,54.99,30.3,4,2,3,0
2023-03-01 05:00:00,58.13,31.0,5,2,3,0
2023-03-01 06:00:00,62.2,30.6,6,2,3,0
2023-03-01 07:00:00,65.39,29.5,7,2,3,0
2023-03-01 08:00:00,69.03,27.5,8,2,3,0
2023-03-01 09:00:00,76.69,29.3,9,2,3,0
2023-03-01 10:00:00,77.45,25.0,10,2,3,0
2023-03-01 11:00:00,78.92,24.3,11,2,3,0
2023-03-01 12:00:00,79.75,24.7,12,2,3,0
2023-03-01 13:00:00,78.78,25.8,13,2,3,0
2023-03-01 14:00:00,85.19,23.3,14,2,3,0
2023-03-01 15:00:00,83.04,23.9,15,2,3,0
2023-03-01 16:00:00,80.8,25.4,16,2,3,0
2023-03-01 17:00:00,90.05,25.2,17,2,3,0
2023-03-01 18:00:00,89.19,25.7,18,2,3,0
2023-03-01 19:00:00,93.27,27.4,19,2,3,0
2023-03-01 20:00:00,95.39,28.2,20,2,3,0
2023-03-01 21:00:00,97.25,29.9,21,2,3,0
2023-03-01 22:00:00,86.27,31.0,22,2,3,0
2023-03-01 23:00:00,75.91,31.1,23,2,3,0
2023-03-02 00:00:00,51.29,31.7,0,3,3,0
2023-03-02 01:00:00,52.56,32.0,1,3,3,0
2023-03-02 02:00:00,54.75,32.4,2,3,3,0
2023-03-02 03:00:00,54.96,31.9,3,3,3,0
2023-03-02 04:00:00,54.85,31.5,4,3,3,0
2023-03-02 05:00:00,55.87,31.8,5,3,3,0
2023-03-02 06:00:00,61.81,31.2,6,3,3,0
2023-03-02 07:00:00,64.32,27.8,7,3,3,0
2023-03-02 08:00:00,68.86,28.0,8,3,3,0
2023-03-02 09:00:00,77.27,26.4,9,3,3,0
2023-03-02 10:00:00,80.26,25.8,10,3,3,0
2023-03-02 11:00:00,80.57,25.5,11,3,3,0
2023-03-02 12:00:00,78.94,25.1,12,3,3,0
2023-03-02 13:00:00,82.02,24.0,13,3,3,0
2023-03-02 14:00:00,85.65,22.5,14,3,3,0
2023-03-02 15:00:00,81.19,23.4,15,3,3,0
2023-03-02 16:00:00,84.4,25.3,16,3,3,0
2023-03-02 17:00:00,86.65,23.0,17,3,3,0
2023-03-02 18:00:00,93.74,26.9,18,3,3,0
2023-03-02 19:00:00,91.46,27.4,19,3,3,0
2023-03-02 20:00:00,98.01,29.1,20,3,3,0
2023-03-02 21:00:00,97.48,28.9,21,3,3,0
2023-03-02 22:00:00,83.96,28.4,22,3,3,0
2023-03-02 23:00:00,75.59,31.2,23,3,3,0
2023-03-03 00:00:00,53.04,32.5,0,4,3,0
2023-03-03 01:00:00,53.81,32.6,1,4,3,0
2023-03-03 02:00:00,53.28,31.5,2,4,3,0
2023-03-03 03:00:00,53.48,31.9,3,4,3,0
2023-03-03 04:00:00,54.57,31.0,4,4,3,0
2023-03-03 05:00:00,53.99,30.2,5,4,3,0
2023-03-03 06:00:00,62.1,30.8,6,4,3,0
2023-03-03 07:00:00,66.14,28.1,7,4,3,0
2023-03-03 08:00:00,71.48,27.3,8,4,3,0
2023-03-03 09:00:00,76.54,26.1,9,4,3,0
2023-03-03 10:00:00,76.24,24.8,10,4,3,0
2023-03-03 11:00:00,79.39,25.3,11,4,3,0
2023-03-03 12:00:00,81.33,25.5,12,4,3,0
2023-03-03 13:00:00,81.16,24.0,13,4,3,0
2023-03-03 14:00:00,83.31,22.8,14,4,3,0
2023-03-03 15:00:00,82.88,24.8,15,4,3,0
2023-03-03 16:00:00,85.85,25.9,16,4,3,0
2023-03-03 17:00:00,90.7,24.7,17,4,3,0
2023-03-03 18:00:00,91.81,25.6,18,4,3,0
2023-03-03 19:00:00,89.12,27.4,19,4,3,0
2023-03-03 20:00:00,94.44,29.3,20,4,3,0
2023-03-03 21:00:00,93.98,28.6,21,4,3,0
2023-03-03 22:00:00,83.86,28.9,22,4,3,0
2023-03-03 23:00:00,74.47,31.3,23,4,3,0
2023-03-04 00:00:00,46.47,32.1,0,5,3,1
2023-03-04 01:00:00,48.12,31.9,1,5,3,1
2023-03-04 02:00:00,49.85,31.6,2,5,3,1
2023-03-04 03:00:00,50.36,32.7,3,5,3,1
2023-03-04 04:00:00,50.5,31.9,4,5,3,1
2023-03-04 05:00:00,51.68,30.2,5,5,3,1
2023-03-04 06:00:00,54.22,30.0,6,5,3,1
2023-03-04 07:00:00,58.22,28.0,7,5,3,1
2023-03-04 08:00:00,63.24,28.5,8,5,3,1
2023-03-04 09:00:00,66.4,26.8,9,5,3,1
2023-03-04 10:00:00,70.66,25.7,10,5,3,1
2023-03-04 11:00:00,70.14,25.1,11,5,3,1
2023-03-04 12:00:00,72.02,24.6,12,5,3,1
2023-03-04 13:00:00,74.61,24.9,13,5,3,1
2023-03-04 14:00:00,77.99,24.5,14,5,3,1
2023-03-04 15:00:00,72.65,24.0,15,5,3,1
2023-03-04 16:00:00,76.23,25.1,16,5,3,1
2023-03-04 17:00:00,81.81,25.5,17,5,3,1
2023-03-04 18:00:00,80.51,25.7,18,5,3,1
2023-03-04 19:00:00,84.11,26.9,19,5,3,1
2023-03-04 20:00:00,87.43,27.9,20,5,3,1
2023-03-04 21:00:00,83.9,29.4,21,5,3,1
2023-03-04 22:00:00,76.96,29.7,22,5,3,1
2023-03-04 23:00:00,68.99,30.5,23,5,3,1
2023-03-05 00:00:00,49.1,33.0,0,6,3,1
2023-03-05 01:00:00,49.78,32.6,1,6,3,1
2023-03-05 02:00:00,48.66,31.4,2,6,3,1
2023-03-05 03:00:00,51.01,32.3,3,6,3,1
2023-03-05 04:00:00,49.61,31.6,4,6,3,1
2023-03-05 05:00:00,51.04,31.1,5,6,3,1
2023-03-05 06:00:00,54.13,30.1,6,6,3,1
2023-03-05 07:00:00,58.01,30.0,7,6,3,1
2023-03-05 08:00:00,62.7,28.3,8,6,3,1
2023-03-05 09:00:00,68.83,26.9,9,6,3,1
2023-03-05 10:00:00,70.46,26.8,10,6,3,1
2023-03-05 11:00:00,69.18,25.4,11,6,3,1
2023-03-05 12:00:00,70.59,24.6,12,6,3,1
2023-03-05 13:00:00,75.07,24.4,13,6,3,1
2023-03-05 14:00:00,75.64,23.9,14,6,3,1
2023-03-05 15:00:00,76.26,24.1,15,6,3,1
2023-03-05 16:00:00,77.05,24.1,16,6,3,1
2023-03-05 17:00:00,81.23,24.6,17,6,3,1
2023-03-05 18:00:00,80.91,25.2,18,6,3,1
2023-03-05 19:00:00,83.23,25.9,19,6,3,1
2023-03-05 20:00:00,87.46,27.3,20,6,3,1
2023-03-05 21:00:00,89.98,28.9,21,6,3,1
2023-03-05 22:00:00,77.81,30.1,22,6,3,1
2023-03-05 23:00:00,69.3,30.6,23,6,3,1
2023-03-06 00:00:00,50.07,29.6,0,0,3,0
2023-03-06 01:00:00,54.61,33.1,1,0,3,0
2023-03-06 02:00:00,56.53,32.9,2,0,3,0
2023-03-06 03:00:00,56.56,32.2,3,0,3,0
2023-03-06 04:00:00,57.88,33.0,4,0,3,0
2023-03-06 05:00:00,54.59,30.0,5,0,3,0
2023-03-06 06:00:00,60.52,31.5,6,0,3,0
2023-03-06 07:00:00,65.81,28.3,7,0,3,0
2023-03-06 08:00:00,70.74,28.2,8,0,3,0
2023-03-06 09:00:00,74.92,25.9,9,0,3,0
2023-03-06 10:00:00,75.82,26.0,10,0,3,0
2023-03-06 11:00:00,80.1,25.5,11,0,3,0
2023-03-06 12:00:00,77.55,24.4,12,0,3,0
2023-03-06 13:00:00,82.59,24.7,13,0,3,0
2023-03-06 14:00:00,84.5,24.1,14,0,3,0
2023-03-06 15:00:00,84.02,23.7,15,0,3,0
2023-03-06 16:00:00,82.48,24.1,16,0,3,0
2023-03-06 17:00:00,87.0,25.8,17,0,3,0
2023-03-06 18:00:00,91.77,25.5,18,0,3,0
2023-03-06 19:00:00,94.43,27.7,19,0,3,0
2023-03-06 20:00:00,92.7,29.0,20,0,3,0
2023-03-06 21:00:00,95.21,27.7,21,0,3,0
2023-03-06 22:00:00,89.04,30.9,22,0,3,0
2023-03-06 23:00:00,78.69,32.5,23,0,3,0
2023-03-07 00:00:00,51.51,31.7,0,1,3,0
2023-03-07 01:00:00,54.65,32.3,1,1,3,0
2023-03-07 02:00:00,54.5,32.8,2,1,3,0
2023-03-07 03:00:00,53.49,31.6,3,1,3,0
2023-03-07 04:00:00,56.67,31.6,4,1,3,0
2023-03-07 05:00:00,54.25,29.8,5,1,3,0
2023-03-07 06:00:00,60.25,30.1,6,1,3,0
2023-03-07 07:00:00,64.55,29.4,7,1,3,0
2023-03-07 08:00:00,69.79,28.4,8,1,3,0
2023-03-07 09:00:00,78.13,27.8,9,1,3,0
2023-03-07 10:00:00,80.09,25.4,10,1,3,0
2023-03-07 11:00:00,81.86,24.7,11,1,3,0
2023-03-07 12:00:00,81.8,26.1,12,1,3,0
2023-03-07 13:00:00,82.86,24.0,13,1,3,0
2023-03-07 14:00:00,80.77,24.2,14,1,3,0
2023-03-07 15:00:00,82.81,24.1,15,1,3,0
2023-03-07 16:00:00,86.66,23.9,16,1,3,0
2023-03-07 17:00:00,88.43,26.5,17,1,3,0
2023-03-07 18:00:00,93.43,25.6,18,1,3,0
2023-03-07 19:00:00,92.34,26.1,19,1,3,0
2023-03-07 20:00:00,88.81,27.6,20,1,3,0
2023-03-07 21:00:00,95.46,27.4,21,1,3,0
2023-03-07 22:00:00,86.83,29.5,22,1,3,0
2023-03-07 23:00:00,75.24,30.1,23,1,3,0
2023-03-08 00:00:00,53.44,32.0,0,2,3,0
2023-03-08 01:00:00,50.79,31.3,1,2,3,0
2023-03-08 02:00:00,53.74,32.7,2,2,3,0
2023-03-08 03:00:00,56.71,33.0,3,2,3,0
2023-03-08 04:00:00,56.93,32.1,4,2,3,0
2023-03-08 05:00:00,57.2,30.7,5,2,3,0
2023-03-08 06:00:00,61.37,30.1,6,2,3,0
2023-03-08 07:00:00,63.35,27.8,7,2,3,0
2023-03-08 08:00:00,70.74,27.9,8,2,3,0
2023-03-08 09:00:00,76.92,26.3,9,2,3,0
2023-03-08 10:00:00,74.68,26.6,10,2,3,0
2023-03-08 11:00:00,79.0,27.2,11,2,3,0
2023-03-08 12:00:00,79.55,24.9,12,2,3,0
2023-03-08 13:00:00,81.05,22.5,13,2,3,0
2023-03-08 14:00:00,83.94,23.7,14,2,3,0
2023-03-08 15:00:00,81.23,24.2,15,2,3,0
2023-03-08 16:00:00,83.8,24.6,16,2,3,0
2023-03-08 17:00:00,90.19,24.6,17,2,3,0
2023-03-08 18:00:00,92.66,26.2,18,2,3,0
2023-03-08 19:00:00,90.2,26.0,19,2,3,0
2023-03-08 20:00:00,90.98,27.2,20,2,3,0
2023-03-08 21:00:00,95.51,29.6,21,2,3,0
2023-03-08 22:00:00,83.9,29.2,22,2,3,0
2023-03-08 23:00:00,80.99,31.3,23,2,3,0
2023-03-09 00:00:00,50.78,30.4,0,3,3,0
2023-03-09 01:00:00,54.89,33.3,1,3,3,0
2023-03-09 02:00:00,53.39,31.4,2,3,3,0
2023-03-09 03:00:00,53.69,31.7,3,3,3,0
2023-03-09 04:00:00,56.54,31.7,4,3,3,0
2023-03-09 05:00:00,55.32,30.4,5,3,3,0
2023-03-09 06:00:00,60.53,30.1,6,3,3,0
2023-03-09 07:00:00,65.59,29.5,7,3,3,0
2023-03-09 08:00:00,70.76,28.8,8,3,3,0
2023-03-09 09:00:00,73.41,27.6,9,3,3,0
2023-03-09 10:00:00,78.82,25.9,10,3,3,0
2023-03-09 11:00:00,77.74,25.1,11,3,3,0
2023-03-09 12:00:00,79.86,26.4,12,3,3,0
2023-03-09 13:00:00,84.19,24.9,13,3,3,0
2023-03-09 14:00:00,86.04,23.3,14,3,3,0
2023-03-09 15:00:00,80.33,24.2,15,3,3,0
2023-03-09 16:00:00,83.17,24.3,16,3,3,0
2023-03-09 17:00:00,89.68,25.1,17,3,3,0
2023-03-09 18:00:00,88.02,25.0,18,3,3,0
2023-03-09 19:00:00,93.7,26.6,19,3,3,0
2023-03-09 20:00:00,94.46,29.4,20,3,3,0
2023-03-09 21:00:00,95.23,29.5,21,3,3,0
2023-03-09 22:00:00,82.61,28.0,22,3,3,0
2023-03-09 23:00:00,77.96,31.8,23,3,3,0
2023-03-10 00:00:00,53.42,32.3,0,4,3,0
2023-03-10 01:00:00,52.91,31.6,1,4,3,0
2023-03-10 02:00:00,54.49,32.6,2,4,3,0
2023-03-10 03:00:00,53.89,31.2,3,4,3,0
2023-03-10 04:00:00,55.46,31.1,4,4,3,0
2023-03-10 05:00:00,57.38,32.0,5,4,3,0
2023-03-10 06:00:00,61.32,29.8,6,4,3,0
2023-03-10 07:00:00,64.26,27.5,7,4,3,0
2023-03-10 08:00:00,68.76,27.9,8,4,3,0
2023-03-10 09:00:00,76.56,26.9,9,4,3,0
2023-03-10 10:00:00,76.81,27.0,10,4,3,0
2023-03-10 11:00:00,80.29,25.2,11,4,3,0
2023-03-10 12:00:00,80.09,24.2,12,4,3,0
2023-03-10 13:00:00,83.17,25.0,13,4,3,0
2023-03-10 14:00:00,81.46,24.1,14,4,3,0
2023-03-10 15:00:00,83.35,23.5,15,4,3,0
2023-03-10 16:00:00,81.97,25.5,16,4,3,0
2023-03-10 17:00:00,87.05,25.3,17,4,3,0
2023-03-10 18:00:00,89.18,26.0,18,4,3,0
2023-03-10 19:00:00,91.25,27.1,19,4,3,0
2023-03-10 20:00:00,96.07,27.1,20,4,3,0
2023-03-10 21:00:00,93.21,28.6,21,4,3,0
2023-03-10 22:00:00,83.22,30.0,22,4,3,0
2023-03-10 23:00:00,76.23,30.7,23,4,3,0
2023-03-11 00:00:00,48.02,32.5,0,5,3,1
2023-03-11 01:00:00,47.82,32.0,1,5,3,1
2023-03-11 02:00:00,49.89,32.7,2,5,3,1
2023-03-11 03:00:00,51.0,31.9,3,5,3,1
2023-03-11 04:00:00,52.1,32.3,4,5,3,1
2023-03-11 05:00:00,51.49,31.1,5,5,3,1
2023-03-11 06:00:00,53.18,30.0,6,5,3,1
2023-03-11 07:00:00,62.08,29.0,7,5,3,1
2023-03-11 08:00:00,64.87,27.2,8,5,3,1
2023-03-11 09:00:00,69.2,27.4,9,5,3,1
2023-03-11 10:00:00,68.01,26.0,10,5,3,1
2023-03-11 11:00:00,72.64,24.8,11,5,3,1
2023-03-11 12:00:00,71.28,25.4,12,5,3,1
2023-03-11 13:00:00,73.58,23.1,13,5,3,1
2023-03-11 14:00:00,72.05,23.7,14,5,3,1
2023-03-11 15:00:00,72.77,25.0,15,5,3,1
2023-03-11 16:00:00,75.53,24.8,16,5,3,1
2023-03-11 17:00:00,82.05,25.1,17,5,3,1
2023-03-11 18:00:00,82.88,26.2,18,5,3,1
2023-03-11 19:00:00,84.2,27.1,19,5,3,1
2023-03-11 20:00:00,84.27,26.8,20,5,3,1
2023-03-11 21:00:00,84.09,28.8,21,5,3,1
2023-03-11 22:00:00,78.96,31.3,22,5,3,1
2023-03-11 23:00:00,69.36,30.3,23,5,3,1
2023-03-12 00:00:00,46.43,31.2,0,6,3,1
2023-03-12 01:00:00,48.77,31.4,1,6,3,1
2023-03-12 02:00:00,48.88,31.9,2,6,3,1
2023-03-12 03:00:00,48.41,31.4,3,6,3,1
2023-03-12 04:00:00,50.91,31.9,4,6,3,1
2023-03-12 05:00:00,50.86,31.0,5,6,3,1
2023-03-12 06:00:00,55.19,30.6,6,6,3,1
2023-03-12 07:00:00,60.03,28.2,7,6,3,1
2023-03-12 08:00:00,64.52,27.7,8,6,3,1
2023-03-12 09:00:00,66.27,26.8,9,6,3,1
2023-03-12 10:00:00,72.14,26.4,10,6,3,1
2023-03-12 11:00:00,66.88,24.5,11,6,3,1
2023-03-12 12:00:00,75.47,25.3,12,6,3,1
2023-03-12 13:00:00,73.43,25.1,13,6,3,1
2023-03-12 14:00:00,74.5,23.2,14,6,3,1
2023-03-12 15:00:00,74.71,23.7,15,6,3,1
2023-03-12 16:00:00,75.44,24.1,16,6,3,1
2023-03-12 17:00:00,80.28,27.3,17,6,3,1
2023-03-12 18:00:00,81.41,25.7,18,6,3,1
2023-03-12 19:00:00,85.4,28.3,19,6,3,1
2023-03-12 20:00:00,85.43,27.0,20,6,3,1
2023-03-12 21:00:00,83.06,28.2,21,6,3,1
2023-03-12 22:00:00,77.55,29.5,22,6,3,1
2023-03-12 23:00:00,68.8,30.2,23,6,3,1
2023-03-13 00:00:00,50.77,31.2,0,0,3,0
2023-03-13 01:00:00,53.21,31.3,1,0,3,0
2023-03-13 02:00:00,53.28,31.3,2,0,3,0
2023-03-13 03:00:00,56.03,32.8,3,0,3,0
2023-03-13 04:00:00,56.53,32.4,4,0,3,0
2023-03-13 05:00:00,54.27,31.6,5,0,3,0
2023-03-13 06:00:00,60.36,30.4,6,0,3,0
2023-03-13 07:00:00,65.91,29.1,7,0,3,0
2023-03-13 08:00:00,70.42,27.6,8,0,3,0
2023-03-13 09:00:00,74.1,26.2,9,0,3,0
2023-03-13 10:00:00,79.02,26.3,10,0,3,0
2023-03-13 11:00:00,78.6,24.2,11,0,3,0
2023-03-13 12:00:00,78.15,23.7,12,0,3,0
2023-03-13 13:00:00,85.68,25.1,13,0,3,0
2023-03-13 14:00:00,81.39,25.5,14,0,3,0
2023-03-13 15:00:00,84.56,24.5,15,0,3,0
2023-03-13 16:00:00,81.86,25.4,16,0,3,0
2023-03-13 17:00:00,89.44,25.0,17,0,3,0
2023-03-13 18:00:00,89.11,24.9,18,0,3,0
2023-03-13 19:00:00,89.99,27.5,19,0,3,0
2023-03-13 20:00:00,94.73,28.5,20,0,3,0
2023-03-13 21:00:00,95.14,29.1,21,0,3,0
2023-03-13 22:00:00,86.99,29.8,22,0,3,0
2023-03-13 23:00:00,77.07,31.6,23,0,3,0
2023-03-14 00:00:00,52.83,30.7,0,1,3,0
2023-03-14 01:00:00,52.57,31.2,1,1,3,0
2023-03-14 02:00:00,53.89,31.2,2,1,3,0
2023-03-14 03:00:00,53.79,31.9,3,1,3,0
2023-03-14 04:00:00,53.99,30.6,4,1,3,0
2023-03-14 05:00:00,55.83,30.3,5,1,3,0
2023-03-14 06:00:00,59.68,29.4,6,1,3,0
2023-03-14 07:00:00,65.11,28.8,7,1,3,0
2023-03-14 08:00:00,69.31,26.8,8,1,3,0
2023-03-14 09:00:00,76.21,27.0,9,1,3,0
2023-03-14 10:00:00,77.73,27.0,10,1,3,0
2023-03-14 11:00:00,77.22,25.3,11,1,3,0
2023-03-14 12:00:00,81.09,25.8,12,1,3,0
2023-03-14 13:00:00,79.35,25.2,13,1,3,0
2023-03-14 14:00:00,83.42,24.6,14,1,3,0
2023-03-14 15:00:00,86.01,24.2,15,1,3,0
2023-03-14 16:00:00,84.24,24.6,16,1,3,0
2023-03-14 17:00:00,90.39,25.8,17,1,3,0
2023-03-14 18:00:00,89.12,25.7,18,1,3,0
2023-03-14 19:00:00,95.46,25.5,19,1,3,0
2023-03-14 20:00:00,96.31,28.4,20,1,3,0
2023-03-14 21:00:00,92.7,28.1,21,1,3,0
2023-03-14 22:00:00,83.58,29.2,22,1,3,0
2023-03-14 23:00:00,77.99,30.8,23,1,3,0
2023-03-15 00:00:00,53.26,31.4,0,2,3,0
2023-03-15 01:00:00,50.47,30.7,1,2,3,0
2023-03-15 02:00:00,53.4,32.1,2,2,3,0
2023-03-15 03:00:00,55.87,32.6,3,2,3,0
2023-03-15 04:00:00,52.37,30.6,4,2,3,0
2023-03-15 05:00:00,57.1,31.8,5,2,3,0
2023-03-15 06:00:00,60.69,28.8,6,2,3,0
2023-03-15 07:00:00,65.07,30.7,7,2,3,0
2023-03-15 08:00:00,70.63,27.7,8,2,3,0
2023-03-15 09:00:00,75.15,27.1,9,2,3,0
2023-03-15 10:00:00,80.05,24.5,10,2,3,0
2023-03-15 11:00:00,78.18,25.1,11,2,3,0
2023-03-15 12:00:00,82.48,24.7,12,2,3,0
2023-03-15 13:00:00,81.14,24.1,13,2,3,0
2023-03-15 14:00:00,84.38,23.5,14,2,3,0
2023-03-15 15:00:00,83.53,23.4,15,2,3,0
2023-03-15 16:00:00,82.89,25.4,16,2,3,0
2023-03-15 17:00:00,87.81,25.2,17,2,3,0
2023-03-15 18:00:00,91.3,27.2,18,2,3,0
2023-03-15 19:00:00,91.44,26.5,19,2,3,0
2023-03-15 20:00:00,92.49,27.7,20,2,3,0
2023-03-15 21:00:00,97.85,29.7,21,2,3,0
2023-03-15 22:00:00,85.04,28.7,22,2,3,0
2023-03-15 23:00:00,76.02,29.9,23,2,3,0
2023-03-16 00:00:00,52.24,32.3,0,3,3,0
2023-03-16 01:00:00,51.77,30.9,1,3,3,0
2023-03-16 02:00:00,52.23,30.5,2,3,3,0
2023-03-16 03:00:00,57.32,33.4,3,3,3,0
2023-03-16 04:00:00,54.94,30.3,4,3,3,0
2023-03-16 05:00:00,56.09,31.0,5,3,3,0
2023-03-16 06:00:00,59.69,30.1,6,3,3,0
2023-03-16 07:00:00,65.85,26.8,7,3,3,0
2023-03-16 08:00:00,70.5,27.8,8,3,3,0
2023-03-16 09:00:00,73.86,27.3,9,3,3,0
2023-03-16 10:00:00,74.28,26.3,10,3,3,0
2023-03-16 11:00:00,79.53,25.9,11,3,3,0
2023-03-16 12:00:00,78.77,24.2,12,3,3,0
2023-03-16 13:00:00,82.8,24.7,13,3,3,0
2023-03-16 14:00:00,81.85,23.4,14,3,3,0
2023-03-16 15:00:00,83.34,23.0,15,3,3,0
2023-03-16 16:00:00,82.5,23.5,16,3,3,0
2023-03-16 17:00:00,92.28,24.0,17,3,3,0
2023-03-16 18:00:00,92.42,26.8,18,3,3,0
2023-03-16 19:00:00,94.69,25.8,19,3,3,0
2023-03-16 20:00:00,93.81,28.2,20,3,3,0
2023-03-16 21:00:00,95.8,28.8,21,3,3,0
2023-03-16 22:00:00,85.37,29.9,22,3,3,0
2023-03-16 23:00:00,79.62,31.9,23,3,3,0
2023-03-17 00:00:00,51.11,31.1,0,4,3,0
2023-03-17 01:00:00,52.38,32.4,1,4,3,0
2023-03-17 02:00:00,52.28,32.0,2,4,3,0
2023-03-17 03:00:00,56.64,31.7,3,4,3,0
2023-03-17 04:00:00,58.37,33.3,4,4,3,0
2023-03-17 05:00:00,55.14,29.7,5,4,3,0
2023-03-17 06:00:00,63.44,31.0,6,4,3,0
2023-03-17 07:00:00,63.48,29.6,7,4,3,0
2023-03-17 08:00:00,69.95,27.6,8,4,3,0
2023-03-17 09:00:00,75.67,28.3,9,4,3,0
2023-03-17 10:00:00,78.68,24.5,10,4,3,0
2023-03-17 11:00:00,77.98,24.8,11,4,3,0
2023-03-17 12:00:00,78.18,23.6,12,4,3,0
2023-03-17 13:00:00,80.14,24.5,13,4,3,0
2023-03-17 14:00:00,85.0,23.1,14,4,3,0
2023-03-17 15:00:00,81.9,24.5,15,4,3,0
2023-03-17 16:00:00,82.21,24.4,16,4,3,0
2023-03-17 17:00:00,90.32,24.8,17,4,3,0
2023-03-17 18:00:00,89.47,26.3,18,4,3,0
2023-03-17 19:00:00,89.14,26.7,19,4,3,0
2023-03-17 20:00:00,90.84,27.1,20,4,3,0
2023-03-17 21:00:00,96.92,31.3,21,4,3,0
2023-03-17 22:00:00,85.68,29.6,22,4,3,0
2023-03-17 23:00:00,73.82,29.1,23,4,3,0
2023-03-18 00:00:00,46.36,30.8,0,5,3,1
2023-03-18 01:00:00,45.28,30.8,1,5,3,1
2023-03-18 02:00:00,48.51,32.7,2,5,3,1
2023-03-18 03:00:00,52.55,32.1,3,5,3,1
2023-03-18 04:00:00,52.08,31.8,4,5,3,1
2023-03-18 05:00:00,50.97,30.5,5,5,3,1
2023-03-18 06:00:00,53.56,29.8,6,5,3,1
2023-03-18 07:00:00,58.08,28.7,7,5,3,1
2023-03-18 08:00:00,63.4,27.9,8,5,3,1
2023-03-18 09:00:00,70.39,27.6,9,5,3,1
2023-03-18 10:00:00,70.41,26.3,10,5,3,1
2023-03-18 11:00:00,71.98,25.6,11,5,3,1
2023-03-18 12:00:00,71.81,24.9,12,5,3,1
2023-03-18 13:00:00,75.18,24.8,13,5,3,1
2023-03-18 14:00:00,75.3,24.2,14,5,3,1
2023-03-18 15:00:00,74.88,24.4,15,5,3,1
2023-03-18 16:00:00,73.59,25.5,16,5,3,1
2023-03-18 17:00:00,80.08,24.6,17,5,3,1
2023-03-18 18:00:00,79.72,25.3,18,5,3,1
2023-03-18 19:00:00,82.94,26.0,19,5,3,1
2023-03-18 20:00:00,84.55,28.1,20,5,3,1
2023-03-18 21:00:00,80.37,27.6,21,5,3,1
2023-03-18 22:00:00,77.02,30.4,22,5,3,1
2023-03-18 23:00:00,66.92,30.7,23,5,3,1
2023-03-19 00:00:00,48.35,32.4,0,6,3,1
2023-03-19 01:00:00,48.09,31.3,1,6,3,1
2023-03-19 02:00:00,48.55,31.8,2,6,3,1
2023-03-19 03:00:00,51.65,32.8,3,6,3,1
2023-03-19 04:00:00,52.37,32.6,4,6,3,1
2023-03-19 05:00:00,49.67,30.3,5,6,3,1
2023-03-19 06:00:00,56.48,30.1,6,6,3,1
2023-03-19 07:00:00,57.82,29.3,7,6,3,1
2023-03-19 08:00:00,65.45,28.3,8,6,3,1
2023-03-19 09:00:00,68.08,26.8,9,6,3,1
2023-03-19 10:00:00,68.5,27.0,10,6,3,1
2023-03-19 11:00:00,70.61,23.7,11,6,3,1
2023-03-19 12:00:00,70.33,24.2,12,6,3,1
2023-03-19 13:00:00,75.17,24.5,13,6,3,1
2023-03-19 14:00:00,72.18,24.4,14,6,3,1
2023-03-19 15:00:00,77.09,25.2,15,6,3,1
2023-03-19 16:00:00,73.27,25.5,16,6,3,1
2023-03-19 17:00:00,81.75,24.9,17,6,3,1
2023-03-19 18:00:00,81.69,27.0,18,6,3,1
2023-03-19 19:00:00,83.51,26.4,19,6,3,1
2023-03-19 20:00:00,83.29,28.7,20,6,3,1
2023-03-19 21:00:00,87.3,30.5,21,6,3,1
2023-03-19 22:00:00,78.34,31.0,22,6,3,1
2023-03-19 23:00:00,66.75,30.9,23,6,3,1
2023-03-20 00:00:00,50.37,31.2,0,0,3,0
2023-03-20 01:00:00,51.06,30.6,1,0,3,0
2023-03-20 02:00:00,53.77,32.2,2,0,3,0
2023-03-20 03:00:00,55.37,31.0,3,0,3,0
2023-03-20 04:00:00,54.88,30.8,4,0,3,0
2023-03-20 05:00:00,53.98,29.9,5,0,3,0
2023-03-20 06:00:00,59.44,29.6,6,0,3,0
2023-03-20 07:00:00,64.23,29.0,7,0,3,0
2023-03-20 08:00:00,70.05,28.2,8,0,3,0
2023-03-20 09:00:00,74.41,26.5,9,0,3,0
2023-03-20 10:00:00,76.3,26.9,10,0,3,0
2023-03-20 11:00:00,80.26,25.0,11,0,3,0
2023-03-20 12:00:00,80.37,23.9,12,0,3,0
2023-03-20 13:00:00,81.86,24.3,13,0,3,0
2023-03-20 14:00:00,83.12,25.6,14,0,3,0
2023-03-20 15:00:00,83.04,24.4,15,0,3,0
2023-03-20 16:00:00,82.78,24.2,16,0,3,0
2023-03-20 17:00:00,90.11,23.9,17,0,3,0
2023-03-20 18:00:00,91.51,25.8,18,0,3,0
2023-03-20 19:00:00,89.38,27.2,19,0,3,0
2023-03-20 20:00:00,93.52,27.7,20,0,3,0
2023-03-20 21:00:00,91.47,27.7,21,0,3,0
2023-03-20 22:00:00,85.55,29.3,22,0,3,0
2023-03-20 23:00:00,78.72,32.0,23,0,3,0
2023-03-21 00:00:00,52.39,32.6,0,1,3,0
2023-03-21 01:00:00,52.19,31.2,1,1,3,0
2023-03-21 02:00:00,52.77,32.5,2,1,3,0
2023-03-21 03:00:00,54.97,30.9,3,1,3,0
2023-03-21 04:00:00,57.77,32.6,4,1,3,0
2023-03-21 05:00:00,57.34,31.0,5,1,3,0
2023-03-21 06:00:00,63.2,30.8,6,1,3,0
2023-03-21 07:00:00,63.31,27.7,7,1,3,0
2023-03-21 08:00:00,71.68,28.5,8,1,3,0
2023-03-21 09:00:00,78.24,27.0,9,1,3,0
2023-03-21 10:00:00,75.26,26.7,10,1,3,0
2023-03-21 11:00:00,78.8,25.9,11,1,3,0
2023-03-21 12:00:00,79.5,24.6,12,1,3,0
2023-03-21 13:00:00,83.49,23.7,13,1,3,0
2023-03-21 14:00:00,79.19,24.6,14,1,3,0
2023-03-21 15:00:00,86.1,24.1,15,1,3,0
2023-03-21 16:00:00,82.93,23.8,16,1,3,0
2023-03-21 17:00:00,90.81,24.4,17,1,3,0
2023-03-21 18:00:00,90.61,24.8,18,1,3,0
2023-03-21 19:00:00,93.14,26.6,19,1,3,0
2023-03-21 20:00:00,89.47,28.9,20,1,3,0
2023-03-21 21:00:00,93.79,29.2,21,1,3,0
2023-03-21 22:00:00,86.26,29.6,22,1,3,0
2023-03-21 23:00:00,77.42,31.5,23,1,3,0
2023-03-22 00:00:00,49.24,30.8,0,2,3,0
2023-03-22 01:00:00,53.21,31.9,1,2,3,0
2023-03-22 02:00:00,53.34,31.9,2,2,3,0
2023-03-22 03:00:00,54.97,32.5,3,2,3,0
2023-03-22 04:00:00,52.57,30.2,4,2,3,0
2023-03-22 05:00:00,55.7,30.1,5,2,3,0
2023-03-22 06:00:00,60.6,28.7,6,2,3,0
2023-03-22 07:00:00,67.59,28.8,7,2,3,0
2023-03-22 08:00:00,68.4,29.0,8,2,3,0
2023-03-22 09:00:00,77.17,26.6,9,2,3,0
2023-03-22 10:00:00,78.82,25.6,10,2,3,0
2023-03-22 11:00:00,78.16,25.9,11,2,3,0
2023-03-22 12:00:00,78.63,25.4,12,2,3,0
2023-03-22 13:00:00,80.35,24.1,13,2,3,0
2023-03-22 14:00:00,82.25,24.5,14,2,3,0
2023-03-22 15:00:00,83.45,23.3,15,2,3,0
2023-03-22 16:00:00,85.35,25.6,16,2,3,0
2023-03-22 17:00:00,91.15,26.9,17,2,3,0
2023-03-22 18:00:00,87.83,26.4,18,2,3,0
2023-03-22 19:00:00,90.81,25.3,19,2,3,0
2023-03-22 20:00:00,96.17,27.6,20,2,3,0
2023-03-22 21:00:00,93.51,29.5,21,2,3,0
2023-03-22 22:00:00,84.88,29.7,22,2,3,0
2023-03-22 23:00:00,74.87,31.8,23,2,3,0
2023-03-23 00:00:00,53.24,31.9,0,3,3,0
2023-03-23 01:00:00,50.55,31.3,1,3,3,0
2023-03-23 02:00:00,52.64,32.0,2,3,3,0
2023-03-23 03:00:00,55.29,31.1,3,3,3,0
2023-03-23 04:00:00,57.47,31.3,4,3,3,0
2023-03-23 05:00:00,55.1,30.4,5,3,3,0
2023-03-23 06:00:00,61.52,30.9,6,3,3,0
2023-03-23 07:00:00,68.08,30.7,7,3,3,0
2023-03-23 08:00:00,70.85,26.9,8,3,3,0
2023-03-23 09:00:00,75.46,25.4,9,3,3,0
2023-03-23 10:00:00,76.8,25.8,10,3,3,0
2023-03-23 11:00:00,76.62,24.0,11,3,3,0
2023-03-23 12:00:00,80.45,24.6,12,3,3,0
2023-03-23 13:00:00,81.96,24.7,13,3,3,0
2023-03-23 14:00:00,82.4,25.2,14,3,3,0
2023-03-23 15:00:00,81.48,24.3,15,3,3,0
2023-03-23 16:00:00,81.64,24.4,16,3,3,0
2023-03-23 17:00:00,90.29,23.6,17,3,3,0
2023-03-23 18:00:00,92.3,26.0,18,3,3,0
2023-03-23 19:00:00,91.65,27.0,19,3,3,0
2023-03-23 20:00:00,92.96,28.5,20,3,3,0
2023-03-23 21:00:00,92.68,28.5,21,3,3,0
2023-03-23 22:00:00,86.53,29.7,22,3,3,0
2023-03-23 23:00:00,74.76,29.6,23,3,3,0
2023-03-24 00:00:00,49.73,29.6,0,4,3,0
2023-03-24 01:00:00,52.42,31.0,1,4,3,0
2023-03-24 02:00:00,52.41,30.7,2,4,3,0
2023-03-24 03:00:00,54.23,32.1,3,4,3,0
2023-03-24 04:00:00,54.07,31.0,4,4,3,0
2023-03-24 05:00:00,56.6,30.4,5,4,3,0
2023-03-24 06:00:00,58.69,29.2,6,4,3,0
2023-03-24 07:00:00,64.35,26.4,7,4,3,0
2023-03-24 08:00:00,69.11,29.2,8,4,3,0
2023-03-24 09:00:00,74.2,26.2,9,4,3,0
2023-03-24 10:00:00,76.37,25.7,10,4,3,0
2023-03-24 11:00:00,81.7,24.0,11,4,3,0
2023-03-24 12:00:00,81.12,25.3,12,4,3,0
2023-03-24 13:00:00,81.25,24.3,13,4,3,0
2023-03-24 14:00:00,84.9,23.3,14,4,3,0
2023-03-24 15:00:00,82.87,23.8,15,4,3,0
2023-03-24 16:00:00,85.34,25.9,16,4,3,0
2023-03-24 17:00:00,93.09,25.1,17,4,3,0
2023-03-24 18:00:00,92.56,25.9,18,4,3,0
2023-03-24 19:00:00,92.41,26.2,19,4,3,0
2023-03-24 20:00:00,95.06,26.5,20,4,3,0
2023-03-24 21:00:00,94.3,28.9,21,4,3,0
2023-03-24 22:00:00,82.65,30.3,22,4,3,0
2023-03-24 23:00:00,76.28,31.7,23,4,3,0
2023-03-25 00:00:00,43.72,29.7,0,5,3,1
2023-03-25 01:00:00,46.44,31.0,1,5,3,1
2023-03-25 02:00:00,50.41,31.5,2,5,3,1
2023-03-25 03:00:00,51.15,31.9,3,5,3,1
2023-03-25 04:00:00,50.66,31.3,4,5,3,1
2023-03-25 05:00:00,51.25,30.7,5,5,3,1
2023-03-25 06:00:00,52.71,30.3,6,5,3,1
2023-03-25 07:00:00,59.32,28.3,7,5,3,1
2023-03-25 08:00:00,64.71,28.7,8,5,3,1
2023-03-25 09:00:00,65.06,27.3,9,5,3,1
2023-03-25 10:00:00,70.96,25.7,10,5,3,1
2023-03-25 11:00:00,68.94,26.5,11,5,3,1
2023-03-25 12:00:00,68.96,25.8,12,5,3,1
2023-03-25 13:00:00,76.04,24.9,13,5,3,1
2023-03-25 14:00:00,73.16,21.6,14,5,3,1
2023-03-25 15:00:00,73.63,25.4,15,5,3,1
2023-03-25 16:00:00,76.43,25.2,16,5,3,1
2023-03-25 17:00:00,79.74,26.8,17,5,3,1
2023-03-25 18:00:00,81.33,27.0,18,5,3,1
2023-03-25 19:00:00,82.65,28.2,19,5,3,1
2023-03-25 20:00:00,85.03,28.7,20,5,3,1
2023-03-25 21:00:00,85.74,30.1,21,5,3,1
2023-03-25 22:00:00,79.03,31.6,22,5,3,1
2023-03-25 23:00:00,68.26,31.0,23,5,3,1
2023-03-26 00:00:00,45.57,30.2,0,6,3,1
2023-03-26 01:00:00,48.13,31.6,1,6,3,1
2023-03-26 02:00:00,51.47,32.3,2,6,3,1
2023-03-26 03:00:00,49.62,31.9,3,6,3,1
2023-03-26 04:00:00,49.05,30.5,4,6,3,1
2023-03-26 05:00:00,49.2,29.5,5,6,3,1
2023-03-26 06:00:00,54.98,29.4,6,6,3,1
2023-03-26 07:00:00,57.83,29.7,7,6,3,1
2023-03-26 08:00:00,63.91,29.3,8,6,3,1
2023-03-26 09:00:00,64.66,27.7,9,6,3,1
2023-03-26 10:00:00,69.37,26.8,10,6,3,1
2023-03-26 11:00:00,72.83,25.1,11,6,3,1
2023-03-26 12:00:00,70.92,23.1,12,6,3,1
2023-03-26 13:00:00,74.18,23.8,13,6,3,1
2023-03-26 14:00:00,73.94,23.8,14,6,3,1
2023-03-26 15:00:00,73.4,23.7,15,6,3,1
2023-03-26 16:00:00,76.4,24.6,16,6,3,1
2023-03-26 17:00:00,78.44,25.5,17,6,3,1
2023-03-26 18:00:00,82.17,26.7,18,6,3,1
2023-03-26 19:00:00,83.58,26.7,19,6,3,1
2023-03-26 20:00:00,82.81,26.5,20,6,3,1
2023-03-26 21:00:00,85.13,28.6,21,6,3,1
2023-03-26 22:00:00,75.37,30.0,22,6,3,1
2023-03-26 23:00:00,70.72,31.8,23,6,3,1
2023-03-27 00:00:00,49.79,31.0,0,0,3,0
2023-03-27 01:00:00,53.3,32.3,1,0,3,0
2023-03-27 02:00:00,54.27,32.2,2,0,3,0
2023-03-27 03:00:00,56.31,31.9,3,0,3,0
2023-03-27 04:00:00,56.7,32.2,4,0,3,0
2023-03-27 05:00:00,56.3,30.3,5,0,3,0
2023-03-27 06:00:00,60.55,29.5,6,0,3,0
2023-03-27 07:00:00,65.58,29.0,7,0,3,0
2023-03-27 08:00:00,69.99,27.5,8,0,3,0
2023-03-27 09:00:00,77.56,27.4,9,0,3,0
2023-03-27 10:00:00,77.0,25.4,10,0,3,0
2023-03-27 11:00:00,76.37,25.4,11,0,3,0
2023-03-27 12:00:00,79.74,24.5,12,0,3,0
2023-03-27 13:00:00,82.84,24.3,13,0,3,0
2023-03-27 14:00:00,80.48,23.6,14,0,3,0
2023-03-27 15:00:00,81.67,23.9,15,0,3,0
2023-03-27 16:00:00,81.1,24.6,16,0,3,0
2023-03-27 17:00:00,90.59,25.3,17,0,3,0
2023-03-27 18:00:00,93.72,26.0,18,0,3,0
2023-03-27 19:00:00,91.86,28.3,19,0,3,0
2023-03-27 20:00:00,94.75,27.2,20,0,3,0
2023-03-27 21:00:00,95.21,29.0,21,0,3,0
2023-03-27 22:00:00,86.71,28.7,22,0,3,0
2023-03-27 23:00:00,75.56,31.1,23,0,3,0
2023-03-28 00:00:00,50.36,30.6,0,1,3,0
2023-03-28 01:00:00,52.45,31.6,1,1,3,0
2023-03-28 02:00:00,54.0,31.7,2,1,3,0
2023-03-28 03:00:00,57.97,32.1,3,1,3,0
2023-03-28 04:00:00,55.14,31.0,4,1,3,0
2023-03-28 05:00:00,54.5,30.4,5,1,3,0
2023-03-28 06:00:00,60.47,31.1,6,1,3,0
2023-03-28 07:00:00,66.84,29.3,7,1,3,0
2023-03-28 08:00:00,69.25,27.6,8,1,3,0
2023-03-28 09:00:00,77.02,26.8,9,1,3,0
2023-03-28 10:00:00,76.5,27.3,10,1,3,0
2023-03-28 11:00:00,77.09,25.0,11,1,3,0
2023-03-28 12:00:00,81.03,24.0,12,1,3,0
2023-03-28 13:00:00,81.08,23.6,13,1,3,0
2023-03-28 14:00:00,83.82,23.6,14,1,3,0
2023-03-28 15:00:00,83.94,23.7,15,1,3,0
2023-03-28 16:00:00,84.02,23.5,16,1,3,0
2023-03-28 17:00:00,88.73,24.3,17,1,3,0
2023-03-28 18:00:00,91.95,25.3,18,1,3,0
2023-03-28 19:00:00,90.56,27.4,19,1,3,0
2023-03-28 20:00:00,89.22,27.7,20,1,3,0
2023-03-28 21:00:00,95.58,28.9,21,1,3,0
2023-03-28 22:00:00,86.81,31.0,22,1,3,0
2023-03-28 23:00:00,76.59,31.9,23,1,3,0
2023-03-29 00:00:00,49.88,31.2,0,2,3,0
2023-03-29 01:00:00,50.55,31.4,1,2,3,0
2023-03-29 02:00:00,53.49,31.3,2,2,3,0
2023-03-29 03:00:00,57.46,32.4,3,2,3,0
2023-03-29 04:00:00,55.33,31.3,4,2,3,0
2023-03-29 05:00:00,55.14,30.5,5,2,3,0
2023-03-29 06:00:00,59.63,29.3,6,2,3,0
2023-03-29 07:00:00,67.66,28.4,7,2,3,0
2023-03-29 08:00:00,71.49,28.3,8,2,3,0
2023-03-29 09:00:00,74.62,25.9,9,2,3,0
2023-03-29 10:00:00,77.59,26.8,10,2,3,0
2023-03-29 11:00:00,79.58,24.7,11,2,3,0
2023-03-29 12:00:00,78.41,24.4,12,2,3,0
2023-03-29 13:00:00,83.34,23.1,13,2,3,0
2023-03-29 14:00:00,81.78,24.0,14,2,3,0
2023-03-29 15:00:00,80.64,23.9,15,2,3,0
2023-03-29 16:00:00,83.24,24.5,16,2,3,0
2023-03-29 17:00:00,89.06,26.3,17,2,3,0
2023-03-29 18:00:00,90.72,26.1,18,2,3,0
2023-03-29 19:00:00,90.85,26.3,19,2,3,0
2023-03-29 20:00:00,92.61,27.4,20,2,3,0
2023-03-29 21:00:00,96.97,29.5,21,2,3,0
2023-03-29 22:00:00,87.27,31.0,22,2,3,0
2023-03-29 23:00:00,75.12,31.1,23,2,3,0
2023-03-30 00:00:00,50.38,32.0,0,3,3,0
2023-03-30 01:00:00,52.85,32.4,1,3,3,0
2023-03-30 02:00:00,55.76,33.1,2,3,3,0
2023-03-30 03:00:00,52.61,30.3,3,3,3,0
2023-03-30 04:00:00,55.57,32.0,4,3,3,0
2023-03-30 05:00:00,56.22,31.6,5,3,3,0
2023-03-30 06:00:00,59.21,28.9,6,3,3,0
2023-03-30 07:00:00,65.88,28.3,7,3,3,0
2023-03-30 08:00:00,70.45,27.3,8,3,3,0
2023-03-30 09:00:00,76.12,26.4,9,3,3,0
2023-03-30 10:00:00,77.2,25.6,10,3,3,0
2023-03-30 11:00:00,78.29,25.4,11,3,3,0
2023-03-30 12:00:00,81.49,25.2,12,3,3,0
2023-03-30 13:00:00,83.31,25.0,13,3,3,0
2023-03-30 14:00:00,86.47,23.3,14,3,3,0
2023-03-30 15:00:00,84.12,23.5,15,3,3,0
2023-03-30 16:00:00,82.3,25.6,16,3,3,0
2023-03-30 17:00:00,87.61,25.7,17,3,3,0
2023-03-30 18:00:00,92.43,26.1,18,3,3,0
2023-03-30 19:00:00,90.76,27.3,19,3,3,0
2023-03-30 20:00:00,95.26,28.0,20,3,3,0
2023-03-30 21:00:00,93.46,29.5,21,3,3,0
2023-03-30 22:00:00,85.55,29.7,22,3,3,0
2023-03-30 23:00:00,74.85,31.0,23,3,3,0
2023-03-31 00:00:00,50.96,30.3,0,4,3,0
2023-03-31 01:00:00,51.22,31.3,1,4,3,0
2023-03-31 02:00:00,53.96,31.5,2,4,3,0
2023-03-31 03:00:00,54.61,31.6,3,4,3,0
2023-03-31 04:00:00,54.86,30.7,4,4,3,0
2023-03-31 05:00:00,54.98,30.4,5,4,3,0
2023-03-31 06:00:00,58.81,28.8,6,4,3,0
2023-03-31 07:00:00,65.67,29.5,7,4,3,0
2023-03-31 08:00:00,69.06,27.9,8,4,3,0
2023-03-31 09:00:00,74.51,25.6,9,4,3,0
2023-03-31 10:00:00,77.0,25.3,10,4,3,0
2023-03-31 11:00:00,78.44,25.4,11,4,3,0
2023-03-31 12:00:00,78.49,24.1,12,4,3,0
2023-03-31 13:00:00,83.6,23.6,13,4,3,0
2023-03-31 14:00:00,82.57,23.9,14,4,3,0
2023-03-31 15:00:00,82.75,24.4,15,4,3,0
2023-03-31 16:00:00,80.94,23.4,16,4,3,0
2023-03-31 17:00:00,92.85,25.6,17,4,3,0
2023-03-31 18:00:00,95.07,25.4,18,4,3,0
2023-03-31 19:00:00,90.82,27.0,19,4,3,0
2023-03-31 20:00:00,96.03,28.0,20,4,3,0
2023-03-31 21:00:00,94.1,28.6,21,4,3,0
2023-03-31 22:00:00,87.04,29.2,22,4,3,0
2023-03-31 23:00:00,76.41,30.6,23,4,3,0
2023-04-01 00:00:00,52.43,33.8,0,5,4,1
2023-04-01 01:00:00,48.45,31.8,1,5,4,1
2023-04-01 02:00:00,54.11,34.4,2,5,4,1
2023-04-01 03:00:00,53.94,32.7,3,5,4,1
2023-04-01 04:00:00,54.86,32.5,4,5,4,1
2023-04-01 05:00:00,52.54,31.0,5,5,4,1
2023-04-01 06:00:00,57.59,30.4,6,5,4,1
2023-04-01 07:00:00,63.53,29.6,7,5,4,1
2023-04-01 08:00:00,65.51,28.2,8,5,4,1
2023-04-01 09:00:00,72.97,27.8,9,5,4,1
2023-04-01 10:00:00,76.12,26.7,10,5,4,1
2023-04-01 11:00:00,76.28,27.7,11,5,4,1
2023-04-01 12:00:00,77.18,24.6,12,5,4,1
2023-04-01 13:00:00,75.32,25.2,13,5,4,1
2023-04-01 14:00:00,78.21,25.2,14,5,4,1
2023-04-01 15:00:00,82.93,24.3,15,5,4,1
2023-04-01 16:00:00,78.58,26.1,16,5,4,1
2023-04-01 17:00:00,87.61,25.9,17,5,4,1
2023-04-01 18:00:00,85.74,25.0,18,5,4,1
2023-04-01 19:00:00,87.79,28.5,19,5,4,1
2023-04-01 20:00:00,90.7,28.1,20,5,4,1
2023-04-01 21:00:00,90.66,29.2,21,5,4,1
2023-04-01 22:00:00,84.28,31.6,22,5,4,1
2023-04-01 23:00:00,72.75,31.6,23,5,4,1
2023-04-02 00:00:00,50.52,33.2,0,6,4,1
2023-04-02 01:00:00,52.43,33.8,1,6,4,1
2023-04-02 02:00:00,52.18,32.5,2,6,4,1
2023-04-02 03:00:00,54.65,33.5,3,6,4,1
2023-04-02 04:00:00,55.01,31.9,4,6,4,1
2023-04-02 05:00:00,57.04,33.6,5,6,4,1
2023-04-02 06:00:00,59.01,30.4,6,6,4,1
2023-04-02 07:00:00,64.56,30.9,7,6,4,1
2023-04-02 08:00:00,66.72,29.7,8,6,4,1
2023-04-02 09:00:00,72.8,28.2,9,6,4,1
2023-04-02 10:00:00,74.42,26.5,10,6,4,1
2023-04-02 11:00:00,76.87,26.1,11,6,4,1
2023-04-02 12:00:00,74.96,23.8,12,6,4,1
2023-04-02 13:00:00,75.29,25.3,13,6,4,1
2023-04-02 14:00:00,79.85,25.3,14,6,4,1
2023-04-02 15:00:00,80.14,25.2,15,6,4,1
2023-04-02 16:00:00,79.27,23.2,16,6,4,1
2023-04-02 17:00:00,85.43,25.2,17,6,4,1
2023-04-02 18:00:00,88.41,26.4,18,6,4,1
2023-04-02 19:00:00,87.46,28.2,19,6,4,1
2023-04-02 20:00:00,89.47,29.2,20,6,4,1
2023-04-02 21:00:00,91.46,29.9,21,6,4,1
2023-04-02 22:00:00,81.51,31.5,22,6,4,1
2023-04-02 23:00:00,73.01,31.0,23,6,4,1
2023-04-03 00:00:00,56.49,33.0,0,0,4,0
2023-04-03 01:00:00,59.47,33.2,1,0,4,0
2023-04-03 02:00:00,58.77,33.3,2,0,4,0
2023-04-03 03:00:00,59.63,32.7,3,0,4,0
2023-04-03 04:00:00,62.89,33.9,4,0,4,0
2023-04-03 05:00:00,60.09,32.2,5,0,4,0
2023-04-03 06:00:00,66.12,30.2,6,0,4,0
2023-04-03 07:00:00,72.69,30.2,7,0,4,0
2023-04-03 08:00:00,75.61,29.6,8,0,4,0
2023-04-03 09:00:00,80.05,27.5,9,0,4,0
2023-04-03 10:00:00,84.96,27.9,10,0,4,0
2023-04-03 11:00:00,85.33,26.5,11,0,4,0
2023-04-03 12:00:00,85.3,23.7,12,0,4,0
2023-04-03 13:00:00,89.63,25.4,13,0,4,0
2023-04-03 14:00:00,90.57,24.7,14,0,4,0
2023-04-03 15:00:00,87.85,25.6,15,0,4,0
2023-04-03 16:00:00,88.81,26.3,16,0,4,0
2023-04-03 17:00:00,95.89,26.3,17,0,4,0
2023-04-03 18:00:00,96.54,28.3,18,0,4,0
2023-04-03 19:00:00,95.57,27.8,19,0,4,0
2023-04-03 20:00:00,98.59,29.5,20,0,4,0
2023-04-03 21:00:00,99.77,30.7,21,0,4,0
2023-04-03 22:00:00,92.58,30.9,22,0,4,0
2023-04-03 23:00:00,81.17,32.5,23,0,4,0
2023-04-04 00:00:00,55.53,32.0,0,1,4,0
2023-04-04 01:00:00,58.82,32.5,1,1,4,0
2023-04-04 02:00:00,58.93,32.0,2,1,4,0
2023-04-04 03:00:00,58.03,33.1,3,1,4,0
2023-04-04 04:00:00,59.17,32.7,4,1,4,0
2023-04-04 05:00:00,60.87,32.8,5,1,4,0
2023-04-04 06:00:00,64.82,31.6,6,1,4,0
2023-04-04 07:00:00,67.84,29.8,7,1,4,0
2023-04-04 08:00:00,74.91,28.1,8,1,4,0
2023-04-04 09:00:00,81.91,28.3,9,1,4,0
2023-04-04 10:00:00,83.93,27.9,10,1,4,0
2023-04-04 11:00:00,83.35,26.8,11,1,4,0
2023-04-04 12:00:00,84.74,26.4,12,1,4,0
2023-04-04 13:00:00,87.9,25.0,13,1,4,0
2023-04-04 14:00:00,88.22,24.6,14,1,4,0
2023-04-04 15:00:00,89.73,24.5,15,1,4,0
2023-04-04 16:00:00,89.11,25.5,16,1,4,0
2023-04-04 17:00:00,94.21,26.1,17,1,4,0
2023-04-04 18:00:00,93.16,27.2,18,1,4,0
2023-04-04 19:00:00,100.83,27.9,19,1,4,0
2023-04-04 20:00:00,98.45,28.9,20,1,4,0
2023-04-04 21:00:00,101.41,29.4,21,1,4,0
2023-04-04 22:00:00,89.66,31.8,22,1,4,0
2023-04-04 23:00:00,82.16,31.9,23,1,4,0
2023-04-05 00:00:00,55.8,32.3,0,2,4,0
2023-04-05 01:00:00,56.93,32.3,1,2,4,0
2023-04-05 02:00:00,60.4,31.9,2,2,4,0
2023-04-05 03:00:00,60.22,33.9,3,2,4,0
2023-04-05 04:00:00,61.59,32.9,4,2,4,0
2023-04-05 05:00:00,59.49,30.5,5,2,4,0
2023-04-05 06:00:00,65.39,31.6,6,2,4,0
2023-04-05 07:00:00,72.19,30.8,7,2,4,0
2023-04-05 08:00:00,74.82,29.1,8,2,4,0
2023-04-05 09:00:00,82.41,29.2,9,2,4,0
2023-04-05 10:00:00,85.47,27.2,10,2,4,0
2023-04-05 11:00:00,84.32,25.0,11,2,4,0
2023-04-05 12:00:00,84.72,25.8,12,2,4,0
2023-04-05 13:00:00,89.03,25.3,13,2,4,0
2023-04-05 14:00:00,90.69,24.5,14,2,4,0
2023-04-05 15:00:00,86.95,25.6,15,2,4,0
2023-04-05 16:00:00,87.66,24.2,16,2,4,0
2023-04-05 17:00:00,96.06,27.0,17,2,4,0
2023-04-05 18:00:00,96.25,26.3,18,2,4,0
2023-04-05 19:00:00,96.37,27.2,19,2,4,0
2023-04-05 20:00:00,100.72,28.9,20,2,4,0
2023-04-05 21:00:00,103.19,30.4,21,2,4,0
2023-04-05 22:00:00,91.44,31.1,22,2,4,0
2023-04-05 23:00:00,81.43,31.2,23,2,4,0
2023-04-06 00:00:00,54.91,32.1,0,3,4,0
2023-04-06 01:00:00,55.35,32.0,1,3,4,0
2023-04-06 02:00:00,57.97,32.8,2,3,4,0
2023-04-06 03:00:00,60.7,33.7,3,3,4,0
2023-04-06 04:00:00,58.73,32.5,4,3,4,0
2023-04-06 05:00:00,60.89,32.5,5,3,4,0
2023-04-06 06:00:00,67.01,32.2,6,3,4,0
2023-04-06 07:00:00,71.25,29.6,7,3,4,0
2023-04-06 08:00:00,74.49,28.9,8,3,4,0
2023-04-06 09:00:00,79.83,29.7,9,3,4,0
2023-04-06 10:00:00,82.15,28.2,10,3,4,0
2023-04-06 11:00:00,83.21,24.8,11,3,4,0
2023-04-06 12:00:00,86.04,25.8,12,3,4,0
2023-04-06 13:00:00,86.78,25.1,13,3,4,0
2023-04-06 14:00:00,83.96,25.7,14,3,4,0
2023-04-06 15:00:00,94.46,24.5,15,3,4,0
2023-04-06 16:00:00,88.63,24.9,16,3,4,0
2023-04-06 17:00:00,95.03,25.6,17,3,4,0
2023-04-06 18:00:00,93.73,26.5,18,3,4,0
2023-04-06 19:00:00,95.44,28.6,19,3,4,0
2023-04-06 20:00:00,99.55,28.1,20,3,4,0
2023-04-06 21:00:00,101.49,29.5,21,3,4,0
2023-04-06 22:00:00,91.37,29.6,22,3,4,0
2023-04-06 23:00:00,83.37,32.6,23,3,4,0
2023-04-07 00:00:00,56.01,33.5,0,4,4,0
2023-04-07 01:00:00,54.69,32.6,1,4,4,0
2023-04-07 02:00:00,58.36,32.8,2,4,4,0
2023-04-07 03:00:00,59.48,33.2,3,4,4,0
2023-04-07 04:00:00,60.27,33.6,4,4,4,0
2023-04-07 05:00:00,61.86,32.2,5,4,4,0
2023-04-07 06:00:00,62.9,30.4,6,4,4,0
2023-04-07 07:00:00,69.79,28.7,7,4,4,0
2023-04-07 08:00:00,72.97,28.1,8,4,4,0
2023-04-07 09:00:00,81.06,28.0,9,4,4,0
2023-04-07 10:00:00,83.9,26.5,10,4,4,0
2023-04-07 11:00:00,83.56,26.3,11,4,4,0
2023-04-07 12:00:00,87.84,25.1,12,4,4,0
2023-04-07 13:00:00,90.43,24.3,13,4,4,0
2023-04-07 14:00:00,88.79,24.1,14,4,4,0
2023-04-07 15:00:00,89.29,26.4,15,4,4,0
2023-04-07 16:00:00,90.14,26.2,16,4,4,0
2023-04-07 17:00:00,95.83,27.6,17,4,4,0
2023-04-07 18:00:00,97.27,27.4,18,4,4,0
2023-04-07 19:00:00,97.15,27.6,19,4,4,0
2023-04-07 20:00:00,97.92,30.1,20,4,4,0
2023-04-07 21:00:00,98.87,30.0,21,4,4,0
2023-04-07 22:00:00,96.07,31.2,22,4,4,0
2023-04-07 23:00:00,82.53,31.8,23,4,4,0
2023-04-08 00:00:00,47.66,30.1,0,5,4,1
2023-04-08 01:00:00,54.9,34.1,1,5,4,1
2023-04-08 02:00:00,53.04,33.4,2,5,4,1
2023-04-08 03:00:00,55.0,33.1,3,5,4,1
2023-04-08 04:00:00,54.61,32.4,4,5,4,1
2023-04-08 05:00:00,55.51,32.0,5,5,4,1
2023-04-08 06:00:00,58.17,30.5,6,5,4,1
2023-04-08 07:00:00,62.66,30.5,7,5,4,1
2023-04-08 08:00:00,66.29,28.0,8,5,4,1
2023-04-08 09:00:00,71.59,28.1,9,5,4,1
2023-04-08 10:00:00,74.22,27.4,10,5,4,1
2023-04-08 11:00:00,73.25,26.0,11,5,4,1
2023-04-08 12:00:00,74.68,25.8,12,5,4,1
2023-04-08 13:00:00,78.81,24.3,13,5,4,1
2023-04-08 14:00:00,79.35,24.2,14,5,4,1
2023-04-08 15:00:00,79.87,25.3,15,5,4,1
2023-04-08 16:00:00,79.49,26.1,16,5,4,1
2023-04-08 17:00:00,89.82,24.7,17,5,4,1
2023-04-08 18:00:00,87.07,27.4,18,5,4,1
2023-04-08 19:00:00,87.6,27.5,19,5,4,1
2023-04-08 20:00:00,89.94,28.8,20,5,4,1
2023-04-08 21:00:00,92.13,29.0,21,5,4,1
2023-04-08 22:00:00,82.01,30.3,22,5,4,1
2023-04-08 23:00:00,76.15,32.6,23,5,4,1
2023-04-09 00:00:00,51.15,32.5,0,6,4,1
2023-04-09 01:00:00,51.58,32.6,1,6,4,1
2023-04-09 02:00:00,53.3,32.9,2,6,4,1
2023-04-09 03:00:00,56.27,33.3,3,6,4,1
2023-04-09 04:00:00,55.27,32.8,4,6,4,1
2023-04-09 05:00:00,53.74,31.8,5,6,4,1
2023-04-09 06:00:00,59.87,31.9,6,6,4,1
2023-04-09 07:00:00,61.55,30.8,7,6,4,1
2023-04-09 08:00:00,67.98,29.3,8,6,4,1
2023-04-09 09:00:00,74.74,28.0,9,6,4,1
2023-04-09 10:00:00,72.17,27.5,10,6,4,1
2023-04-09 11:00:00,75.91,26.4,11,6,4,1
2023-04-09 12:00:00,78.21,26.4,12,6,4,1
2023-04-09 13:00:00,80.36,25.9,13,6,4,1
2023-04-09 14:00:00,81.66,24.2,14,6,4,1
2023-04-09 15:00:00,76.5,24.3,15,6,4,1
2023-04-09 16:00:00,80.39,25.0,16,6,4,1
2023-04-09 17:00:00,82.73,27.0,17,6,4,1
2023-04-09 18:00:00,85.05,25.7,18,6,4,1
2023-04-09 19:00:00,89.79,28.3,19,6,4,1
2023-04-09 20:00:00,90.4,29.3,20,6,4,1
2023-04-09 21:00:00,93.99,31.0,21,6,4,1
2023-04-09 22:00:00,81.51,31.1,22,6,4,1
2023-04-09 23:00:00,75.14,30.8,23,6,4,1
2023-04-10 00:00:00,55.65,31.7,0,0,4,0
2023-04-10 01:00:00,57.18,31.9,1,0,4,0
2023-04-10 02:00:00,57.14,32.6,2,0,4,0
2023-04-10 03:00:00,60.62,32.7,3,0,4,0
2023-04-10 04:00:00,58.73,31.5,4,0,4,0
2023-04-10 05:00:00,61.29,33.0,5,0,4,0
2023-04-10 06:00:00,64.88,29.9,6,0,4,0
2023-04-10 07:00:00,72.26,31.1,7,0,4,0
2023-04-10 08:00:00,74.83,29.9,8,0,4,0
2023-04-10 09:00:00,83.94,28.7,9,0,4,0
2023-04-10 10:00:00,85.25,26.4,10,0,4,0
2023-04-10 11:00:00,85.03,26.4,11,0,4,0
2023-04-10 12:00:00,85.85,24.5,12,0,4,0
2023-04-10 13:00:00,87.86,25.9,13,0,4,0
2023-04-10 14:00:00,85.86,24.9,14,0,4,0
2023-04-10 15:00:00,88.59,24.8,15,0,4,0
2023-04-10 16:00:00,88.56,24.6,16,0,4,0
2023-04-10 17:00:00,93.86,24.2,17,0,4,0
2023-04-10 18:00:00,95.93,26.2,18,0,4,0
2023-04-10 19:00:00,93.77,28.9,19,0,4,0
2023-04-10 20:00:00,97.69,28.7,20,0,4,0
2023-04-10 21:00:00,103.05,29.9,21,0,4,0
2023-04-10 22:00:00,95.35,31.5,22,0,4,0
2023-04-10 23:00:00,82.48,33.3,23,0,4,0
2023-04-11 00:00:00,57.32,33.5,0,1,4,0
2023-04-11 01:00:00,57.62,32.1,1,1,4,0
2023-04-11 02:00:00,56.26,31.4,2,1,4,0
2023-04-11 03:00:00,62.63,34.8,3,1,4,0
2023-04-11 04:00:00,62.38,34.3,4,1,4,0
2023-04-11 05:00:00,62.0,32.0,5,1,4,0
2023-04-11 06:00:00,62.77,30.0,6,1,4,0
2023-04-11 07:00:00,69.74,30.8,7,1,4,0
2023-04-11 08:00:00,75.31,28.9,8,1,4,0
2023-04-11 09:00:00,81.0,27.9,9,1,4,0
2023-04-11 10:00:00,82.39,27.7,10,1,4,0
2023-04-11 11:00:00,84.99,26.4,11,1,4,0
2023-04-11 12:00:00,83.7,24.6,12,1,4,0
2023-04-11 13:00:00,85.1,24.9,13,1,4,0
2023-04-11 14:00:00,87.58,25.5,14,1,4,0
2023-04-11 15:00:00,87.76,25.5,15,1,4,0
2023-04-11 16:00:00,87.94,25.7,16,1,4,0
2023-04-11 17:00:00,97.1,26.9,17,1,4,0
2023-04-11 18:00:00,97.87,26.7,18,1,4,0
2023-04-11 19:00:00,99.07,28.1,19,1,4,0
2023-04-11 20:00:00,100.13,26.3,20,1,4,0
2023-04-11 21:00:00,100.29,29.7,21,1,4,0
2023-04-11 22:00:00,91.18,31.6,22,1,4,0
2023-04-11 23:00:00,79.95,31.5,23,1,4,0
2023-04-12 00:00:00,54.8,32.1,0,2,4,0
2023-04-12 01:00:00,56.38,32.0,1,2,4,0
2023-04-12 02:00:00,58.51,33.8,2,2,4,0
2023-04-12 03:00:00,60.31,33.3,3,2,4,0
2023-04-12 04:00:00,60.78,33.1,4,2,4,0
2023-04-12 05:00:00,58.4,30.4,5,2,4,0
2023-04-12 06:00:00,66.71,30.9,6,2,4,0
2023-04-12 07:00:00,66.81,29.8,7,2,4,0
2023-04-12 08:00:00,74.39,28.8,8,2,4,0
2023-04-12 09:00:00,77.33,27.5,9,2,4,0
2023-04-12 10:00:00,82.84,26.7,10,2,4,0
2023-04-12 11:00:00,85.28,26.9,11,2,4,0
2023-04-12 12:00:00,83.03,24.0,12,2,4,0
2023-04-12 13:00:00,85.34,26.6,13,2,4,0
2023-04-12 14:00:00,85.62,25.4,14,2,4,0
2023-04-12 15:00:00,88.51,25.1,15,2,4,0
2023-04-12 16:00:00,87.84,26.3,16,2,4,0
2023-04-12 17:00:00,94.38,25.0,17,2,4,0
2023-04-12 18:00:00,95.83,26.5,18,2,4,0
2023-04-12 19:00:00,96.33,27.9,19,2,4,0
2023-04-12 20:00:00,103.14,30.1,20,2,4,0
2023-04-12 21:00:00,101.97,30.0,21,2,4,0
2023-04-12 22:00:00,90.39,31.4,22,2,4,0
2023-04-12 23:00:00,80.56,31.4,23,2,4,0
2023-04-13 00:00:00,55.59,32.9,0,3,4,0
2023-04-13 01:00:00,60.44,34.2,1,3,4,0
2023-04-13 02:00:00,60.37,33.8,2,3,4,0
2023-04-13 03:00:00,59.41,32.8,3,3,4,0
2023-04-13 04:00:00,62.63,33.0,4,3,4,0
2023-04-13 05:00:00,62.64,32.3,5,3,4,0
2023-04-13 06:00:00,65.68,31.4,6,3,4,0
2023-04-13 07:00:00,70.75,30.9,7,3,4,0
2023-04-13 08:00:00,75.5,29.9,8,3,4,0
2023-04-13 09:00:00,79.43,27.9,9,3,4,0
2023-04-13 10:00:00,85.13,27.5,10,3,4,0
2023-04-13 11:00:00,82.52,25.9,11,3,4,0
2023-04-13 12:00:00,86.54,24.8,12,3,4,0
2023-04-13 13:00:00,88.44,24.9,13,3,4,0
2023-04-13 14:00:00,87.9,24.9,14,3,4,0
2023-04-13 15:00:00,91.37,23.8,15,3,4,0
2023-04-13 16:00:00,85.84,26.2,16,3,4,0
2023-04-13 17:00:00,94.73,24.0,17,3,4,0
2023-04-13 18:00:00,95.85,29.2,18,3,4,0
2023-04-13 19:00:00,100.09,29.2,19,3,4,0
2023-04-13 20:00:00,100.38,28.8,20,3,4,0
2023-04-13 21:00:00,98.25,30.0,21,3,4,0
2023-04-13 22:00:00,94.18,31.2,22,3,4,0
2023-04-13 23:00:00,82.29,31.4,23,3,4,0
2023-04-14 00:00:00,55.07,32.6,0,4,4,0
2023-04-14 01:00:00,56.92,32.7,1,4,4,0
2023-04-14 02:00:00,57.28,32.9,2,4,4,0
2023-04-14 03:00:00,59.61,33.0,3,4,4,0
2023-04-14 04:00:00,59.1,31.4,4,4,4,0
2023-04-14 05:00:00,60.26,31.9,5,4,4,0
2023-04-14 06:00:00,65.06,31.1,6,4,4,0
2023-04-14 07:00:00,68.25,30.1,7,4,4,0
2023-04-14 08:00:00,75.39,28.8,8,4,4,0
2023-04-14 09:00:00,77.97,28.9,9,4,4,0
2023-04-14 10:00:00,82.52,26.7,10,4,4,0
2023-04-14 11:00:00,81.28,26.4,11,4,4,0
2023-04-14 12:00:00,85.25,26.6,12,4,4,0
2023-04-14 13:00:00,87.31,25.1,13,4,4,0
2023-04-14 14:00:00,89.06,25.2,14,4,4,0
2023-04-14 15:00:00,89.82,25.1,15,4,4,0
2023-04-14 16:00:00,90.12,26.5,16,4,4,0
2023-04-14 17:00:00,92.04,26.0,17,4,4,0
2023-04-14 18:00:00,96.38,28.0,18,4,4,0
2023-04-14 19:00:00,101.76,27.9,19,4,4,0
2023-04-14 20:00:00,99.94,28.3,20,4,4,0
2023-04-14 21:00:00,100.63,30.6,21,4,4,0
2023-04-14 22:00:00,91.51,30.8,22,4,4,0
2023-04-14 23:00:00,82.1,32.3,23,4,4,0
2023-04-15 00:00:00,47.0,30.3,0,5,4,1
2023-04-15 01:00:00,53.07,32.9,1,5,4,1
2023-04-15 02:00:00,53.42,32.6,2,5,4,1
2023-04-15 03:00:00,51.72,32.0,3,5,4,1
2023-04-15 04:00:00,53.96,32.0,4,5,4,1
2023-04-15 05:00:00,53.7,31.4,5,5,4,1
2023-04-15 06:00:00,57.29,31.0,6,5,4,1
2023-04-15 07:00:00,60.29,28.9,7,5,4,1
2023-04-15 08:00:00,66.03,29.3,8,5,4,1
2023-04-15 09:00:00,72.8,29.1,9,5,4,1
2023-04-15 10:00:00,73.52,27.2,10,5,4,1
2023-04-15 11:00:00,74.18,26.8,11,5,4,1
2023-04-15 12:00:00,76.03,26.4,12,5,4,1
2023-04-15 13:00:00,79.8,26.1,13,5,4,1
2023-04-15 14:00:00,80.15,26.5,14,5,4,1
2023-04-15 15:00:00,81.2,24.7,15,5,4,1
2023-04-15 16:00:00,79.19,25.0,16,5,4,1
2023-04-15 17:00:00,88.2,26.8,17,5,4,1
2023-04-15 18:00:00,87.46,27.6,18,5,4,1
2023-04-15 19:00:00,87.4,28.6,19,5,4,1
2023-04-15 20:00:00,91.72,30.5,20,5,4,1
2023-04-15 21:00:00,89.11,30.0,21,5,4,1
2023-04-15 22:00:00,82.78,31.3,22,5,4,1
2023-04-15 23:00:00,73.86,31.0,23,5,4,1
2023-04-16 00:00:00,53.4,34.2,0,6,4,1
2023-04-16 01:00:00,51.46,32.6,1,6,4,1
2023-04-16 02:00:00,55.81,32.8,2,6,4,1
2023-04-16 03:00:00,53.63,32.6,3,6,4,1
2023-04-16 04:00:00,52.19,31.9,4,6,4,1
2023-04-16 05:00:00,55.35,31.2,5,6,4,1
2023-04-16 06:00:00,59.39,30.6,6,6,4,1
2023-04-16 07:00:00,62.39,28.9,7,6,4,1
2023-04-16 08:00:00,66.79,28.4,8,6,4,1
2023-04-16 09:00:00,73.96,29.5,9,6,4,1
2023-04-16 10:00:00,76.7,27.6,10,6,4,1
2023-04-16 11:00:00,75.99,26.9,11,6,4,1
2023-04-16 12:00:00,74.33,26.5,12,6,4,1
2023-04-16 13:00:00,73.0,26.6,13,6,4,1
2023-04-16 14:00:00,80.19,23.6,14,6,4,1
2023-04-16 15:00:00,77.94,24.2,15,6,4,1
2023-04-16 16:00:00,79.4,24.9,16,6,4,1
2023-04-16 17:00:00,83.96,25.8,17,6,4,1
2023-04-16 18:00:00,85.26,26.8,18,6,4,1
2023-04-16 19:00:00,86.9,27.6,19,6,4,1
2023-04-16 20:00:00,88.74,29.2,20,6,4,1
2023-04-16 21:00:00,93.0,30.1,21,6,4,1
2023-04-16 22:00:00,83.16,30.4,22,6,4,1
2023-04-16 23:00:00,70.39,30.1,23,6,4,1
2023-04-17 00:00:00,53.96,31.7,0,0,4,0
2023-04-17 01:00:00,57.28,32.4,1,0,4,0
2023-04-17 02:00:00,59.52,32.8,2,0,4,0
2023-04-17 03:00:00,59.64,32.0,3,0,4,0
2023-04-17 04:00:00,58.74,32.1,4,0,4,0
2023-04-17 05:00:00,60.47,30.9,5,0,4,0
2023-04-17 06:00:00,63.27,30.9,6,0,4,0
2023-04-17 07:00:00,68.98,29.2,7,0,4,0
2023-04-17 08:00:00,75.6,28.3,8,0,4,0
2023-04-17 09:00:00,77.74,26.9,9,0,4,0
2023-04-17 10:00:00,85.67,26.9,10,0,4,0
2023-04-17 11:00:00,86.16,25.5,11,0,4,0
2023-04-17 12:00:00,86.19,26.3,12,0,4,0
2023-04-17 13:00:00,85.76,25.5,13,0,4,0
2023-04-17 14:00:00,88.29,24.9,14,0,4,0
2023-04-17 15:00:00,89.7,24.5,15,0,4,0
2023-04-17 16:00:00,86.56,25.8,16,0,4,0
2023-04-17 17:00:00,94.55,26.7,17,0,4,0
2023-04-17 18:00:00,98.12,27.1,18,0,4,0
2023-04-17 19:00:00,95.62,29.2,19,0,4,0
2023-04-17 20:00:00,100.82,29.4,20,0,4,0
2023-04-17 21:00:00,99.16,30.8,21,0,4,0
2023-04-17 22:00:00,90.43,31.1,22,0,4,0
2023-04-17 23:00:00,82.04,32.4,23,0,4,0
2023-04-18 00:00:00,55.6,31.8,0,1,4,0
2023-04-18 01:00:00,56.34,32.5,1,1,4,0
2023-04-18 02:00:00,59.19,33.3,2,1,4,0
2023-04-18 03:00:00,59.2,33.1,3,1,4,0
2023-04-18 04:00:00,60.19,32.9,4,1,4,0
2023-04-18 05:00:00,62.9,32.7,5,1,4,0
2023-04-18 06:00:00,62.8,29.9,6,1,4,0
2023-04-18 07:00:00,70.33,29.3,7,1,4,0
2023-04-18 08:00:00,75.16,29.2,8,1,4,0
2023-04-18 09:00:00,79.99,27.4,9,1,4,0
2023-04-18 10:00:00,81.45,29.7,10,1,4,0
2023-04-18 11:00:00,82.3,26.6,11,1,4,0
2023-04-18 12:00:00,84.0,25.5,12,1,4,0
2023-04-18 13:00:00,87.08,24.7,13,1,4,0
2023-04-18 14:00:00,89.39,24.6,14,1,4,0
2023-04-18 15:00:00,87.91,25.2,15,1,4,0
2023-04-18 16:00:00,88.02,25.6,16,1,4,0
2023-04-18 17:00:00,94.72,25.8,17,1,4,0
2023-04-18 18:00:00,97.34,26.8,18,1,4,0
2023-04-18 19:00:00,99.28,29.0,19,1,4,0
2023-04-18 20:00:00,98.48,30.1,20,1,4,0
2023-04-18 21:00:00,101.18,30.2,21,1,4,0
2023-04-18 22:00:00,92.6,29.9,22,1,4,0
2023-04-18 23:00:00,80.74,32.3,23,1,4,0
2023-04-19 00:00:00,57.46,33.7,0,2,4,0
2023-04-19 01:00:00,58.66,34.0,1,2,4,0
2023-04-19 02:00:00,58.86,33.6,2,2,4,0
2023-04-19 03:00:00,62.6,34.0,3,2,4,0
2023-04-19 04:00:00,60.3,32.5,4,2,4,0
2023-04-19 05:00:00,62.7,32.3,5,2,4,0
2023-04-19 06:00:00,64.87,30.5,6,2,4,0
2023-04-19 07:00:00,71.15,30.3,7,2,4,0
2023-04-19 08:00:00,75.44,30.1,8,2,4,0
2023-04-19 09:00:00,80.01,27.5,9,2,4,0
2023-04-19 10:00:00,83.1,26.3,10,2,4,0
2023-04-19 11:00:00,84.76,26.2,11,2,4,0
2023-04-19 12:00:00,86.11,25.4,12,2,4,0
2023-04-19 13:00:00,87.93,25.7,13,2,4,0
2023-04-19 14:00:00,86.21,24.6,14,2,4,0
2023-04-19 15:00:00,87.08,26.5,15,2,4,0
2023-04-19 16:00:00,89.8,24.5,16,2,4,0
2023-04-19 17:00:00,91.42,27.2,17,2,4,0
2023-04-19 18:00:00,97.01,26.4,18,2,4,0
2023-04-19 19:00:00,97.9,26.5,19,2,4,0
2023-04-19 20:00:00,101.53,29.2,20,2,4,0
2023-04-19 21:00:00,102.0,29.8,21,2,4,0
2023-04-19 22:00:00,89.7,30.1,22,2,4,0
2023-04-19 23:00:00,79.46,30.5,23,2,4,0
2023-04-20 00:00:00,55.45,32.5,0,3,4,0
2023-04-20 01:00:00,58.91,33.6,1,3,4,0
2023-04-20 02:00:00,57.0,33.5,2,3,4,0
2023-04-20 03:00:00,59.82,32.9,3,3,4,0
2023-04-20 04:00:00,59.7,32.8,4,3,4,0
2023-04-20 05:00:00,60.7,31.8,5,3,4,0
2023-04-20 06:00:00,64.55,29.9,6,3,4,0
2023-04-20 07:00:00,66.87,28.9,7,3,4,0
2023-04-20 08:00:00,74.61,28.8,8,3,4,0
2023-04-20 09:00:00,81.09,27.8,9,3,4,0
2023-04-20 10:00:00,82.61,27.7,10,3,4,0
2023-04-20 11:00:00,83.9,26.8,11,3,4,0
2023-04-20 12:00:00,83.24,26.0,12,3,4,0
2023-04-20 13:00:00,85.59,24.9,13,3,4,0
2023-04-20 14:00:00,86.14,23.9,14,3,4,0
2023-04-20 15:00:00,89.31,25.5,15,3,4,0
2023-04-20 16:00:00,88.21,26.0,16,3,4,0
2023-04-20 17:00:00,94.78,24.3,17,3,4,0
2023-04-20 18:00:00,93.43,26.3,18,3,4,0
2023-04-20 19:00:00,98.04,27.4,19,3,4,0
2023-04-20 20:00:00,101.01,29.1,20,3,4,0
2023-04-20 21:00:00,97.31,29.4,21,3,4,0
2023-04-20 22:00:00,90.99,31.0,22,3,4,0
2023-04-20 23:00:00,79.65,31.7,23,3,4,0
2023-04-21 00:00:00,55.3,32.3,0,4,4,0
2023-04-21 01:00:00,55.9,32.3,1,4,4,0
2023-04-21 02:00:00,58.48,32.5,2,4,4,0
2023-04-21 03:00:00,58.75,32.0,3,4,4,0
2023-04-21 04:00:00,61.96,32.8,4,4,4,0
2023-04-21 05:00:00,61.04,32.3,5,4,4,0
2023-04-21 06:00:00,65.14,30.4,6,4,4,0
2023-04-21 07:00:00,71.04,31.3,7,4,4,0
2023-04-21 08:00:00,73.39,28.7,8,4,4,0
2023-04-21 09:00:00,82.35,29.2,9,4,4,0
2023-04-21 10:00:00,84.37,26.5,10,4,4,0
2023-04-21 11:00:00,85.19,24.6,11,4,4,0
2023-04-21 12:00:00,85.37,25.9,12,4,4,0
2023-04-21 13:00:00,85.75,25.3,13,4,4,0
2023-04-21 14:00:00,90.27,25.0,14,4,4,0
2023-04-21 15:00:00,89.35,24.6,15,4,4,0
2023-04-21 16:00:00,91.72,25.5,16,4,4,0
2023-04-21 17:00:00,92.84,25.8,17,4,4,0
2023-04-21 18:00:00,98.03,26.8,18,4,4,0
2023-04-21 19:00:00,99.1,28.6,19,4,4,0
2023-04-21 20:00:00,99.21,29.1,20,4,4,0
2023-04-21 21:00:00,104.6,30.5,21,4,4,0
2023-04-21 22:00:00,92.31,30.8,22,4,4,0
2023-04-21 23:00:00,80.45,31.6,23,4,4,0
2023-04-22 00:00:00,49.46,31.5,0,5,4,1
2023-04-22 01:00:00,50.93,32.6,1,5,4,1
2023-04-22 02:00:00,49.6,30.3,2,5,4,1
2023-04-22 03:00:00,54.28,32.4,3,5,4,1
2023-04-22 04:00:00,55.56,32.4,4,5,4,1
2023-04-22 05:00:00,55.62,32.3,5,5,4,1
2023-04-22 06:00:00,58.04,30.8,6,5,4,1
2023-04-22 07:00:00,64.15,30.3,7,5,4,1
2023-04-22 08:00:00,68.44,27.3,8,5,4,1
2023-04-22 09:00:00,69.81,27.9,9,5,4,1
2023-04-22 10:00:00,74.4,25.7,10,5,4,1
2023-04-22 11:00:00,75.38,25.2,11,5,4,1
2023-04-22 12:00:00,78.16,25.4,12,5,4,1
2023-04-22 13:00:00,79.22,26.2,13,5,4,1
2023-04-22 14:00:00,80.36,25.3,14,5,4,1
2023-04-22 15:00:00,78.77,25.2,15,5,4,1
2023-04-22 16:00:00,79.56,25.5,16,5,4,1
2023-04-22 17:00:00,87.04,25.6,17,5,4,1
2023-04-22 18:00:00,86.72,26.6,18,5,4,1
2023-04-22 19:00:00,88.61,28.3,19,5,4,1
2023-04-22 20:00:00,86.91,27.9,20,5,4,1
2023-04-22 21:00:00,91.91,30.5,21,5,4,1
2023-04-22 22:00:00,79.23,30.7,22,5,4,1
2023-04-22 23:00:00,74.28,32.5,23,5,4,1
2023-04-23 00:00:00,51.67,33.2,0,6,4,1
2023-04-23 01:00:00,51.29,31.5,1,6,4,1
2023-04-23 02:00:00,51.71,32.5,2,6,4,1
2023-04-23 03:00:00,53.7,32.2,3,6,4,1
2023-04-23 04:00:00,54.38,31.0,4,6,4,1
2023-04-23 05:00:00,53.14,31.0,5,6,4,1
2023-04-23 06:00:00,59.75,33.0,6,6,4,1
2023-04-23 07:00:00,64.27,30.5,7,6,4,1
2023-04-23 08:00:00,67.58,30.5,8,6,4,1
2023-04-23 09:00:00,71.54,28.6,9,6,4,1
2023-04-23 10:00:00,75.64,26.4,10,6,4,1
2023-04-23 11:00:00,78.61,25.9,11,6,4,1
2023-04-23 12:00:00,75.07,26.0,12,6,4,1
2023-04-23 13:00:00,77.4,25.5,13,6,4,1
2023-04-23 14:00:00,78.84,24.5,14,6,4,1
2023-04-23 15:00:00,78.66,23.9,15,6,4,1
2023-04-23 16:00:00,82.73,28.2,16,6,4,1
2023-04-23 17:00:00,84.45,26.1,17,6,4,1
2023-04-23 18:00:00,86.14,26.7,18,6,4,1
2023-04-23 19:00:00,91.24,28.1,19,6,4,1
2023-04-23 20:00:00,90.82,28.8,20,6,4,1
2023-04-23 21:00:00,93.39,30.1,21,6,4,1
2023-04-23 22:00:00,82.63,32.0,22,6,4,1
2023-04-23 23:00:00,73.29,31.7,23,6,4,1
2023-04-24 00:00:00,53.75,31.5,0,0,4,0
2023-04-24 01:00:00,58.05,32.7,1,0,4,0
2023-04-24 02:00:00,59.45,32.6,2,0,4,0
2023-04-24 03:00:00,60.37,34.0,3,0,4,0
2023-04-24 04:00:00,60.96,33.4,4,0,4,0
2023-04-24 05:00:00,60.28,31.9,5,0,4,0
2023-04-24 06:00:00,62.46,30.0,6,0,4,0
2023-04-24 07:00:00,68.25,29.1,7,0,4,0
2023-04-24 08:00:00,76.0,29.0,8,0,4,0
2023-04-24 09:00:00,79.54,28.2,9,0,4,0
2023-04-24 10:00:00,82.61,26.7,10,0,4,0
2023-04-24 11:00:00,82.05,25.8,11,0,4,0
2023-04-24 12:00:00,84.94,25.1,12,0,4,0
2023-04-24 13:00:00,86.41,25.1,13,0,4,0
2023-04-24 14:00:00,86.4,23.1,14,0,4,0
2023-04-24 15:00:00,89.7,24.3,15,0,4,0
2023-04-24 16:00:00,89.79,25.0,16,0,4,0
2023-04-24 17:00:00,93.16,27.1,17,0,4,0
2023-04-24 18:00:00,96.1,26.3,18,0,4,0
2023-04-24 19:00:00,98.18,28.1,19,0,4,0
2023-04-24 20:00:00,96.6,29.2,20,0,4,0
2023-04-24 21:00:00,100.18,31.1,21,0,4,0
2023-04-24 22:00:00,95.21,32.0,22,0,4,0
2023-04-24 23:00:00,80.5,31.8,23,0,4,0
2023-04-25 00:00:00,56.68,32.1,0,1,4,0
2023-04-25 01:00:00,55.47,32.3,1,1,4,0
2023-04-25 02:00:00,59.12,32.8,2,1,4,0
2023-04-25 03:00:00,58.86,32.5,3,1,4,0
2023-04-25 04:00:00,60.56,32.9,4,1,4,0
2023-04-25 05:00:00,62.94,32.2,5,1,4,0
2023-04-25 06:00:00,64.6,31.5,6,1,4,0
2023-04-25 07:00:00,72.16,31.0,7,1,4,0
2023-04-25 08:00:00,77.49,30.5,8,1,4,0
2023-04-25 09:00:00,85.89,28.1,9,1,4,0
2023-04-25 10:00:00,80.82,27.9,10,1,4,0
2023-04-25 11:00:00,83.11,25.9,11,1,4,0
2023-04-25 12:00:00,86.46,26.5,12,1,4,0
2023-04-25 13:00:00,87.0,26.0,13,1,4,0
2023-04-25 14:00:00,87.64,25.8,14,1,4,0
2023-04-25 15:00:00,89.97,25.2,15,1,4,0
2023-04-25 16:00:00,87.96,25.0,16,1,4,0
2023-04-25 17:00:00,93.3,25.1,17,1,4,0
2023-04-25 18:00:00,97.79,27.0,18,1,4,0
2023-04-25 19:00:00,99.03,29.2,19,1,4,0
2023-04-25 20:00:00,99.14,28.8,20,1,4,0
2023-04-25 21:00:00,101.63,30.7,21,1,4,0
2023-04-25 22:00:00,91.2,31.7,22,1,4,0
2023-04-25 23:00:00,82.88,31.6,23,1,4,0
2023-04-26 00:00:00,56.8,33.5,0,2,4,0
2023-04-26 01:00:00,53.87,30.5,1,2,4,0
2023-04-26 02:00:00,56.22,32.0,2,2,4,0
2023-04-26 03:00:00,59.1,32.1,3,2,4,0
2023-04-26 04:00:00,58.89,31.8,4,2,4,0
2023-04-26 05:00:00,58.72,32.1,5,2,4,0
2023-04-26 06:00:00,64.3,31.2,6,2,4,0
2023-04-26 07:00:00,70.38,30.4,7,2,4,0
2023-04-26 08:00:00,75.24,29.5,8,2,4,0
2023-04-26 09:00:00,80.49,27.2,9,2,4,0
2023-04-26 10:00:00,81.89,26.0,10,2,4,0
2023-04-26 11:00:00,81.79,26.5,11,2,4,0
2023-04-26 12:00:00,83.79,25.0,12,2,4,0
2023-04-26 13:00:00,89.24,23.9,13,2,4,0
2023-04-26 14:00:00,90.1,25.8,14,2,4,0
2023-04-26 15:00:00,89.35,26.3,15,2,4,0
2023-04-26 16:00:00,89.2,26.8,16,2,4,0
2023-04-26 17:00:00,96.46,26.3,17,2,4,0
2023-04-26 18:00:00,94.48,27.5,18,2,4,0
2023-04-26 19:00:00,98.28,29.1,19,2,4,0
2023-04-26 20:00:00,97.65,28.5,20,2,4,0
2023-04-26 21:00:00,100.49,30.9,21,2,4,0
2023-04-26 22:00:00,92.73,31.2,22,2,4,0
2023-04-26 23:00:00,84.4,32.6,23,2,4,0
2023-04-27 00:00:00,55.88,32.6,0,3,4,0
2023-04-27 01:00:00,60.32,33.9,1,3,4,0
2023-04-27 02:00:00,59.16,33.2,2,3,4,0
2023-04-27 03:00:00,57.43,31.7,3,3,4,0
2023-04-27 04:00:00,60.45,33.6,4,3,4,0
2023-04-27 05:00:00,60.74,31.1,5,3,4,0
2023-04-27 06:00:00,66.82,32.0,6,3,4,0
2023-04-27 07:00:00,71.06,30.0,7,3,4,0
2023-04-27 08:00:00,72.31,29.9,8,3,4,0
2023-04-27 09:00:00,81.22,28.9,9,3,4,0
2023-04-27 10:00:00,81.69,27.3,10,3,4,0
2023-04-27 11:00:00,81.91,26.6,11,3,4,0
2023-04-27 12:00:00,85.07,25.9,12,3,4,0
2023-04-27 13:00:00,89.09,23.5,13,3,4,0
2023-04-27 14:00:00,92.12,25.1,14,3,4,0
2023-04-27 15:00:00,88.8,24.2,15,3,4,0
2023-04-27 16:00:00,87.24,25.7,16,3,4,0
2023-04-27 17:00:00,93.52,25.3,17,3,4,0
2023-04-27 18:00:00,98.21,26.1,18,3,4,0
2023-04-27 19:00:00,96.53,29.2,19,3,4,0
2023-04-27 20:00:00,101.95,29.9,20,3,4,0
2023-04-27 21:00:00,102.01,30.0,21,3,4,0
2023-04-27 22:00:00,92.3,31.1,22,3,4,0
2023-04-27 23:00:00,79.53,31.6,23,3,4,0
2023-04-28 00:00:00,56.08,32.9,0,4,4,0
2023-04-28 01:00:00,55.36,32.3,1,4,4,0
2023-04-28 02:00:00,59.08,33.8,2,4,4,0
2023-04-28 03:00:00,60.36,32.7,3,4,4,0
2023-04-28 04:00:00,61.06,32.1,4,4,4,0
2023-04-28 05:00:00,60.72,31.8,5,4,4,0
2023-04-28 06:00:00,64.2,30.5,6,4,4,0
2023-04-28 07:00:00,72.59,30.3,7,4,4,0
2023-04-28 08:00:00,74.11,28.6,8,4,4,0
2023-04-28 09:00:00,79.15,28.3,9,4,4,0
2023-04-28 10:00:00,83.54,28.0,10,4,4,0
2023-04-28 11:00:00,84.8,25.6,11,4,4,0
2023-04-28 12:00:00,84.31,25.4,12,4,4,0
2023-04-28 13:00:00,87.49,25.5,13,4,4,0
2023-04-28 14:00:00,89.13,24.7,14,4,4,0
2023-04-28 15:00:00,88.74,25.5,15,4,4,0
2023-04-28 16:00:00,89.15,26.0,16,4,4,0
2023-04-28 17:00:00,93.98,27.0,17,4,4,0
2023-04-28 18:00:00,97.43,26.5,18,4,4,0
2023-04-28 19:00:00,98.14,27.2,19,4,4,0
2023-04-28 20:00:00,98.85,28.8,20,4,4,0
2023-04-28 21:00:00,100.16,29.3,21,4,4,0
2023-04-28 22:00:00,92.32,31.5,22,4,4,0
2023-04-28 23:00:00,78.87,30.9,23,4,4,0
2023-04-29 00:00:00,52.32,34.3,0,5,4,1
2023-04-29 01:00:00,53.49,33.9,1,5,4,1
2023-04-29 02:00:00,51.96,33.0,2,5,4,1
2023-04-29 03:00:00,54.37,33.6,3,5,4,1
2023-04-29 04:00:00,55.57,31.2,4,5,4,1
2023-04-29 05:00:00,55.99,33.8,5,5,4,1
2023-04-29 06:00:00,58.11,30.5,6,5,4,1
2023-04-29 07:00:00,62.11,29.9,7,5,4,1
2023-04-29 08:00:00,67.27,27.5,8,5,4,1
2023-04-29 09:00:00,71.55,28.4,9,5,4,1
2023-04-29 10:00:00,73.85,26.1,10,5,4,1
2023-04-29 11:00:00,74.56,26.3,11,5,4,1
2023-04-29 12:00:00,78.32,25.1,12,5,4,1
2023-04-29 13:00:00,78.72,24.3,13,5,4,1
2023-04-29 14:00:00,77.92,24.4,14,5,4,1
2023-04-29 15:00:00,80.94,25.3,15,5,4,1
2023-04-29 16:00:00,77.99,24.5,16,5,4,1
2023-04-29 17:00:00,82.63,25.6,17,5,4,1
2023-04-29 18:00:00,86.83,27.5,18,5,4,1
2023-04-29 19:00:00,92.96,30.0,19,5,4,1
2023-04-29 20:00:00,86.85,29.4,20,5,4,1
2023-04-29 21:00:00,88.12,29.3,21,5,4,1
2023-04-29 22:00:00,83.82,30.7,22,5,4,1
2023-04-29 23:00:00,73.37,31.9,23,5,4,1
2023-04-30 00:00:00,51.0,32.2,0,6,4,1
2023-04-30 01:00:00,52.24,33.6,1,6,4,1
2023-04-30 02:00:00,53.69,33.2,2,6,4,1
2023-04-30 03:00:00,56.78,33.6,3,6,4,1
2023-04-30 04:00:00,53.05,32.2,4,6,4,1
2023-04-30 05:00:00,57.19,32.9,5,6,4,1
2023-04-30 06:00:00,59.84,30.9,6,6,4,1
2023-04-30 07:00:00,60.55,29.3,7,6,4,1
2023-04-30 08:00:00,70.25,30.7,8,6,4,1
2023-04-30 09:00:00,72.88,26.5,9,6,4,1
2023-04-30 10:00:00,74.36,26.4,10,6,4,1
2023-04-30 11:00:00,76.21,25.7,11,6,4,1
2023-04-30 12:00:00,76.1,27.5,12,6,4,1
2023-04-30 13:00:00,78.7,26.6,13,6,4,1
2023-04-30 14:00:00,79.96,26.2,14,6,4,1
2023-04-30 15:00:00,80.78,24.9,15,6,4,1
2023-04-30 16:00:00,77.06,27.5,16,6,4,1
2023-04-30 17:00:00,87.65,26.5,17,6,4,1
2023-04-30 18:00:00,84.77,27.8,18,6,4,1
2023-04-30 19:00:00,89.68,28.1,19,6,4,1
2023-04-30 20:00:00,89.9,29.0,20,6,4,1
2023-04-30 21:00:00,88.81,29.8,21,6,4,1
2023-04-30 22:00:00,83.57,30.8,22,6,4,1
2023-04-30 23:00:00,73.41,32.3,23,6,4,1
2023-05-01 00:00:00,59.62,33.8,0,0,5,0
2023-05-01 01:00:00,59.0,33.8,1,0,5,0
2023-05-01 02:00:00,60.98,35.2,2,0,5,0
2023-05-01 03:00:00,60.7,31.5,3,0,5,0
2023-05-01 04:00:00,63.31,33.9,4,0,5,0
2023-05-01 05:00:00,64.54,33.4,5,0,5,0
2023-05-01 06:00:00,68.08,32.9,6,0,5,0
2023-05-01 07:00:00,70.43,31.0,7,0,5,0
2023-05-01 08:00:00,80.27,30.2,8,0,5,0
2023-05-01 09:00:00,83.51,29.8,9,0,5,0
2023-05-01 10:00:00,85.2,29.2,10,0,5,0
2023-05-01 11:00:00,86.88,26.9,11,0,5,0
2023-05-01 12:00:00,86.43,26.7,12,0,5,0
2023-05-01 13:00:00,89.53,27.5,13,0,5,0
2023-05-01 14:00:00,92.88,24.3,14,0,5,0
2023-05-01 15:00:00,90.21,25.6,15,0,5,0
2023-05-01 16:00:00,91.81,27.7,16,0,5,0
2023-05-01 17:00:00,93.36,28.0,17,0,5,0
2023-05-01 18:00:00,100.53,28.4,18,0,5,0
2023-05-01 19:00:00,97.4,28.6,19,0,5,0
2023-05-01 20:00:00,104.05,29.3,20,0,5,0
2023-05-01 21:00:00,105.02,30.6,21,0,5,0
2023-05-01 22:00:00,96.24,33.2,22,0,5,0
2023-05-01 23:00:00,84.17,32.3,23,0,5,0
2023-05-02 00:00:00,57.99,33.5,0,1,5,0
2023-05-02 01:00:00,58.29,33.3,1,1,5,0
2023-05-02 02:00:00,61.67,34.7,2,1,5,0
2023-05-02 03:00:00,63.67,33.4,3,1,5,0
2023-05-02 04:00:00,63.87,33.4,4,1,5,0
2023-05-02 05:00:00,60.42,31.5,5,1,5,0
2023-05-02 06:00:00,66.75,30.7,6,1,5,0
2023-05-02 07:00:00,72.97,31.0,7,1,5,0
2023-05-02 08:00:00,76.3,28.9,8,1,5,0
2023-05-02 09:00:00,82.97,30.6,9,1,5,0
2023-05-02 10:00:00,84.89,26.4,10,1,5,0
2023-05-02 11:00:00,87.18,26.5,11,1,5,0
2023-05-02 12:00:00,85.64,26.5,12,1,5,0
2023-05-02 13:00:00,92.33,25.8,13,1,5,0
2023-05-02 14:00:00,92.76,25.1,14,1,5,0
2023-05-02 15:00:00,91.16,25.4,15,1,5,0
2023-05-02 16:00:00,88.24,25.7,16,1,5,0
2023-05-02 17:00:00,97.57,26.9,17,1,5,0
2023-05-02 18:00:00,99.74,29.6,18,1,5,0
2023-05-02 19:00:00,101.1,29.0,19,1,5,0
2023-05-02 20:00:00,107.04,30.9,20,1,5,0
2023-05-02 21:00:00,104.92,31.4,21,1,5,0
2023-05-02 22:00:00,99.44,32.9,22,1,5,0
2023-05-02 23:00:00,82.87,30.6,23,1,5,0
2023-05-03 00:00:00,57.6,33.2,0,2,5,0
2023-05-03 01:00:00,63.37,34.9,1,2,5,0
2023-05-03 02:00:00,61.27,33.5,2,2,5,0
2023-05-03 03:00:00,63.23,35.3,3,2,5,0
2023-05-03 04:00:00,64.17,34.7,4,2,5,0
2023-05-03 05:00:00,63.21,32.5,5,2,5,0
2023-05-03 06:00:00,67.34,31.6,6,2,5,0
2023-05-03 07:00:00,72.06,30.2,7,2,5,0
2023-05-03 08:00:00,75.97,29.5,8,2,5,0
2023-05-03 09:00:00,80.03,28.0,9,2,5,0
2023-05-03 10:00:00,84.37,28.3,10,2,5,0
2023-05-03 11:00:00,86.08,26.0,11,2,5,0
2023-05-03 12:00:00,87.79,27.0,12,2,5,0
2023-05-03 13:00:00,88.23,26.6,13,2,5,0
2023-05-03 14:00:00,88.06,24.7,14,2,5,0
2023-05-03 15:00:00,88.68,27.4,15,2,5,0
2023-05-03 16:00:00,91.99,26.9,16,2,5,0
2023-05-03 17:00:00,95.69,27.8,17,2,5,0
2023-05-03 18:00:00,97.73,27.4,18,2,5,0
2023-05-03 19:00:00,100.2,29.5,19,2,5,0
2023-05-03 20:00:00,102.95,30.9,20,2,5,0
2023-05-03 21:00:00,103.48,31.0,21,2,5,0
2023-05-03 22:00:00,95.44,33.6,22,2,5,0
2023-05-03 23:00:00,87.08,32.9,23,2,5,0
2023-05-04 00:00:00,59.97,34.4,0,3,5,0
2023-05-04 01:00:00,61.28,34.1,1,3,5,0
2023-05-04 02:00:00,63.09,34.5,2,3,5,0
2023-05-04 03:00:00,57.94,32.5,3,3,5,0
2023-05-04 04:00:00,63.36,33.8,4,3,5,0
2023-05-04 05:00:00,61.56,32.2,5,3,5,0
2023-05-04 06:00:00,68.46,31.3,6,3,5,0
2023-05-04 07:00:00,73.58,32.4,7,3,5,0
2023-05-04 08:00:00,76.0,29.8,8,3,5,0
2023-05-04 09:00:00,80.41,28.2,9,3,5,0
2023-05-04 10:00:00,83.74,27.7,10,3,5,0
2023-05-04 11:00:00,87.29,26.1,11,3,5,0
2023-05-04 12:00:00,87.36,27.7,12,3,5,0
2023-05-04 13:00:00,87.21,25.6,13,3,5,0
2023-05-04 14:00:00,93.79,26.4,14,3,5,0
2023-05-04 15:00:00,91.33,27.2,15,3,5,0
2023-05-04 16:00:00,91.54,26.1,16,3,5,0
2023-05-04 17:00:00,99.13,27.6,17,3,5,0
2023-05-04 18:00:00,95.58,27.2,18,3,5,0
2023-05-04 19:00:00,100.79,30.9,19,3,5,0
2023-05-04 20:00:00,105.38,30.7,20,3,5,0
2023-05-04 21:00:00,103.14,30.9,21,3,5,0
2023-05-04 22:00:00,93.79,31.4,22,3,5,0
2023-05-04 23:00:00,84.68,32.7,23,3,5,0
2023-05-05 00:00:00,56.65,33.2,0,4,5,0
2023-05-05 01:00:00,61.26,35.4,1,4,5,0
2023-05-05 02:00:00,60.75,33.0,2,4,5,0
2023-05-05 03:00:00,62.88,34.0,3,4,5,0
2023-05-05 04:00:00,63.68,33.4,4,4,5,0
2023-05-05 05:00:00,63.85,32.7,5,4,5,0
2023-05-05 06:00:00,68.35,31.9,6,4,5,0
2023-05-05 07:00:00,73.15,30.9,7,4,5,0
2023-05-05 08:00:00,78.89,30.7,8,4,5,0
2023-05-05 09:00:00,82.22,29.5,9,4,5,0
2023-05-05 10:00:00,82.63,28.3,10,4,5,0
2023-05-05 11:00:00,84.78,24.7,11,4,5,0
2023-05-05 12:00:00,86.44,26.8,12,4,5,0
2023-05-05 13:00:00,88.1,24.8,13,4,5,0
2023-05-05 14:00:00,90.94,26.5,14,4,5,0
2023-05-05 15:00:00,90.59,27.3,15,4,5,0
2023-05-05 16:00:00,90.77,25.8,16,4,5,0
2023-05-05 17:00:00,97.48,27.0,17,4,5,0
2023-05-05 18:00:00,100.66,27.5,18,4,5,0
2023-05-05 19:00:00,101.35,30.0,19,4,5,0
2023-05-05 20:00:00,105.0,30.1,20,4,5,0
2023-05-05 21:00:00,107.41,32.4,21,4,5,0
2023-05-05 22:00:00,97.2,32.3,22,4,5,0
2023-05-05 23:00:00,87.51,33.0,23,4,5,0
2023-05-06 00:00:00,53.51,33.5,0,5,5,1
2023-05-06 01:00:00,55.24,34.5,1,5,5,1
2023-05-06 02:00:00,53.95,32.6,2,5,5,1
2023-05-06 03:00:00,55.92,33.9,3,5,5,1
2023-05-06 04:00:00,56.27,33.4,4,5,5,1
2023-05-06 05:00:00,58.74,33.4,5,5,5,1
2023-05-06 06:00:00,60.19,31.8,6,5,5,1
2023-05-06 07:00:00,66.91,30.2,7,5,5,1
2023-05-06 08:00:00,69.84,30.0,8,5,5,1
2023-05-06 09:00:00,78.59,28.1,9,5,5,1
2023-05-06 10:00:00,74.73,26.5,10,5,5,1
2023-05-06 11:00:00,77.66,27.8,11,5,5,1
2023-05-06 12:00:00,77.71,27.0,12,5,5,1
2023-05-06 13:00:00,78.96,26.5,13,5,5,1
2023-05-06 14:00:00,82.98,27.0,14,5,5,1
2023-05-06 15:00:00,79.42,25.6,15,5,5,1
2023-05-06 16:00:00,80.13,25.4,16,5,5,1
2023-05-06 17:00:00,88.21,27.1,17,5,5,1
2023-05-06 18:00:00,90.0,27.7,18,5,5,1
2023-05-06 19:00:00,87.62,28.3,19,5,5,1
2023-05-06 20:00:00,93.79,29.9,20,5,5,1
2023-05-06 21:00:00,94.17,30.5,21,5,5,1
2023-05-06 22:00:00,82.5,30.5,22,5,5,1
2023-05-06 23:00:00,75.37,32.5,23,5,5,1
2023-05-07 00:00:00,49.92,32.6,0,6,5,1
2023-05-07 01:00:00,56.23,34.0,1,6,5,1
2023-05-07 02:00:00,55.95,33.5,2,6,5,1
2023-05-07 03:00:00,56.17,34.8,3,6,5,1
2023-05-07 04:00:00,59.19,34.7,4,6,5,1
2023-05-07 05:00:00,57.18,33.4,5,6,5,1
2023-05-07 06:00:00,61.18,30.8,6,6,5,1
2023-05-07 07:00:00,66.61,32.2,7,6,5,1
2023-05-07 08:00:00,71.11,31.3,8,6,5,1
2023-05-07 09:00:00,73.87,29.0,9,6,5,1
2023-05-07 10:00:00,74.9,29.1,10,6,5,1
2023-05-07 11:00:00,79.46,26.7,11,6,5,1
2023-05-07 12:00:00,79.68,25.0,12,6,5,1
2023-05-07 13:00:00,80.42,25.5,13,6,5,1
2023-05-07 14:00:00,82.92,27.4,14,6,5,1
2023-05-07 15:00:00,78.57,24.9,15,6,5,1
2023-05-07 16:00:00,79.22,26.5,16,6,5,1
2023-05-07 17:00:00,88.01,27.2,17,6,5,1
2023-05-07 18:00:00,89.98,27.6,18,6,5,1
2023-05-07 19:00:00,90.66,28.6,19,6,5,1
2023-05-07 20:00:00,89.47,30.1,20,6,5,1
2023-05-07 21:00:00,92.08,30.6,21,6,5,1
2023-05-07 22:00:00,85.2,30.9,22,6,5,1
2023-05-07 23:00:00,80.66,33.0,23,6,5,1
2023-05-08 00:00:00,60.37,34.3,0,0,5,0
2023-05-08 01:00:00,62.2,34.6,1,0,5,0
2023-05-08 02:00:00,60.66,33.4,2,0,5,0
2023-05-08 03:00:00,61.16,32.9,3,0,5,0
2023-05-08 04:00:00,61.2,33.2,4,0,5,0
2023-05-08 05:00:00,65.47,34.1,5,0,5,0
2023-05-08 06:00:00,68.51,32.5,6,0,5,0
2023-05-08 07:00:00,74.45,31.6,7,0,5,0
2023-05-08 08:00:00,78.58,30.7,8,0,5,0
2023-05-08 09:00:00,83.33,29.3,9,0,5,0
2023-05-08 10:00:00,84.07,28.1,10,0,5,0
2023-05-08 11:00:00,86.21,27.7,11,0,5,0
2023-05-08 12:00:00,88.54,26.1,12,0,5,0
2023-05-08 13:00:00,87.11,25.0,13,0,5,0
2023-05-08 14:00:00,87.81,26.6,14,0,5,0
2023-05-08 15:00:00,90.96,27.1,15,0,5,0
2023-05-08 16:00:00,92.62,25.6,16,0,5,0
2023-05-08 17:00:00,99.85,27.8,17,0,5,0
2023-05-08 18:00:00,96.69,29.3,18,0,5,0
2023-05-08 19:00:00,99.44,29.0,19,0,5,0
2023-05-08 20:00:00,99.44,29.3,20,0,5,0
2023-05-08 21:00:00,103.87,31.1,21,0,5,0
2023-05-08 22:00:00,96.35,31.6,22,0,5,0
2023-05-08 23:00:00,84.3,32.3,23,0,5,0
2023-05-09 00:00:00,58.24,33.8,0,1,5,0
2023-05-09 01:00:00,58.79,32.6,1,1,5,0
2023-05-09 02:00:00,58.8,32.8,2,1,5,0
2023-05-09 03:00:00,63.64,33.9,3,1,5,0
2023-05-09 04:00:00,62.53,33.4,4,1,5,0
2023-05-09 05:00:00,62.83,33.1,5,1,5,0
2023-05-09 06:00:00,70.48,33.5,6,1,5,0
2023-05-09 07:00:00,74.17,31.1,7,1,5,0
2023-05-09 08:00:00,80.52,30.5,8,1,5,0
2023-05-09 09:00:00,82.24,28.2,9,1,5,0
2023-05-09 10:00:00,85.87,28.6,10,1,5,0
2023-05-09 11:00:00,86.02,26.8,11,1,5,0
2023-05-09 12:00:00,85.99,26.6,12,1,5,0
2023-05-09 13:00:00,87.9,26.0,13,1,5,0
2023-05-09 14:00:00,88.46,26.8,14,1,5,0
2023-05-09 15:00:00,89.05,25.1,15,1,5,0
2023-05-09 16:00:00,92.09,24.7,16,1,5,0
2023-05-09 17:00:00,98.11,27.0,17,1,5,0
2023-05-09 18:00:00,96.3,28.4,18,1,5,0
2023-05-09 19:00:00,97.11,29.1,19,1,5,0
2023-05-09 20:00:00,102.16,31.0,20,1,5,0
2023-05-09 21:00:00,103.81,31.4,21,1,5,0
2023-05-09 22:00:00,93.86,31.5,22,1,5,0
2023-05-09 23:00:00,84.47,31.0,23,1,5,0
2023-05-10 00:00:00,57.47,33.3,0,2,5,0
2023-05-10 01:00:00,62.42,34.7,1,2,5,0
2023-05-10 02:00:00,59.0,33.7,2,2,5,0
2023-05-10 03:00:00,61.66,33.9,3,2,5,0
2023-05-10 04:00:00,63.82,33.8,4,2,5,0
2023-05-10 05:00:00,62.84,32.0,5,2,5,0
2023-05-10 06:00:00,68.2,32.5,6,2,5,0
2023-05-10 07:00:00,75.69,32.3,7,2,5,0
2023-05-10 08:00:00,78.71,29.9,8,2,5,0
2023-05-10 09:00:00,81.53,28.1,9,2,5,0
2023-05-10 10:00:00,84.69,27.9,10,2,5,0
2023-05-10 11:00:00,86.96,25.4,11,2,5,0
2023-05-10 12:00:00,85.99,26.8,12,2,5,0
2023-05-10 13:00:00,91.91,26.5,13,2,5,0
2023-05-10 14:00:00,88.89,27.3,14,2,5,0
2023-05-10 15:00:00,90.5,26.0,15,2,5,0
2023-05-10 16:00:00,88.21,26.9,16,2,5,0
2023-05-10 17:00:00,97.05,26.5,17,2,5,0
2023-05-10 18:00:00,96.61,27.7,18,2,5,0
2023-05-10 19:00:00,99.63,27.7,19,2,5,0
2023-05-10 20:00:00,99.84,29.8,20,2,5,0
2023-05-10 21:00:00,106.02,30.8,21,2,5,0
2023-05-10 22:00:00,95.79,32.2,22,2,5,0
2023-05-10 23:00:00,85.9,32.3,23,2,5,0
2023-05-11 00:00:00,57.9,33.5,0,3,5,0
2023-05-11 01:00:00,60.57,33.6,1,3,5,0
2023-05-11 02:00:00,60.72,33.7,2,3,5,0
2023-05-11 03:00:00,62.13,33.9,3,3,5,0
2023-05-11 04:00:00,64.84,33.5,4,3,5,0
2023-05-11 05:00:00,63.11,33.4,5,3,5,0
2023-05-11 06:00:00,69.31,31.9,6,3,5,0
2023-05-11 07:00:00,73.22,30.8,7,3,5,0
2023-05-11 08:00:00,76.79,29.9,8,3,5,0
2023-05-11 09:00:00,80.58,28.4,9,3,5,0
2023-05-11 10:00:00,82.63,27.7,10,3,5,0
2023-05-11 11:00:00,87.62,28.8,11,3,5,0
2023-05-11 12:00:00,89.7,25.8,12,3,5,0
2023-05-11 13:00:00,89.31,25.9,13,3,5,0
2023-05-11 14:00:00,90.5,25.7,14,3,5,0
2023-05-11 15:00:00,91.53,25.9,15,3,5,0
2023-05-11 16:00:00,90.38,26.3,16,3,5,0
2023-05-11 17:00:00,98.8,27.4,17,3,5,0
2023-05-11 18:00:00,99.04,26.6,18,3,5,0
2023-05-11 19:00:00,101.37,29.8,19,3,5,0
2023-05-11 20:00:00,102.33,30.5,20,3,5,0
2023-05-11 21:00:00,101.81,30.0,21,3,5,0
2023-05-11 22:00:00,87.56,30.2,22,3,5,0
2023-05-11 23:00:00,85.76,32.0,23,3,5,0
2023-05-12 00:00:00,57.86,33.3,0,4,5,0
2023-05-12 01:00:00,61.82,35.9,1,4,5,0
2023-05-12 02:00:00,59.57,34.4,2,4,5,0
2023-05-12 03:00:00,59.57,32.4,3,4,5,0
2023-05-12 04:00:00,61.12,32.9,4,4,5,0
2023-05-12 05:00:00,62.06,32.8,5,4,5,0
2023-05-12 06:00:00,68.62,32.2,6,4,5,0
2023-05-12 07:00:00,71.8,30.0,7,4,5,0
2023-05-12 08:00:00,75.69,29.9,8,4,5,0
2023-05-12 09:00:00,80.61,28.4,9,4,5,0
2023-05-12 10:00:00,82.22,27.1,10,4,5,0
2023-05-12 11:00:00,88.68,27.4,11,4,5,0
2023-05-12 12:00:00,89.32,27.2,12,4,5,0
2023-05-12 13:00:00,87.78,26.8,13,4,5,0
2023-05-12 14:00:00,87.02,26.5,14,4,5,0
2023-05-12 15:00:00,90.47,25.7,15,4,5,0
2023-05-12 16:00:00,90.34,27.1,16,4,5,0
2023-05-12 17:00:00,97.42,27.4,17,4,5,0
2023-05-12 18:00:00,99.84,28.1,18,4,5,0
2023-05-12 19:00:00,100.99,28.5,19,4,5,0
2023-05-12 20:00:00,100.47,29.6,20,4,5,0
2023-05-12 21:00:00,105.44,31.1,21,4,5,0
2023-05-12 22:00:00,98.78,34.0,22,4,5,0
2023-05-12 23:00:00,84.22,33.1,23,4,5,0
2023-05-13 00:00:00,52.64,33.0,0,5,5,1
2023-05-13 01:00:00,53.04,33.2,1,5,5,1
2023-05-13 02:00:00,57.05,33.6,2,5,5,1
2023-05-13 03:00:00,57.09,35.6,3,5,5,1
2023-05-13 04:00:00,57.64,33.1,4,5,5,1
2023-05-13 05:00:00,56.25,33.6,5,5,5,1
2023-05-13 06:00:00,63.29,31.7,6,5,5,1
2023-05-13 07:00:00,64.58,31.2,7,5,5,1
2023-05-13 08:00:00,71.04,30.6,8,5,5,1
2023-05-13 09:00:00,71.86,28.5,9,5,5,1
2023-05-13 10:00:00,73.72,27.5,10,5,5,1
2023-05-13 11:00:00,78.67,28.5,11,5,5,1
2023-05-13 12:00:00,79.89,27.3,12,5,5,1
2023-05-13 13:00:00,80.63,26.8,13,5,5,1
2023-05-13 14:00:00,82.45,26.6,14,5,5,1
2023-05-13 15:00:00,82.95,26.5,15,5,5,1
2023-05-13 16:00:00,80.11,28.2,16,5,5,1
2023-05-13 17:00:00,84.72,27.2,17,5,5,1
2023-05-13 18:00:00,88.64,28.5,18,5,5,1
2023-05-13 19:00:00,89.1,27.8,19,5,5,1
2023-05-13 20:00:00,92.72,29.3,20,5,5,1
2023-05-13 21:00:00,94.47,30.1,21,5,5,1
2023-05-13 22:00:00,85.89,33.0,22,5,5,1
2023-05-13 23:00:00,75.51,30.8,23,5,5,1
2023-05-14 00:00:00,53.1,33.1,0,6,5,1
2023-05-14 01:00:00,52.25,31.5,1,6,5,1
2023-05-14 02:00:00,54.29,33.3,2,6,5,1
2023-05-14 03:00:00,56.72,33.5,3,6,5,1
2023-05-14 04:00:00,58.78,34.6,4,6,5,1
2023-05-14 05:00:00,58.1,33.1,5,6,5,1
2023-05-14 06:00:00,62.68,31.3,6,6,5,1
2023-05-14 07:00:00,67.3,31.9,7,6,5,1
2023-05-14 08:00:00,69.21,30.0,8,6,5,1
2023-05-14 09:00:00,72.63,29.0,9,6,5,1
2023-05-14 10:00:00,77.51,27.0,10,6,5,1
2023-05-14 11:00:00,77.83,26.4,11,6,5,1
2023-05-14 12:00:00,80.9,25.9,12,6,5,1
2023-05-14 13:00:00,76.96,26.2,13,6,5,1
2023-05-14 14:00:00,82.73,26.1,14,6,5,1
2023-05-14 15:00:00,80.81,27.4,15,6,5,1
2023-05-14 16:00:00,80.66,26.8,16,6,5,1
2023-05-14 17:00:00,85.83,25.0,17,6,5,1
2023-05-14 18:00:00,90.28,28.2,18,6,5,1
2023-05-14 19:00:00,91.27,27.8,19,6,5,1
2023-05-14 20:00:00,89.76,29.2,20,6,5,1
2023-05-14 21:00:00,94.12,30.4,21,6,5,1
2023-05-14 22:00:00,86.4,31.5,22,6,5,1
2023-05-14 23:00:00,75.82,31.7,23,6,5,1
2023-05-15 00:00:00,59.42,33.6,0,0,5,0
2023-05-15 01:00:00,58.09,32.7,1,0,5,0
2023-05-15 02:00:00,59.14,34.3,2,0,5,0
2023-05-15 03:00:00,64.37,35.7,3,0,5,0
2023-05-15 04:00:00,61.51,32.4,4,0,5,0
2023-05-15 05:00:00,62.99,32.6,5,0,5,0
2023-05-15 06:00:00,66.89,30.0,6,0,5,0
2023-05-15 07:00:00,70.11,30.8,7,0,5,0
2023-05-15 08:00:00,77.97,30.5,8,0,5,0
2023-05-15 09:00:00,81.77,29.5,9,0,5,0
2023-05-15 10:00:00,82.36,28.1,10,0,5,0
2023-05-15 11:00:00,85.75,27.9,11,0,5,0
2023-05-15 12:00:00,88.07,28.6,12,0,5,0
2023-05-15 13:00:00,89.65,27.5,13,0,5,0
2023-05-15 14:00:00,89.13,25.6,14,0,5,0
2023-05-15 15:00:00,90.02,25.0,15,0,5,0
2023-05-15 16:00:00,91.79,26.2,16,0,5,0
2023-05-15 17:00:00,98.07,26.4,17,0,5,0
2023-05-15 18:00:00,97.53,28.4,18,0,5,0
2023-05-15 19:00:00,99.04,28.0,19,0,5,0
2023-05-15 20:00:00,99.72,29.9,20,0,5,0
2023-05-15 21:00:00,104.81,31.7,21,0,5,0
2023-05-15 22:00:00,91.96,31.9,22,0,5,0
2023-05-15 23:00:00,87.09,32.1,23,0,5,0
2023-05-16 00:00:00,58.5,34.4,0,1,5,0
2023-05-16 01:00:00,59.1,32.4,1,1,5,0
2023-05-16 02:00:00,62.5,33.7,2,1,5,0
2023-05-16 03:00:00,62.12,33.8,3,1,5,0
2023-05-16 04:00:00,62.53,33.5,4,1,5,0
2023-05-16 05:00:00,61.74,33.0,5,1,5,0
2023-05-16 06:00:00,68.0,32.5,6,1,5,0
2023-05-16 07:00:00,74.9,31.0,7,1,5,0
2023-05-16 08:00:00,77.83,29.7,8,1,5,0
2023-05-16 09:00:00,82.6,28.6,9,1,5,0
2023-05-16 10:00:00,86.21,27.5,10,1,5,0
2023-05-16 11:00:00,86.94,27.8,11,1,5,0
2023-05-16 12:00:00,86.73,26.0,12,1,5,0
2023-05-16 13:00:00,89.51,26.8,13,1,5,0
2023-05-16 14:00:00,89.0,26.0,14,1,5,0
2023-05-16 15:00:00,89.34,25.7,15,1,5,0
2023-05-16 16:00:00,89.92,27.0,16,1,5,0
2023-05-16 17:00:00,97.85,26.6,17,1,5,0
2023-05-16 18:00:00,96.28,28.5,18,1,5,0
2023-05-16 19:00:00,100.43,29.1,19,1,5,0
2023-05-16 20:00:00,101.7,29.5,20,1,5,0
2023-05-16 21:00:00,103.69,31.5,21,1,5,0
2023-05-16 22:00:00,94.8,32.4,22,1,5,0
2023-05-16 23:00:00,82.73,33.8,23,1,5,0
2023-05-17 00:00:00,58.35,34.2,0,2,5,0
2023-05-17 01:00:00,59.22,34.3,1,2,5,0
2023-05-17 02:00:00,59.68,33.1,2,2,5,0
2023-05-17 03:00:00,61.97,35.8,3,2,5,0
2023-05-17 04:00:00,61.4,32.3,4,2,5,0
2023-05-17 05:00:00,64.82,33.6,5,2,5,0
2023-05-17 06:00:00,68.22,32.3,6,2,5,0
2023-05-17 07:00:00,72.41,30.1,7,2,5,0
2023-05-17 08:00:00,76.87,29.9,8,2,5,0
2023-05-17 09:00:00,80.22,28.9,9,2,5,0
2023-05-17 10:00:00,84.21,29.0,10,2,5,0
2023-05-17 11:00:00,86.92,26.6,11,2,5,0
2023-05-17 12:00:00,84.87,26.3,12,2,5,0
2023-05-17 13:00:00,88.41,24.3,13,2,5,0
2023-05-17 14:00:00,89.86,27.4,14,2,5,0
2023-05-17 15:00:00,94.94,25.3,15,2,5,0
2023-05-17 16:00:00,90.63,26.8,16,2,5,0
2023-05-17 17:00:00,93.51,27.1,17,2,5,0
2023-05-17 18:00:00,94.66,27.9,18,2,5,0
2023-05-17 19:00:00,102.22,29.6,19,2,5,0
2023-05-17 20:00:00,109.18,31.3,20,2,5,0
2023-05-17 21:00:00,104.49,31.2,21,2,5,0
2023-05-17 22:00:00,95.0,32.5,22,2,5,0
2023-05-17 23:00:00,85.9,33.1,23,2,5,0
2023-05-18 00:00:00,58.43,34.3,0,3,5,0
2023-05-18 01:00:00,56.84,33.5,1,3,5,0
2023-05-18 02:00:00,63.15,34.9,2,3,5,0
2023-05-18 03:00:00,62.47,34.8,3,3,5,0
2023-05-18 04:00:00,64.69,34.3,4,3,5,0
2023-05-18 05:00:00,61.49,32.3,5,3,5,0
2023-05-18 06:00:00,68.02,31.9,6,3,5,0
2023-05-18 07:00:00,74.18,31.2,7,3,5,0
2023-05-18 08:00:00,77.99,28.9,8,3,5,0
2023-05-18 09:00:00,84.35,30.2,9,3,5,0
2023-05-18 10:00:00,84.49,28.0,10,3,5,0
2023-05-18 11:00:00,86.83,27.4,11,3,5,0
2023-05-18 12:00:00,87.69,26.1,12,3,5,0
2023-05-18 13:00:00,87.07,25.1,13,3,5,0
2023-05-18 14:00:00,88.18,25.5,14,3,5,0
2023-05-18 15:00:00,86.8,26.3,15,3,5,0
2023-05-18 16:00:00,91.52,27.1,16,3,5,0
2023-05-18 17:00:00,96.17,27.3,17,3,5,0
2023-05-18 18:00:00,99.99,28.3,18,3,5,0
2023-05-18 19:00:00,100.9,28.7,19,3,5,0
2023-05-18 20:00:00,101.64,30.4,20,3,5,0
2023-05-18 21:00:00,105.99,32.2,21,3,5,0
2023-05-18 22:00:00,94.93,32.6,22,3,5,0
2023-05-18 23:00:00,84.87,33.5,23,3,5,0
2023-05-19 00:00:00,59.35,33.7,0,4,5,0
2023-05-19 01:00:00,60.84,32.7,1,4,5,0
2023-05-19 02:00:00,61.19,33.2,2,4,5,0
2023-05-19 03:00:00,62.35,34.2,3,4,5,0
2023-05-19 04:00:00,63.95,33.5,4,4,5,0
2023-05-19 05:00:00,65.2,33.2,5,4,5,0
2023-05-19 06:00:00,67.92,33.3,6,4,5,0
2023-05-19 07:00:00,75.14,31.6,7,4,5,0
2023-05-19 08:00:00,79.97,31.0,8,4,5,0
2023-05-19 09:00:00,84.34,29.0,9,4,5,0
2023-05-19 10:00:00,85.45,27.4,10,4,5,0
2023-05-19 11:00:00,85.5,27.1,11,4,5,0
2023-05-19 12:00:00,90.17,25.9,12,4,5,0
2023-05-19 13:00:00,89.71,27.4,13,4,5,0
2023-05-19 14:00:00,89.55,26.6,14,4,5,0
2023-05-19 15:00:00,91.09,26.6,15,4,5,0
2023-05-19 16:00:00,91.86,27.5,16,4,5,0
2023-05-19 17:00:00,97.03,25.6,17,4,5,0
2023-05-19 18:00:00,99.22,28.5,18,4,5,0
2023-05-19 19:00:00,100.33,27.9,19,4,5,0
2023-05-19 20:00:00,101.8,30.0,20,4,5,0
2023-05-19 21:00:00,103.0,30.8,21,4,5,0
2023-05-19 22:00:00,93.23,32.5,22,4,5,0
2023-05-19 23:00:00,87.37,33.0,23,4,5,0
2023-05-20 00:00:00,53.94,34.5,0,5,5,1
2023-05-20 01:00:00,50.46,33.4,1,5,5,1
2023-05-20 02:00:00,56.65,34.6,2,5,5,1
2023-05-20 03:00:00,56.91,34.0,3,5,5,1
2023-05-20 04:00:00,53.41,32.2,4,5,5,1
2023-05-20 05:00:00,55.34,32.1,5,5,5,1
2023-05-20 06:00:00,60.41,31.9,6,5,5,1
2023-05-20 07:00:00,65.93,31.9,7,5,5,1
2023-05-20 08:00:00,72.22,30.4,8,5,5,1
2023-05-20 09:00:00,74.08,28.0,9,5,5,1
2023-05-20 10:00:00,75.13,27.9,10,5,5,1
2023-05-20 11:00:00,79.02,28.8,11,5,5,1
2023-05-20 12:00:00,79.05,26.6,12,5,5,1
2023-05-20 13:00:00,77.42,25.9,13,5,5,1
2023-05-20 14:00:00,80.22,26.4,14,5,5,1
2023-05-20 15:00:00,81.76,26.7,15,5,5,1
2023-05-20 16:00:00,79.7,26.2,16,5,5,1
2023-05-20 17:00:00,90.75,27.6,17,5,5,1
2023-05-20 18:00:00,88.87,27.7,18,5,5,1
2023-05-20 19:00:00,89.38,29.5,19,5,5,1
2023-05-20 20:00:00,90.88,30.1,20,5,5,1
2023-05-20 21:00:00,96.74,31.4,21,5,5,1
2023-05-20 22:00:00,84.03,31.4,22,5,5,1
2023-05-20 23:00:00,76.71,32.2,23,5,5,1
2023-05-21 00:00:00,52.69,34.2,0,6,5,1
2023-05-21 01:00:00,54.37,33.8,1,6,5,1
2023-05-21 02:00:00,55.14,34.2,2,6,5,1
2023-05-21 03:00:00,55.72,33.6,3,6,5,1
2023-05-21 04:00:00,56.93,34.2,4,6,5,1
2023-05-21 05:00:00,57.55,32.3,5,6,5,1
2023-05-21 06:00:00,60.86,31.9,6,6,5,1
2023-05-21 07:00:00,66.46,31.7,7,6,5,1
2023-05-21 08:00:00,71.0,30.9,8,6,5,1
2023-05-21 09:00:00,76.72,28.5,9,6,5,1
2023-05-21 10:00:00,77.87,29.6,10,6,5,1
2023-05-21 11:00:00,78.51,27.4,11,6,5,1
2023-05-21 12:00:00,75.77,25.7,12,6,5,1
2023-05-21 13:00:00,79.18,26.4,13,6,5,1
2023-05-21 14:00:00,83.18,25.7,14,6,5,1
2023-05-21 15:00:00,79.32,26.5,15,6,5,1
2023-05-21 16:00:00,81.37,26.5,16,6,5,1
2023-05-21 17:00:00,85.3,27.2,17,6,5,1
2023-05-21 18:00:00,86.94,27.3,18,6,5,1
2023-05-21 19:00:00,94.17,29.8,19,6,5,1
2023-05-21 20:00:00,93.09,29.1,20,6,5,1
2023-05-21 21:00:00,95.28,30.1,21,6,5,1
2023-05-21 22:00:00,87.49,32.3,22,6,5,1
2023-05-21 23:00:00,78.24,34.1,23,6,5,1
2023-05-22 00:00:00,57.21,33.2,0,0,5,0
2023-05-22 01:00:00,60.02,34.4,1,0,5,0
2023-05-22 02:00:00,61.93,34.9,2,0,5,0
2023-05-22 03:00:00,64.55,34.5,3,0,5,0
2023-05-22 04:00:00,60.89,33.2,4,0,5,0
2023-05-22 05:00:00,61.35,32.0,5,0,5,0
2023-05-22 06:00:00,64.77,30.2,6,0,5,0
2023-05-22 07:00:00,73.96,30.8,7,0,5,0
2023-05-22 08:00:00,81.36,30.9,8,0,5,0
2023-05-22 09:00:00,83.02,28.1,9,0,5,0
2023-05-22 10:00:00,84.81,28.6,10,0,5,0
2023-05-22 11:00:00,86.0,26.4,11,0,5,0
2023-05-22 12:00:00,87.65,26.6,12,0,5,0
2023-05-22 13:00:00,90.41,26.7,13,0,5,0
2023-05-22 14:00:00,90.96,25.5,14,0,5,0
2023-05-22 15:00:00,91.08,26.3,15,0,5,0
2023-05-22 16:00:00,91.53,26.2,16,0,5,0
2023-05-22 17:00:00,93.74,27.7,17,0,5,0
2023-05-22 18:00:00,98.52,28.2,18,0,5,0
2023-05-22 19:00:00,100.72,29.0,19,0,5,0
2023-05-22 20:00:00,105.23,31.2,20,0,5,0
2023-05-22 21:00:00,105.17,31.6,21,0,5,0
2023-05-22 22:00:00,94.51,31.4,22,0,5,0
2023-05-22 23:00:00,83.86,32.8,23,0,5,0
2023-05-23 00:00:00,56.41,33.4,0,1,5,0
2023-05-23 01:00:00,60.78,33.9,1,1,5,0
2023-05-23 02:00:00,62.3,36.0,2,1,5,0
2023-05-23 03:00:00,62.21,34.2,3,1,5,0
2023-05-23 04:00:00,59.82,31.8,4,1,5,0
2023-05-23 05:00:00,64.1,32.4,5,1,5,0
2023-05-23 06:00:00,66.1,30.5,6,1,5,0
2023-05-23 07:00:00,72.21,30.8,7,1,5,0
2023-05-23 08:00:00,77.54,28.4,8,1,5,0
2023-05-23 09:00:00,85.79,28.3,9,1,5,0
2023-05-23 10:00:00,84.83,26.8,10,1,5,0
2023-05-23 11:00:00,85.27,27.5,11,1,5,0
2023-05-23 12:00:00,88.06,26.5,12,1,5,0
2023-05-23 13:00:00,86.61,26.4,13,1,5,0
2023-05-23 14:00:00,90.34,25.9,14,1,5,0
2023-05-23 15:00:00,93.53,25.0,15,1,5,0
2023-05-23 16:00:00,90.52,26.9,16,1,5,0
2023-05-23 17:00:00,97.06,28.7,17,1,5,0
2023-05-23 18:00:00,98.55,28.3,18,1,5,0
2023-05-23 19:00:00,99.45,28.6,19,1,5,0
2023-05-23 20:00:00,102.4,28.9,20,1,5,0
2023-05-23 21:00:00,105.37,30.3,21,1,5,0
2023-05-23 22:00:00,94.89,32.4,22,1,5,0
2023-05-23 23:00:00,82.36,33.7,23,1,5,0
2023-05-24 00:00:00,58.92,33.7,0,2,5,0
2023-05-24 01:00:00,62.63,34.5,1,2,5,0
2023-05-24 02:00:00,61.38,34.6,2,2,5,0
2023-05-24 03:00:00,61.0,34.3,3,2,5,0
2023-05-24 04:00:00,62.62,32.9,4,2,5,0
2023-05-24 05:00:00,64.99,33.0,5,2,5,0
2023-05-24 06:00:00,67.77,31.3,6,2,5,0
2023-05-24 07:00:00,75.06,31.0,7,2,5,0
2023-05-24 08:00:00,79.17,30.3,8,2,5,0
2023-05-24 09:00:00,85.18,30.3,9,2,5,0
2023-05-24 10:00:00,83.41,27.0,10,2,5,0
2023-05-24 11:00:00,86.3,27.6,11,2,5,0
2023-05-24 12:00:00,86.91,27.7,12,2,5,0
2023-05-24 13:00:00,89.06,26.7,13,2,5,0
2023-05-24 14:00:00,89.85,26.7,14,2,5,0
2023-05-24 15:00:00,90.63,26.6,15,2,5,0
2023-05-24 16:00:00,88.14,27.6,16,2,5,0
2023-05-24 17:00:00,98.29,26.3,17,2,5,0
2023-05-24 18:00:00,96.95,26.9,18,2,5,0
2023-05-24 19:00:00,99.71,29.0,19,2,5,0
2023-05-24 20:00:00,102.43,28.3,20,2,5,0
2023-05-24 21:00:00,104.25,32.0,21,2,5,0
2023-05-24 22:00:00,92.9,33.0,22,2,5,0
2023-05-24 23:00:00,84.0,32.5,23,2,5,0
2023-05-25 00:00:00,56.5,33.2,0,3,5,0
2023-05-25 01:00:00,60.39,33.8,1,3,5,0
2023-05-25 02:00:00,59.88,34.0,2,3,5,0
2023-05-25 03:00:00,63.65,34.0,3,3,5,0
2023-05-25 04:00:00,63.11,33.9,4,3,5,0
2023-05-25 05:00:00,62.84,32.7,5,3,5,0
2023-05-25 06:00:00,66.64,32.8,6,3,5,0
2023-05-25 07:00:00,73.51,31.4,7,3,5,0
2023-05-25 08:00:00,76.99,29.5,8,3,5,0
2023-05-25 09:00:00,81.81,30.0,9,3,5,0
2023-05-25 10:00:00,84.34,26.9,10,3,5,0
2023-05-25 11:00:00,85.24,27.1,11,3,5,0
2023-05-25 12:00:00,86.62,27.3,12,3,5,0
2023-05-25 13:00:00,89.2,25.6,13,3,5,0
2023-05-25 14:00:00,89.49,26.2,14,3,5,0
2023-05-25 15:00:00,90.67,26.6,15,3,5,0
2023-05-25 16:00:00,90.12,25.8,16,3,5,0
2023-05-25 17:00:00,97.7,27.1,17,3,5,0
2023-05-25 18:00:00,97.57,27.9,18,3,5,0
2023-05-25 19:00:00,98.23,28.5,19,3,5,0
2023-05-25 20:00:00,103.87,31.8,20,3,5,0
2023-05-25 21:00:00,106.73,30.4,21,3,5,0
2023-05-25 22:00:00,97.51,32.8,22,3,5,0
2023-05-25 23:00:00,86.33,32.5,23,3,5,0
2023-05-26 00:00:00,58.39,32.6,0,4,5,0
2023-05-26 01:00:00,59.36,33.9,1,4,5,0
2023-05-26 02:00:00,61.93,34.5,2,4,5,0
2023-05-26 03:00:00,62.94,34.6,3,4,5,0
2023-05-26 04:00:00,64.76,34.7,4,4,5,0
2023-05-26 05:00:00,65.47,35.2,5,4,5,0
2023-05-26 06:00:00,68.34,32.2,6,4,5,0
2023-05-26 07:00:00,72.34,30.5,7,4,5,0
2023-05-26 08:00:00,78.92,30.4,8,4,5,0
2023-05-26 09:00:00,83.54,28.8,9,4,5,0
2023-05-26 10:00:00,84.35,28.7,10,4,5,0
2023-05-26 11:00:00,86.05,26.1,11,4,5,0
2023-05-26 12:00:00,87.32,28.4,12,4,5,0
2023-05-26 13:00:00,91.83,26.8,13,4,5,0
2023-05-26 14:00:00,87.42,24.7,14,4,5,0
2023-05-26 15:00:00,88.67,25.6,15,4,5,0
2023-05-26 16:00:00,91.37,27.2,16,4,5,0
2023-05-26 17:00:00,97.34,28.1,17,4,5,0
2023-05-26 18:00:00,98.99,27.0,18,4,5,0
2023-05-26 19:00:00,101.98,29.5,19,4,5,0
2023-05-26 20:00:00,102.22,28.4,20,4,5,0
2023-05-26 21:00:00,103.73,31.0,21,4,5,0
2023-05-26 22:00:00,97.09,32.9,22,4,5,0
2023-05-26 23:00:00,84.47,32.4,23,4,5,0
2023-05-27 00:00:00,51.08,32.3,0,5,5,1
2023-05-27 01:00:00,55.22,34.0,1,5,5,1
2023-05-27 02:00:00,55.58,33.5,2,5,5,1
2023-05-27 03:00:00,57.22,34.4,3,5,5,1
2023-05-27 04:00:00,57.86,32.8,4,5,5,1
2023-05-27 05:00:00,57.75,32.2,5,5,5,1
2023-05-27 06:00:00,60.81,30.4,6,5,5,1
2023-05-27 07:00:00,69.33,31.2,7,5,5,1
2023-05-27 08:00:00,69.73,29.9,8,5,5,1
2023-05-27 09:00:00,73.6,28.0,9,5,5,1
2023-05-27 10:00:00,77.1,28.2,10,5,5,1
2023-05-27 11:00:00,76.88,28.0,11,5,5,1
2023-05-27 12:00:00,78.28,26.4,12,5,5,1
2023-05-27 13:00:00,78.65,26.4,13,5,5,1
2023-05-27 14:00:00,82.23,26.2,14,5,5,1
2023-05-27 15:00:00,78.82,25.2,15,5,5,1
2023-05-27 16:00:00,81.08,28.2,16,5,5,1
2023-05-27 17:00:00,87.15,26.8,17,5,5,1
2023-05-27 18:00:00,87.88,28.5,18,5,5,1
2023-05-27 19:00:00,87.67,29.6,19,5,5,1
2023-05-27 20:00:00,89.45,29.9,20,5,5,1
2023-05-27 21:00:00,93.74,31.5,21,5,5,1
2023-05-27 22:00:00,86.96,32.2,22,5,5,1
2023-05-27 23:00:00,75.98,31.7,23,5,5,1
2023-05-28 00:00:00,52.58,33.2,0,6,5,1
2023-05-28 01:00:00,52.96,33.4,1,6,5,1
2023-05-28 02:00:00,55.39,33.6,2,6,5,1
2023-05-28 03:00:00,53.25,32.8,3,6,5,1
2023-05-28 04:00:00,55.5,34.4,4,6,5,1
2023-05-28 05:00:00,58.37,34.1,5,6,5,1
2023-05-28 06:00:00,61.88,32.8,6,6,5,1
2023-05-28 07:00:00,68.42,32.1,7,6,5,1
2023-05-28 08:00:00,69.91,29.7,8,6,5,1
2023-05-28 09:00:00,76.78,28.5,9,6,5,1
2023-05-28 10:00:00,74.95,27.4,10,6,5,1
2023-05-28 11:00:00,78.03,27.7,11,6,5,1
2023-05-28 12:00:00,77.86,26.7,12,6,5,1
2023-05-28 13:00:00,82.48,26.1,13,6,5,1
2023-05-28 14:00:00,80.9,27.0,14,6,5,1
2023-05-28 15:00:00,82.64,26.5,15,6,5,1
2023-05-28 16:00:00,79.47,25.9,16,6,5,1
2023-05-28 17:00:00,86.45,26.6,17,6,5,1
2023-05-28 18:00:00,88.51,28.5,18,6,5,1
2023-05-28 19:00:00,93.41,29.8,19,6,5,1
2023-05-28 20:00:00,89.25,30.4,20,6,5,1
2023-05-28 21:00:00,95.83,32.6,21,6,5,1
2023-05-28 22:00:00,86.78,33.3,22,6,5,1
2023-05-28 23:00:00,74.33,33.2,23,6,5,1
2023-05-29 00:00:00,56.95,32.8,0,0,5,0
2023-05-29 01:00:00,56.99,32.8,1,0,5,0
2023-05-29 02:00:00,58.35,33.7,2,0,5,0
2023-05-29 03:00:00,62.47,34.5,3,0,5,0
2023-05-29 04:00:00,64.01,34.9,4,0,5,0
2023-05-29 05:00:00,63.12,33.2,5,0,5,0
2023-05-29 06:00:00,69.37,32.9,6,0,5,0
2023-05-29 07:00:00,71.48,30.8,7,0,5,0
2023-05-29 08:00:00,80.79,30.5,8,0,5,0
2023-05-29 09:00:00,83.23,29.6,9,0,5,0
2023-05-29 10:00:00,86.18,26.4,10,0,5,0
2023-05-29 11:00:00,83.24,26.8,11,0,5,0
2023-05-29 12:00:00,85.64,27.3,12,0,5,0
2023-05-29 13:00:00,90.27,26.4,13,0,5,0
2023-05-29 14:00:00,89.89,25.0,14,0,5,0
2023-05-29 15:00:00,88.5,24.2,15,0,5,0
2023-05-29 16:00:00,87.25,26.2,16,0,5,0
2023-05-29 17:00:00,98.16,27.1,17,0,5,0
2023-05-29 18:00:00,99.68,27.3,18,0,5,0
2023-05-29 19:00:00,100.73,29.1,19,0,5,0
2023-05-29 20:00:00,102.58,30.4,20,0,5,0
2023-05-29 21:00:00,103.42,31.6,21,0,5,0
2023-05-29 22:00:00,92.59,30.1,22,0,5,0
2023-05-29 23:00:00,81.79,31.8,23,0,5,0
2023-05-30 00:00:00,57.15,33.2,0,1,5,0
2023-05-30 01:00:00,61.53,34.3,1,1,5,0
2023-05-30 02:00:00,59.67,34.4,2,1,5,0
2023-05-30 03:00:00,63.07,34.2,3,1,5,0
2023-05-30 04:00:00,63.83,33.2,4,1,5,0
2023-05-30 05:00:00,63.52,32.6,5,1,5,0
2023-05-30 06:00:00,67.74,31.4,6,1,5,0
2023-05-30 07:00:00,72.97,31.6,7,1,5,0
2023-05-30 08:00:00,75.96,29.3,8,1,5,0
2023-05-30 09:00:00,79.9,29.6,9,1,5,0
2023-05-30 10:00:00,84.26,28.2,10,1,5,0
2023-05-30 11:00:00,85.23,27.1,11,1,5,0
2023-05-30 12:00:00,85.86,26.0,12,1,5,0
2023-05-30 13:00:00,89.13,25.1,13,1,5,0
2023-05-30 14:00:00,90.36,25.5,14,1,5,0
2023-05-30 15:00:00,89.22,25.9,15,1,5,0
2023-05-30 16:00:00,92.91,24.6,16,1,5,0
2023-05-30 17:00:00,98.15,27.0,17,1,5,0
2023-05-30 18:00:00,100.12,28.7,18,1,5,0
2023-05-30 19:00:00,100.46,29.4,19,1,5,0
2023-05-30 20:00:00,103.49,29.6,20,1,5,0
2023-05-30 21:00:00,103.22,31.1,21,1,5,0
2023-05-30 22:00:00,95.59,31.6,22,1,5,0
2023-05-30 23:00:00,84.74,32.9,23,1,5,0
2023-05-31 00:00:00,58.69,34.7,0,2,5,0
2023-05-31 01:00:00,60.63,34.6,1,2,5,0
2023-05-31 02:00:00,61.23,34.4,2,2,5,0
2023-05-31 03:00:00,63.91,33.5,3,2,5,0
2023-05-31 04:00:00,63.81,34.1,4,2,5,0
2023-05-31 05:00:00,63.01,31.5,5,2,5,0
2023-05-31 06:00:00,69.08,31.8,6,2,5,0
2023-05-31 07:00:00,73.5,31.5,7,2,5,0
2023-05-31 08:00:00,77.81,30.6,8,2,5,0
2023-05-31 09:00:00,80.55,29.5,9,2,5,0
2023-05-31 10:00:00,82.87,28.2,10,2,5,0
2023-05-31 11:00:00,86.89,27.0,11,2,5,0
2023-05-31 12:00:00,86.48,27.0,12,2,5,0
2023-05-31 13:00:00,89.77,25.4,13,2,5,0
2023-05-31 14:00:00,86.93,25.3,14,2,5,0
2023-05-31 15:00:00,91.01,26.2,15,2,5,0
2023-05-31 16:00:00,92.06,26.7,16,2,5,0
2023-05-31 17:00:00,93.74,25.7,17,2,5,0
2023-05-31 18:00:00,99.18,28.4,18,2,5,0
2023-05-31 19:00:00,103.33,29.6,19,2,5,0
2023-05-31 20:00:00,106.01,29.9,20,2,5,0
2023-05-31 21:00:00,106.11,32.9,21,2,5,0
2023-05-31 22:00:00,95.66,31.5,22,2,5,0
2023-05-31 23:00:00,86.64,32.5,23,2,5,0
2023-06-01 00:00:00,58.68,33.9,0,3,6,0
2023-06-01 01:00:00,61.37,34.5,1,3,6,0
2023-06-01 02:00:00,61.16,34.5,2,3,6,0
2023-06-01 03:00:00,61.49,33.5,3,3,6,0
2023-06-01 04:00:00,61.9,33.8,4,3,6,0
2023-06-01 05:00:00,63.1,33.5,5,3,6,0
2023-06-01 06:00:00,70.03,33.7,6,3,6,0
2023-06-01 07:00:00,74.4,33.5,7,3,6,0
2023-06-01 08:00:00,78.94,31.8,8,3,6,0
2023-06-01 09:00:00,83.16,29.1,9,3,6,0
2023-06-01 10:00:00,86.68,28.2,10,3,6,0
2023-06-01 11:00:00,81.98,27.8,11,3,6,0
2023-06-01 12:00:00,89.39,28.7,12,3,6,0
2023-06-01 13:00:00,88.03,26.7,13,3,6,0
2023-06-01 14:00:00,91.13,25.7,14,3,6,0
2023-06-01 15:00:00,91.45,26.5,15,3,6,0
2023-06-01 16:00:00,92.11,27.9,16,3,6,0
2023-06-01 17:00:00,94.81,28.5,17,3,6,0
2023-06-01 18:00:00,97.33,28.6,18,3,6,0
2023-06-01 19:00:00,100.71,30.2,19,3,6,0
2023-06-01 20:00:00,100.35,28.9,20,3,6,0
2023-06-01 21:00:00,107.49,31.9,21,3,6,0
2023-06-01 22:00:00,95.79,33.4,22,3,6,0
2023-06-01 23:00:00,82.03,32.9,23,3,6,0
2023-06-02 00:00:00,57.21,33.5,0,4,6,0
2023-06-02 01:00:00,56.88,33.1,1,4,6,0
2023-06-02 02:00:00,62.77,36.0,2,4,6,0
2023-06-02 03:00:00,62.38,34.0,3,4,6,0
2023-06-02 04:00:00,62.58,34.4,4,4,6,0
2023-06-02 05:00:00,63.45,34.0,5,4,6,0
2023-06-02 06:00:00,69.44,33.9,6,4,6,0
2023-06-02 07:00:00,73.19,31.6,7,4,6,0
2023-06-02 08:00:00,78.17,30.3,8,4,6,0
2023-06-02 09:00:00,84.07,29.8,9,4,6,0
2023-06-02 10:00:00,87.95,29.8,10,4,6,0
2023-06-02 11:00:00,85.37,27.8,11,4,6,0
2023-06-02 12:00:00,87.43,26.5,12,4,6,0
2023-06-02 13:00:00,85.88,25.6,13,4,6,0
2023-06-02 14:00:00,88.92,25.8,14,4,6,0
2023-06-02 15:00:00,89.1,27.6,15,4,6,0
2023-06-02 16:00:00,87.88,27.0,16,4,6,0
2023-06-02 17:00:00,95.15,27.4,17,4,6,0
2023-06-02 18:00:00,97.54,28.2,18,4,6,0
2023-06-02 19:00:00,99.41,29.8,19,4,6,0
2023-06-02 20:00:00,107.62,30.5,20,4,6,0
2023-06-02 21:00:00,105.51,31.5,21,4,6,0
2023-06-02 22:00:00,99.72,33.8,22,4,6,0
2023-06-02 23:00:00,88.86,34.8,23,4,6,0
2023-06-03 00:00:00,51.24,32.9,0,5,6,1
2023-06-03 01:00:00,55.27,34.9,1,5,6,1
2023-06-03 02:00:00,54.83,34.1,2,5,6,1
2023-06-03 03:00:00,56.44,34.4,3,5,6,1
2023-06-03 04:00:00,56.57,34.4,4,5,6,1
2023-06-03 05:00:00,56.9,33.4,5,5,6,1
2023-06-03 06:00:00,62.59,32.9,6,5,6,1
2023-06-03 07:00:00,67.29,32.3,7,5,6,1
2023-06-03 08:00:00,71.06,31.0,8,5,6,1
2023-06-03 09:00:00,73.86,29.2,9,5,6,1
2023-06-03 10:00:00,76.5,28.2,10,5,6,1
2023-06-03 11:00:00,76.26,26.8,11,5,6,1
2023-06-03 12:00:00,79.84,26.6,12,5,6,1
2023-06-03 13:00:00,76.61,28.4,13,5,6,1
2023-06-03 14:00:00,81.67,26.1,14,5,6,1
2023-06-03 15:00:00,81.39,25.9,15,5,6,1
2023-06-03 16:00:00,79.48,27.5,16,5,6,1
2023-06-03 17:00:00,85.86,27.8,17,5,6,1
2023-06-03 18:00:00,88.79,28.6,18,5,6,1
2023-06-03 19:00:00,93.26,30.8,19,5,6,1
2023-06-03 20:00:00,90.31,31.2,20,5,6,1
2023-06-03 21:00:00,95.33,31.3,21,5,6,1
2023-06-03 22:00:00,84.89,32.4,22,5,6,1
2023-06-03 23:00:00,78.43,33.2,23,5,6,1
2023-06-04 00:00:00,52.49,34.9,0,6,6,1
2023-06-04 01:00:00,56.91,34.3,1,6,6,1
2023-06-04 02:00:00,53.41,33.3,2,6,6,1
2023-06-04 03:00:00,58.3,34.6,3,6,6,1
2023-06-04 04:00:00,55.83,33.0,4,6,6,1
2023-06-04 05:00:00,58.78,35.3,5,6,6,1
2023-06-04 06:00:00,61.4,32.0,6,6,6,1
2023-06-04 07:00:00,67.34,31.6,7,6,6,1
2023-06-04 08:00:00,68.43,30.9,8,6,6,1
2023-06-04 09:00:00,75.36,29.5,9,6,6,1
2023-06-04 10:00:00,75.17,28.5,10,6,6,1
2023-06-04 11:00:00,77.56,28.2,11,6,6,1
2023-06-04 12:00:00,77.66,28.5,12,6,6,1
2023-06-04 13:00:00,78.68,27.5,13,6,6,1
2023-06-04 14:00:00,78.76,27.9,14,6,6,1
2023-06-04 15:00:00,81.69,26.0,15,6,6,1
2023-06-04 16:00:00,81.68,27.5,16,6,6,1
2023-06-04 17:00:00,87.65,28.0,17,6,6,1
2023-06-04 18:00:00,88.73,29.0,18,6,6,1
2023-06-04 19:00:00,93.31,30.8,19,6,6,1
2023-06-04 20:00:00,95.43,30.6,20,6,6,1
2023-06-04 21:00:00,90.79,31.4,21,6,6,1
2023-06-04 22:00:00,82.73,33.2,22,6,6,1
2023-06-04 23:00:00,77.97,32.1,23,6,6,1
2023-06-05 00:00:00,57.13,34.0,0,0,6,0
2023-06-05 01:00:00,59.04,34.5,1,0,6,0
2023-06-05 02:00:00,60.31,34.0,2,0,6,0
2023-06-05 03:00:00,61.68,35.4,3,0,6,0
2023-06-05 04:00:00,61.55,33.3,4,0,6,0
2023-06-05 05:00:00,62.27,33.5,5,0,6,0
2023-06-05 06:00:00,68.41,33.0,6,0,6,0
2023-06-05 07:00:00,74.93,32.9,7,0,6,0
2023-06-05 08:00:00,77.46,30.7,8,0,6,0
2023-06-05 09:00:00,82.99,30.4,9,0,6,0
2023-06-05 10:00:00,84.29,29.3,10,0,6,0
2023-06-05 11:00:00,86.81,28.0,11,0,6,0
2023-06-05 12:00:00,88.8,26.4,12,0,6,0
2023-06-05 13:00:00,88.1,25.7,13,0,6,0
2023-06-05 14:00:00,92.54,26.8,14,0,6,0
2023-06-05 15:00:00,90.98,26.4,15,0,6,0
2023-06-05 16:00:00,87.52,28.0,16,0,6,0
2023-06-05 17:00:00,93.88,28.5,17,0,6,0
2023-06-05 18:00:00,96.7,28.6,18,0,6,0
2023-06-05 19:00:00,102.0,28.8,19,0,6,0
2023-06-05 20:00:00,102.6,31.1,20,0,6,0
2023-06-05 21:00:00,100.44,31.0,21,0,6,0
2023-06-05 22:00:00,93.98,32.1,22,0,6,0
2023-06-05 23:00:00,81.38,32.8,23,0,6,0
2023-06-06 00:00:00,57.52,34.1,0,1,6,0
2023-06-06 01:00:00,60.73,35.5,1,1,6,0
2023-06-06 02:00:00,61.59,34.7,2,1,6,0
2023-06-06 03:00:00,62.98,34.2,3,1,6,0
2023-06-06 04:00:00,62.31,33.0,4,1,6,0
2023-06-06 05:00:00,62.63,34.0,5,1,6,0
2023-06-06 06:00:00,67.17,32.1,6,1,6,0
2023-06-06 07:00:00,73.47,31.9,7,1,6,0
2023-06-06 08:00:00,77.21,30.4,8,1,6,0
2023-06-06 09:00:00,83.18,30.4,9,1,6,0
2023-06-06 10:00:00,80.9,28.6,10,1,6,0
2023-06-06 11:00:00,83.38,27.9,11,1,6,0
2023-06-06 12:00:00,85.63,27.7,12,1,6,0
2023-06-06 13:00:00,83.44,28.6,13,1,6,0
2023-06-06 14:00:00,90.59,27.4,14,1,6,0
2023-06-06 15:00:00,87.29,26.8,15,1,6,0
2023-06-06 16:00:00,90.67,27.3,16,1,6,0
2023-06-06 17:00:00,97.15,27.5,17,1,6,0
2023-06-06 18:00:00,96.76,28.0,18,1,6,0
2023-06-06 19:00:00,101.55,29.3,19,1,6,0
2023-06-06 20:00:00,103.7,30.1,20,1,6,0
2023-06-06 21:00:00,104.94,32.3,21,1,6,0
2023-06-06 22:00:00,93.42,31.9,22,1,6,0
2023-06-06 23:00:00,88.04,34.6,23,1,6,0
2023-06-07 00:00:00,59.6,34.8,0,2,6,0
2023-06-07 01:00:00,61.25,34.6,1,2,6,0
2023-06-07 02:00:00,59.05,34.7,2,2,6,0
2023-06-07 03:00:00,61.91,34.1,3,2,6,0
2023-06-07 04:00:00,61.62,34.4,4,2,6,0
2023-06-07 05:00:00,64.33,34.4,5,2,6,0
2023-06-07 06:00:00,68.56,32.2,6,2,6,0
2023-06-07 07:00:00,73.91,30.5,7,2,6,0
2023-06-07 08:00:00,77.35,31.3,8,2,6,0
2023-06-07 09:00:00,82.31,30.0,9,2,6,0
2023-06-07 10:00:00,83.39,27.8,10,2,6,0
2023-06-07 11:00:00,83.66,27.3,11,2,6,0
2023-06-07 12:00:00,87.81,26.6,12,2,6,0
2023-06-07 13:00:00,88.34,26.3,13,2,6,0
2023-06-07 14:00:00,89.74,26.5,14,2,6,0
2023-06-07 15:00:00,90.56,26.7,15,2,6,0
2023-06-07 16:00:00,89.43,26.7,16,2,6,0
2023-06-07 17:00:00,94.66,27.3,17,2,6,0
2023-06-07 18:00:00,97.62,28.5,18,2,6,0
2023-06-07 19:00:00,98.77,29.8,19,2,6,0
2023-06-07 20:00:00,103.01,30.5,20,2,6,0
2023-06-07 21:00:00,107.85,32.7,21,2,6,0
2023-06-07 22:00:00,93.61,33.1,22,2,6,0
2023-06-07 23:00:00,81.44,32.3,23,2,6,0
2023-06-08 00:00:00,59.18,34.6,0,3,6,0
2023-06-08 01:00:00,60.08,35.1,1,3,6,0
2023-06-08 02:00:00,61.11,34.4,2,3,6,0
2023-06-08 03:00:00,61.3,33.4,3,3,6,0
2023-06-08 04:00:00,60.79,34.2,4,3,6,0
2023-06-08 05:00:00,64.13,33.6,5,3,6,0
2023-06-08 06:00:00,65.87,31.8,6,3,6,0
2023-06-08 07:00:00,71.78,30.6,7,3,6,0
2023-06-08 08:00:00,77.02,30.7,8,3,6,0
2023-06-08 09:00:00,81.67,29.5,9,3,6,0
2023-06-08 10:00:00,86.13,28.4,10,3,6,0
2023-06-08 11:00:00,85.67,27.8,11,3,6,0
2023-06-08 12:00:00,87.7,26.4,12,3,6,0
2023-06-08 13:00:00,88.7,26.5,13,3,6,0
2023-06-08 14:00:00,90.56,27.2,14,3,6,0
2023-06-08 15:00:00,90.23,26.6,15,3,6,0
2023-06-08 16:00:00,89.96,25.9,16,3,6,0
2023-06-08 17:00:00,98.04,27.5,17,3,6,0
2023-06-08 18:00:00,98.01,27.9,18,3,6,0
2023-06-08 19:00:00,104.61,29.9,19,3,6,0
2023-06-08 20:00:00,105.19,31.0,20,3,6,0
2023-06-08 21:00:00,101.12,30.4,21,3,6,0
2023-06-08 22:00:00,95.5,33.3,22,3,6,0
2023-06-08 23:00:00,84.74,32.7,23,3,6,0
2023-06-09 00:00:00,60.14,35.4,0,4,6,0
2023-06-09 01:00:00,60.9,34.6,1,4,6,0
2023-06-09 02:00:00,61.04,33.7,2,4,6,0
2023-06-09 03:00:00,59.95,33.7,3,4,6,0
2023-06-09 04:00:00,64.72,34.5,4,4,6,0
2023-06-09 05:00:00,62.39,33.2,5,4,6,0
2023-06-09 06:00:00,67.62,32.7,6,4,6,0
2023-06-09 07:00:00,74.04,33.1,7,4,6,0
2023-06-09 08:00:00,78.46,30.2,8,4,6,0
2023-06-09 09:00:00,82.34,29.7,9,4,6,0
2023-06-09 10:00:00,83.6,29.9,10,4,6,0
2023-06-09 11:00:00,84.51,28.1,11,4,6,0
2023-06-09 12:00:00,83.43,26.0,12,4,6,0
2023-06-09 13:00:00,87.09,27.3,13,4,6,0
2023-06-09 14:00:00,87.51,25.8,14,4,6,0
2023-06-09 15:00:00,89.1,28.0,15,4,6,0
2023-06-09 16:00:00,90.63,26.6,16,4,6,0
2023-06-09 17:00:00,98.63,30.3,17,4,6,0
2023-06-09 18:00:00,101.06,29.9,18,4,6,0
2023-06-09 19:00:00,101.37,29.1,19,4,6,0
2023-06-09 20:00:00,102.07,30.7,20,4,6,0
2023-06-09 21:00:00,105.67,32.4,21,4,6,0
2023-06-09 22:00:00,95.86,33.4,22,4,6,0
2023-06-09 23:00:00,82.46,33.9,23,4,6,0
2023-06-10 00:00:00,53.45,35.2,0,5,6,1
2023-06-10 01:00:00,54.59,34.5,1,5,6,1
2023-06-10 02:00:00,55.45,34.4,2,5,6,1
2023-06-10 03:00:00,57.01,34.3,3,5,6,1
2023-06-10 04:00:00,58.67,34.9,4,5,6,1
2023-06-10 05:00:00,56.09,33.9,5,5,6,1
2023-06-10 06:00:00,62.9,33.0,6,5,6,1
2023-06-10 07:00:00,67.21,32.4,7,5,6,1
2023-06-10 08:00:00,69.29,29.1,8,5,6,1
2023-06-10 09:00:00,76.39,29.9,9,5,6,1
2023-06-10 10:00:00,74.97,28.9,10,5,6,1
2023-06-10 11:00:00,78.84,29.2,11,5,6,1
2023-06-10 12:00:00,76.24,26.0,12,5,6,1
2023-06-10 13:00:00,78.07,28.1,13,5,6,1
2023-06-10 14:00:00,81.29,26.8,14,5,6,1
2023-06-10 15:00:00,79.98,27.3,15,5,6,1
2023-06-10 16:00:00,81.02,28.6,16,5,6,1
2023-06-10 17:00:00,89.99,28.4,17,5,6,1
2023-06-10 18:00:00,88.78,29.1,18,5,6,1
2023-06-10 19:00:00,90.9,29.9,19,5,6,1
2023-06-10 20:00:00,90.86,30.3,20,5,6,1
2023-06-10 21:00:00,91.48,31.7,21,5,6,1
2023-06-10 22:00:00,85.29,32.2,22,5,6,1
2023-06-10 23:00:00,78.7,33.5,23,5,6,1
2023-06-11 00:00:00,50.82,32.3,0,6,6,1
2023-06-11 01:00:00,55.63,34.9,1,6,6,1
2023-06-11 02:00:00,57.29,34.6,2,6,6,1
2023-06-11 03:00:00,57.91,34.3,3,6,6,1
2023-06-11 04:00:00,58.03,34.4,4,6,6,1
2023-06-11 05:00:00,56.35,32.4,5,6,6,1
2023-06-11 06:00:00,62.08,34.3,6,6,6,1
2023-06-11 07:00:00,65.33,31.7,7,6,6,1
2023-06-11 08:00:00,69.83,30.6,8,6,6,1
2023-06-11 09:00:00,72.43,28.9,9,6,6,1
2023-06-11 10:00:00,75.56,28.8,10,6,6,1
2023-06-11 11:00:00,79.64,29.0,11,6,6,1
2023-06-11 12:00:00,80.04,28.1,12,6,6,1
2023-06-11 13:00:00,80.0,27.6,13,6,6,1
2023-06-11 14:00:00,81.87,27.2,14,6,6,1
2023-06-11 15:00:00,79.39,26.6,15,6,6,1
2023-06-11 16:00:00,82.99,26.1,16,6,6,1
2023-06-11 17:00:00,83.74,27.7,17,6,6,1
2023-06-11 18:00:00,89.59,28.5,18,6,6,1
2023-06-11 19:00:00,92.14,30.5,19,6,6,1
2023-06-11 20:00:00,91.91,31.0,20,6,6,1
2023-06-11 21:00:00,95.93,33.1,21,6,6,1
2023-06-11 22:00:00,85.33,33.7,22,6,6,1
2023-06-11 23:00:00,75.19,33.2,23,6,6,1
2023-06-12 00:00:00,55.45,32.8,0,0,6,0
2023-06-12 01:00:00,62.3,35.7,1,0,6,0
2023-06-12 02:00:00,63.97,35.8,2,0,6,0
2023-06-12 03:00:00,58.89,33.5,3,0,6,0
2023-06-12 04:00:00,66.38,35.4,4,0,6,0
2023-06-12 05:00:00,63.74,33.9,5,0,6,0
2023-06-12 06:00:00,68.9,32.9,6,0,6,0
2023-06-12 07:00:00,72.92,33.1,7,0,6,0
2023-06-12 08:00:00,81.09,31.8,8,0,6,0
2023-06-12 09:00:00,83.64,30.2,9,0,6,0
2023-06-12 10:00:00,85.4,29.1,10,0,6,0
2023-06-12 11:00:00,87.08,28.4,11,0,6,0
2023-06-12 12:00:00,88.38,26.9,12,0,6,0
2023-06-12 13:00:00,87.4,26.8,13,0,6,0
2023-06-12 14:00:00,89.2,26.0,14,0,6,0
2023-06-12 15:00:00,88.54,26.6,15,0,6,0
2023-06-12 16:00:00,91.01,27.0,16,0,6,0
2023-06-12 17:00:00,96.68,27.4,17,0,6,0
2023-06-12 18:00:00,99.65,28.8,18,0,6,0
2023-06-12 19:00:00,101.88,29.4,19,0,6,0
2023-06-12 20:00:00,100.33,31.1,20,0,6,0
2023-06-12 21:00:00,105.87,30.5,21,0,6,0
2023-06-12 22:00:00,96.53,32.6,22,0,6,0
2023-06-12 23:00:00,84.82,33.7,23,0,6,0
2023-06-13 00:00:00,58.63,33.9,0,1,6,0
2023-06-13 01:00:00,59.99,34.5,1,1,6,0
2023-06-13 02:00:00,60.62,33.5,2,1,6,0
2023-06-13 03:00:00,62.39,34.9,3,1,6,0
2023-06-13 04:00:00,64.12,34.7,4,1,6,0
2023-06-13 05:00:00,63.95,34.0,5,1,6,0
2023-06-13 06:00:00,68.9,33.6,6,1,6,0
2023-06-13 07:00:00,73.61,31.9,7,1,6,0
2023-06-13 08:00:00,82.18,31.1,8,1,6,0
2023-06-13 09:00:00,81.83,29.8,9,1,6,0
2023-06-13 10:00:00,83.52,29.3,10,1,6,0
2023-06-13 11:00:00,84.13,26.6,11,1,6,0
2023-06-13 12:00:00,85.38,26.6,12,1,6,0
2023-06-13 13:00:00,89.77,28.1,13,1,6,0
2023-06-13 14:00:00,90.72,24.8,14,1,6,0
2023-06-13 15:00:00,89.53,26.8,15,1,6,0
2023-06-13 16:00:00,91.23,28.2,16,1,6,0
2023-06-13 17:00:00,97.49,27.8,17,1,6,0
2023-06-13 18:00:00,97.44,28.4,18,1,6,0
2023-06-13 19:00:00,97.54,29.8,19,1,6,0
2023-06-13 20:00:00,104.23,30.4,20,1,6,0
2023-06-13 21:00:00,105.23,31.8,21,1,6,0
2023-06-13 22:00:00,94.51,32.2,22,1,6,0
2023-06-13 23:00:00,85.52,34.4,23,1,6,0
2023-06-14 00:00:00,60.69,35.3,0,2,6,0
2023-06-14 01:00:00,60.45,34.5,1,2,6,0
2023-06-14 02:00:00,59.88,33.6,2,2,6,0
2023-06-14 03:00:00,60.68,34.2,3,2,6,0
2023-06-14 04:00:00,63.89,34.0,4,2,6,0
2023-06-14 05:00:00,64.52,34.0,5,2,6,0
2023-06-14 06:00:00,67.66,31.9,6,2,6,0
2023-06-14 07:00:00,69.13,31.2,7,2,6,0
2023-06-14 08:00:00,78.36,31.1,8,2,6,0
2023-06-14 09:00:00,83.22,30.4,9,2,6,0
2023-06-14 10:00:00,82.59,28.2,10,2,6,0
2023-06-14 11:00:00,86.35,26.8,11,2,6,0
2023-06-14 12:00:00,88.48,29.9,12,2,6,0
2023-06-14 13:00:00,89.16,27.5,13,2,6,0
2023-06-14 14:00:00,91.25,26.5,14,2,6,0
2023-06-14 15:00:00,87.87,27.6,15,2,6,0
2023-06-14 16:00:00,88.8,27.2,16,2,6,0
2023-06-14 17:00:00,96.23,28.6,17,2,6,0
2023-06-14 18:00:00,96.62,28.9,18,2,6,0
2023-06-14 19:00:00,101.66,29.8,19,2,6,0
2023-06-14 20:00:00,101.96,30.6,20,2,6,0
2023-06-14 21:00:00,105.89,30.6,21,2,6,0
2023-06-14 22:00:00,95.45,34.3,22,2,6,0
2023-06-14 23:00:00,87.39,32.8,23,2,6,0
2023-06-15 00:00:00,59.28,33.1,0,3,6,0
2023-06-15 01:00:00,59.9,34.4,1,3,6,0
2023-06-15 02:00:00,61.75,34.0,2,3,6,0
2023-06-15 03:00:00,62.0,34.6,3,3,6,0
2023-06-15 04:00:00,64.68,34.7,4,3,6,0
2023-06-15 05:00:00,64.17,34.4,5,3,6,0
2023-06-15 06:00:00,67.66,33.4,6,3,6,0
2023-06-15 07:00:00,68.37,31.5,7,3,6,0
2023-06-15 08:00:00,77.68,30.8,8,3,6,0
2023-06-15 09:00:00,83.52,30.0,9,3,6,0
2023-06-15 10:00:00,85.57,27.3,10,3,6,0
2023-06-15 11:00:00,85.23,28.4,11,3,6,0
2023-06-15 12:00:00,87.85,26.1,12,3,6,0
2023-06-15 13:00:00,87.72,28.5,13,3,6,0
2023-06-15 14:00:00,88.99,26.4,14,3,6,0
2023-06-15 15:00:00,91.27,26.7,15,3,6,0
2023-06-15 16:00:00,85.5,26.7,16,3,6,0
2023-06-15 17:00:00,96.12,27.4,17,3,6,0
2023-06-15 18:00:00,98.94,30.6,18,3,6,0
2023-06-15 19:00:00,103.53,30.4,19,3,6,0
2023-06-15 20:00:00,100.63,29.5,20,3,6,0
2023-06-15 21:00:00,107.32,33.0,21,3,6,0
2023-06-15 22:00:00,97.81,33.7,22,3,6,0
2023-06-15 23:00:00,82.7,33.3,23,3,6,0
2023-06-16 00:00:00,58.76,34.4,0,4,6,0
2023-06-16 01:00:00,59.8,34.6,1,4,6,0
2023-06-16 02:00:00,64.31,36.3,2,4,6,0
2023-06-16 03:00:00,62.38,34.0,3,4,6,0
2023-06-16 04:00:00,62.9,34.3,4,4,6,0
2023-06-16 05:00:00,61.81,33.2,5,4,6,0
2023-06-16 06:00:00,68.22,31.6,6,4,6,0
2023-06-16 07:00:00,75.2,33.5,7,4,6,0
2023-06-16 08:00:00,74.6,29.8,8,4,6,0
2023-06-16 09:00:00,80.68,29.9,9,4,6,0
2023-06-16 10:00:00,84.21,27.3,10,4,6,0
2023-06-16 11:00:00,83.19,27.6,11,4,6,0
2023-06-16 12:00:00,89.21,27.6,12,4,6,0
2023-06-16 13:00:00,86.93,26.2,13,4,6,0
2023-06-16 14:00:00,89.54,27.2,14,4,6,0
2023-06-16 15:00:00,89.8,26.7,15,4,6,0
2023-06-16 16:00:00,88.35,28.2,16,4,6,0
2023-06-16 17:00:00,92.15,29.0,17,4,6,0
2023-06-16 18:00:00,98.08,28.3,18,4,6,0
2023-06-16 19:00:00,98.96,29.8,19,4,6,0
2023-06-16 20:00:00,103.51,30.9,20,4,6,0
2023-06-16 21:00:00,105.29,32.3,21,4,6,0
2023-06-16 22:00:00,95.51,32.7,22,4,6,0
2023-06-16 23:00:00,87.64,33.7,23,4,6,0
2023-06-17 00:00:00,52.65,34.0,0,5,6,1
2023-06-17 01:00:00,54.54,34.7,1,5,6,1
2023-06-17 02:00:00,55.63,35.8,2,5,6,1
2023-06-17 03:00:00,57.24,35.1,3,5,6,1
2023-06-17 04:00:00,58.49,34.8,4,5,6,1
2023-06-17 05:00:00,57.7,34.1,5,5,6,1
2023-06-17 06:00:00,62.3,32.6,6,5,6,1
2023-06-17 07:00:00,66.27,32.0,7,5,6,1
2023-06-17 08:00:00,67.57,29.9,8,5,6,1
2023-06-17 09:00:00,76.22,30.7,9,5,6,1
2023-06-17 10:00:00,74.87,26.5,10,5,6,1
2023-06-17 11:00:00,76.85,27.8,11,5,6,1
2023-06-17 12:00:00,76.75,28.2,12,5,6,1
2023-06-17 13:00:00,78.55,25.8,13,5,6,1
2023-06-17 14:00:00,80.85,27.1,14,5,6,1
2023-06-17 15:00:00,80.21,26.3,15,5,6,1
2023-06-17 16:00:00,83.42,27.0,16,5,6,1
2023-06-17 17:00:00,87.89,28.7,17,5,6,1
2023-06-17 18:00:00,88.94,28.9,18,5,6,1
2023-06-17 19:00:00,89.11,28.1,19,5,6,1
2023-06-17 20:00:00,88.36,30.0,20,5,6,1
2023-06-17 21:00:00,94.1,32.5,21,5,6,1
2023-06-17 22:00:00,85.42,33.1,22,5,6,1
2023-06-17 23:00:00,78.54,35.0,23,5,6,1
2023-06-18 00:00:00,54.94,35.5,0,6,6,1
2023-06-18 01:00:00,55.16,34.3,1,6,6,1
2023-06-18 02:00:00,58.65,36.7,2,6,6,1
2023-06-18 03:00:00,58.03,34.6,3,6,6,1
2023-06-18 04:00:00,56.06,33.4,4,6,6,1
2023-06-18 05:00:00,57.28,33.1,5,6,6,1
2023-06-18 06:00:00,60.18,30.9,6,6,6,1
2023-06-18 07:00:00,68.13,33.1,7,6,6,1
2023-06-18 08:00:00,73.69,32.0,8,6,6,1
2023-06-18 09:00:00,74.92,28.9,9,6,6,1
2023-06-18 10:00:00,73.17,28.5,10,6,6,1
2023-06-18 11:00:00,76.48,28.0,11,6,6,1
2023-06-18 12:00:00,77.62,26.5,12,6,6,1
2023-06-18 13:00:00,83.09,25.5,13,6,6,1
2023-06-18 14:00:00,80.05,26.6,14,6,6,1
2023-06-18 15:00:00,78.98,26.6,15,6,6,1
2023-06-18 16:00:00,81.31,27.0,16,6,6,1
2023-06-18 17:00:00,87.36,28.1,17,6,6,1
2023-06-18 18:00:00,88.91,29.9,18,6,6,1
2023-06-18 19:00:00,89.63,29.5,19,6,6,1
2023-06-18 20:00:00,94.94,30.9,20,6,6,1
2023-06-18 21:00:00,93.77,32.3,21,6,6,1
2023-06-18 22:00:00,86.05,33.2,22,6,6,1
2023-06-18 23:00:00,75.9,33.1,23,6,6,1
2023-06-19 00:00:00,59.83,34.3,0,0,6,0
2023-06-19 01:00:00,60.99,35.0,1,0,6,0
2023-06-19 02:00:00,59.3,33.8,2,0,6,0
2023-06-19 03:00:00,62.63,35.6,3,0,6,0
2023-06-19 04:00:00,66.29,35.3,4,0,6,0
2023-06-19 05:00:00,63.82,33.0,5,0,6,0
2023-06-19 06:00:00,69.55,32.9,6,0,6,0
2023-06-19 07:00:00,73.86,32.3,7,0,6,0
2023-06-19 08:00:00,79.55,30.3,8,0,6,0
2023-06-19 09:00:00,81.56,30.1,9,0,6,0
2023-06-19 10:00:00,84.69,28.9,10,0,6,0
2023-06-19 11:00:00,84.48,26.7,11,0,6,0
2023-06-19 12:00:00,85.87,27.6,12,0,6,0
2023-06-19 13:00:00,89.63,26.0,13,0,6,0
2023-06-19 14:00:00,89.31,27.5,14,0,6,0
2023-06-19 15:00:00,88.83,26.3,15,0,6,0
2023-06-19 16:00:00,88.73,27.1,16,0,6,0
2023-06-19 17:00:00,92.6,29.0,17,0,6,0
2023-06-19 18:00:00,99.22,29.1,18,0,6,0
2023-06-19 19:00:00,97.54,28.8,19,0,6,0
2023-06-19 20:00:00,105.53,29.9,20,0,6,0
2023-06-19 21:00:00,103.78,31.3,21,0,6,0
2023-06-19 22:00:00,97.61,33.0,22,0,6,0
2023-06-19 23:00:00,82.83,33.8,23,0,6,0
2023-06-20 00:00:00,58.52,33.5,0,1,6,0
2023-06-20 01:00:00,60.12,33.7,1,1,6,0
2023-06-20 02:00:00,63.1,35.0,2,1,6,0
2023-06-20 03:00:00,60.73,34.5,3,1,6,0
2023-06-20 04:00:00,64.33,35.9,4,1,6,0
2023-06-20 05:00:00,64.01,33.6,5,1,6,0
2023-06-20 06:00:00,70.3,34.2,6,1,6,0
2023-06-20 07:00:00,72.42,30.8,7,1,6,0
2023-06-20 08:00:00,75.99,29.5,8,1,6,0
2023-06-20 09:00:00,84.23,28.8,9,1,6,0
2023-06-20 10:00:00,88.37,29.7,10,1,6,0
2023-06-20 11:00:00,85.7,29.3,11,1,6,0
2023-06-20 12:00:00,86.98,26.6,12,1,6,0
2023-06-20 13:00:00,88.54,26.5,13,1,6,0
2023-06-20 14:00:00,91.65,25.8,14,1,6,0
2023-06-20 15:00:00,90.9,25.4,15,1,6,0
2023-06-20 16:00:00,87.8,27.8,16,1,6,0
2023-06-20 17:00:00,95.02,28.1,17,1,6,0
2023-06-20 18:00:00,95.93,28.7,18,1,6,0
2023-06-20 19:00:00,104.28,28.6,19,1,6,0
2023-06-20 20:00:00,105.79,32.0,20,1,6,0
2023-06-20 21:00:00,103.33,31.4,21,1,6,0
2023-06-20 22:00:00,94.55,33.2,22,1,6,0
2023-06-20 23:00:00,84.97,32.4,23,1,6,0
2023-06-21 00:00:00,59.28,34.0,0,2,6,0
2023-06-21 01:00:00,61.25,34.8,1,2,6,0
2023-06-21 02:00:00,61.37,35.0,2,2,6,0
2023-06-21 03:00:00,62.84,34.7,3,2,6,0
2023-06-21 04:00:00,63.62,34.6,4,2,6,0
2023-06-21 05:00:00,61.32,32.7,5,2,6,0
2023-06-21 06:00:00,67.48,32.9,6,2,6,0
2023-06-21 07:00:00,73.9,31.9,7,2,6,0
2023-06-21 08:00:00,78.45,30.9,8,2,6,0
2023-06-21 09:00:00,83.69,29.8,9,2,6,0
2023-06-21 10:00:00,84.75,27.7,10,2,6,0
2023-06-21 11:00:00,87.52,26.8,11,2,6,0
2023-06-21 12:00:00,85.04,25.5,12,2,6,0
2023-06-21 13:00:00,89.47,27.5,13,2,6,0
2023-06-21 14:00:00,90.77,27.4,14,2,6,0
2023-06-21 15:00:00,89.03,27.5,15,2,6,0
2023-06-21 16:00:00,89.74,27.5,16,2,6,0
2023-06-21 17:00:00,95.59,26.2,17,2,6,0
2023-06-21 18:00:00,101.51,27.9,18,2,6,0
2023-06-21 19:00:00,100.52,29.8,19,2,6,0
2023-06-21 20:00:00,104.01,30.8,20,2,6,0
2023-06-21 21:00:00,104.18,31.6,21,2,6,0
2023-06-21 22:00:00,94.64,33.0,22,2,6,0
2023-06-21 23:00:00,83.34,33.6,23,2,6,0
2023-06-22 00:00:00,59.83,34.3,0,3,6,0
2023-06-22 01:00:00,60.38,34.1,1,3,6,0
2023-06-22 02:00:00,62.1,35.5,2,3,6,0
2023-06-22 03:00:00,61.13,34.3,3,3,6,0
2023-06-22 04:00:00,61.89,33.1,4,3,6,0
2023-06-22 05:00:00,62.03,32.9,5,3,6,0
2023-06-22 06:00:00,67.82,32.5,6,3,6,0
2023-06-22 07:00:00,72.59,32.6,7,3,6,0
2023-06-22 08:00:00,78.24,30.7,8,3,6,0
2023-06-22 09:00:00,82.86,29.5,9,3,6,0
2023-06-22 10:00:00,85.21,27.7,10,3,6,0
2023-06-22 11:00:00,84.94,28.5,11,3,6,0
2023-06-22 12:00:00,85.74,26.7,12,3,6,0
2023-06-22 13:00:00,85.93,26.8,13,3,6,0
2023-06-22 14:00:00,91.35,27.9,14,3,6,0
2023-06-22 15:00:00,91.01,27.3,15,3,6,0
2023-06-22 16:00:00,89.59,26.0,16,3,6,0
2023-06-22 17:00:00,93.76,26.5,17,3,6,0
2023-06-22 18:00:00,95.56,28.7,18,3,6,0
2023-06-22 19:00:00,98.38,28.7,19,3,6,0
2023-06-22 20:00:00,105.56,31.3,20,3,6,0
2023-06-22 21:00:00,105.46,31.8,21,3,6,0
2023-06-22 22:00:00,92.84,32.9,22,3,6,0
2023-06-22 23:00:00,85.11,33.0,23,3,6,0
2023-06-23 00:00:00,59.53,35.6,0,4,6,0
2023-06-23 01:00:00,62.48,36.9,1,4,6,0
2023-06-23 02:00:00,62.17,34.5,2,4,6,0
2023-06-23 03:00:00,63.55,34.9,3,4,6,0
2023-06-23 04:00:00,64.28,34.3,4,4,6,0
2023-06-23 05:00:00,63.13,33.4,5,4,6,0
2023-06-23 06:00:00,68.64,32.1,6,4,6,0
2023-06-23 07:00:00,71.42,30.9,7,4,6,0
2023-06-23 08:00:00,76.5,29.8,8,4,6,0
2023-06-23 09:00:00,82.61,30.0,9,4,6,0
2023-06-23 10:00:00,83.57,28.3,10,4,6,0
2023-06-23 11:00:00,83.17,25.8,11,4,6,0
2023-06-23 12:00:00,85.91,27.6,12,4,6,0
2023-06-23 13:00:00,90.8,26.8,13,4,6,0
2023-06-23 14:00:00,87.75,27.8,14,4,6,0
2023-06-23 15:00:00,87.36,27.2,15,4,6,0
2023-06-23 16:00:00,87.5,26.1,16,4,6,0
2023-06-23 17:00:00,100.78,26.1,17,4,6,0
2023-06-23 18:00:00,98.57,28.2,18,4,6,0
2023-06-23 19:00:00,99.12,29.2,19,4,6,0
2023-06-23 20:00:00,104.14,31.5,20,4,6,0
2023-06-23 21:00:00,105.34,31.8,21,4,6,0
2023-06-23 22:00:00,95.09,33.6,22,4,6,0
2023-06-23 23:00:00,83.16,32.5,23,4,6,0
2023-06-24 00:00:00,54.22,35.0,0,5,6,1
2023-06-24 01:00:00,54.89,35.2,1,5,6,1
2023-06-24 02:00:00,53.66,33.1,2,5,6,1
2023-06-24 03:00:00,58.52,35.7,3,5,6,1
2023-06-24 04:00:00,56.43,34.3,4,5,6,1
2023-06-24 05:00:00,60.73,33.9,5,5,6,1
2023-06-24 06:00:00,61.97,32.0,6,5,6,1
2023-06-24 07:00:00,65.83,32.8,7,5,6,1
2023-06-24 08:00:00,65.82,29.8,8,5,6,1
2023-06-24 09:00:00,74.36,30.4,9,5,6,1
2023-06-24 10:00:00,76.71,29.4,10,5,6,1
2023-06-24 11:00:00,77.42,27.1,11,5,6,1
2023-06-24 12:00:00,77.47,28.9,12,5,6,1
2023-06-24 13:00:00,78.63,27.1,13,5,6,1
2023-06-24 14:00:00,79.11,27.3,14,5,6,1
2023-06-24 15:00:00,79.93,25.6,15,5,6,1
2023-06-24 16:00:00,78.93,29.0,16,5,6,1
2023-06-24 17:00:00,85.78,26.9,17,5,6,1
2023-06-24 18:00:00,91.06,29.6,18,5,6,1
2023-06-24 19:00:00,88.03,28.9,19,5,6,1
2023-06-24 20:00:00,93.48,30.2,20,5,6,1
2023-06-24 21:00:00,96.9,32.4,21,5,6,1
2023-06-24 22:00:00,85.3,33.6,22,5,6,1
2023-06-24 23:00:00,74.71,32.5,23,5,6,1
2023-06-25 00:00:00,55.52,35.1,0,6,6,1
2023-06-25 01:00:00,54.93,35.4,1,6,6,1
2023-06-25 02:00:00,55.08,34.0,2,6,6,1
2023-06-25 03:00:00,60.48,35.9,3,6,6,1
2023-06-25 04:00:00,56.92,33.0,4,6,6,1
2023-06-25 05:00:00,57.1,33.1,5,6,6,1
2023-06-25 06:00:00,63.4,33.1,6,6,6,1
2023-06-25 07:00:00,65.35,31.1,7,6,6,1
2023-06-25 08:00:00,72.0,30.9,8,6,6,1
2023-06-25 09:00:00,71.72,29.9,9,6,6,1
2023-06-25 10:00:00,74.97,28.6,10,6,6,1
2023-06-25 11:00:00,73.4,28.6,11,6,6,1
2023-06-25 12:00:00,77.9,27.1,12,6,6,1
2023-06-25 13:00:00,79.22,27.1,13,6,6,1
2023-06-25 14:00:00,82.82,27.6,14,6,6,1
2023-06-25 15:00:00,81.76,27.5,15,6,6,1
2023-06-25 16:00:00,79.73,27.9,16,6,6,1
2023-06-25 17:00:00,85.77,27.0,17,6,6,1
2023-06-25 18:00:00,88.88,29.2,18,6,6,1
2023-06-25 19:00:00,88.39,29.0,19,6,6,1
2023-06-25 20:00:00,91.69,29.7,20,6,6,1
2023-06-25 21:00:00,97.09,31.7,21,6,6,1
2023-06-25 22:00:00,83.8,32.0,22,6,6,1
2023-06-25 23:00:00,77.33,34.2,23,6,6,1
2023-06-26 00:00:00,59.08,34.8,0,0,6,0
2023-06-26 01:00:00,61.52,33.1,1,0,6,0
2023-06-26 02:00:00,61.33,34.1,2,0,6,0
2023-06-26 03:00:00,62.13,33.4,3,0,6,0
2023-06-26 04:00:00,63.34,33.8,4,0,6,0
2023-06-26 05:00:00,64.64,33.9,5,0,6,0
2023-06-26 06:00:00,68.64,32.5,6,0,6,0
2023-06-26 07:00:00,73.12,31.3,7,0,6,0
2023-06-26 08:00:00,77.24,31.8,8,0,6,0
2023-06-26 09:00:00,82.44,27.9,9,0,6,0
2023-06-26 10:00:00,84.21,29.7,10,0,6,0
2023-06-26 11:00:00,86.03,27.5,11,0,6,0
2023-06-26 12:00:00,86.16,27.2,12,0,6,0
2023-06-26 13:00:00,89.69,26.4,13,0,6,0
2023-06-26 14:00:00,91.09,28.0,14,0,6,0
2023-06-26 15:00:00,84.77,25.9,15,0,6,0
2023-06-26 16:00:00,88.83,27.3,16,0,6,0
2023-06-26 17:00:00,92.83,28.3,17,0,6,0
2023-06-26 18:00:00,98.16,27.4,18,0,6,0
2023-06-26 19:00:00,98.82,29.0,19,0,6,0
2023-06-26 20:00:00,105.44,30.6,20,0,6,0
2023-06-26 21:00:00,104.46,31.1,21,0,6,0
2023-06-26 22:00:00,93.55,32.1,22,0,6,0
2023-06-26 23:00:00,86.25,33.3,23,0,6,0
2023-06-27 00:00:00,58.95,34.7,0,1,6,0
2023-06-27 01:00:00,59.38,34.3,1,1,6,0
2023-06-27 02:00:00,62.91,35.6,2,1,6,0
2023-06-27 03:00:00,63.1,33.8,3,1,6,0
2023-06-27 04:00:00,62.71,33.2,4,1,6,0
2023-06-27 05:00:00,65.8,35.1,5,1,6,0
2023-06-27 06:00:00,70.94,32.2,6,1,6,0
2023-06-27 07:00:00,70.99,30.7,7,1,6,0
2023-06-27 08:00:00,75.2,29.3,8,1,6,0
2023-06-27 09:00:00,84.04,30.6,9,1,6,0
2023-06-27 10:00:00,85.86,28.5,10,1,6,0
2023-06-27 11:00:00,83.71,27.7,11,1,6,0
2023-06-27 12:00:00,89.04,27.1,12,1,6,0
2023-06-27 13:00:00,86.12,27.7,13,1,6,0
2023-06-27 14:00:00,89.35,26.6,14,1,6,0
2023-06-27 15:00:00,89.83,28.7,15,1,6,0
2023-06-27 16:00:00,88.1,27.4,16,1,6,0
2023-06-27 17:00:00,95.0,28.8,17,1,6,0
2023-06-27 18:00:00,99.64,29.4,18,1,6,0
2023-06-27 19:00:00,102.84,29.7,19,1,6,0
2023-06-27 20:00:00,98.66,30.3,20,1,6,0
2023-06-27 21:00:00,105.49,32.0,21,1,6,0
2023-06-27 22:00:00,95.37,33.1,22,1,6,0
2023-06-27 23:00:00,84.79,33.1,23,1,6,0
2023-06-28 00:00:00,58.47,34.3,0,2,6,0
2023-06-28 01:00:00,60.16,35.6,1,2,6,0
2023-06-28 02:00:00,65.02,36.4,2,2,6,0
2023-06-28 03:00:00,64.43,35.3,3,2,6,0
2023-06-28 04:00:00,64.72,35.7,4,2,6,0
2023-06-28 05:00:00,62.28,33.1,5,2,6,0
2023-06-28 06:00:00,68.33,33.3,6,2,6,0
2023-06-28 07:00:00,71.14,32.8,7,2,6,0
2023-06-28 08:00:00,77.59,30.0,8,2,6,0
2023-06-28 09:00:00,83.43,29.3,9,2,6,0
2023-06-28 10:00:00,85.07,30.1,10,2,6,0
2023-06-28 11:00:00,85.04,27.1,11,2,6,0
2023-06-28 12:00:00,86.48,26.2,12,2,6,0
2023-06-28 13:00:00,87.07,28.1,13,2,6,0
2023-06-28 14:00:00,88.72,27.7,14,2,6,0
2023-06-28 15:00:00,89.27,27.2,15,2,6,0
2023-06-28 16:00:00,90.69,27.2,16,2,6,0
2023-06-28 17:00:00,98.52,27.6,17,2,6,0
2023-06-28 18:00:00,97.32,29.0,18,2,6,0
2023-06-28 19:00:00,99.87,31.0,19,2,6,0
2023-06-28 20:00:00,103.36,30.9,20,2,6,0
2023-06-28 21:00:00,110.7,33.5,21,2,6,0
2023-06-28 22:00:00,92.65,32.0,22,2,6,0
2023-06-28 23:00:00,86.41,33.5,23,2,6,0
2023-06-29 00:00:00,59.58,33.9,0,3,6,0
2023-06-29 01:00:00,58.8,33.7,1,3,6,0
2023-06-29 02:00:00,60.62,34.6,2,3,6,0
2023-06-29 03:00:00,63.36,34.9,3,3,6,0
2023-06-29 04:00:00,63.87,34.6,4,3,6,0
2023-06-29 05:00:00,66.17,35.3,5,3,6,0
2023-06-29 06:00:00,71.23,33.1,6,3,6,0
2023-06-29 07:00:00,74.54,32.7,7,3,6,0
2023-06-29 08:00:00,76.4,30.8,8,3,6,0
2023-06-29 09:00:00,84.4,31.0,9,3,6,0
2023-06-29 10:00:00,85.95,30.7,10,3,6,0
2023-06-29 11:00:00,87.15,28.3,11,3,6,0
2023-06-29 12:00:00,85.96,26.5,12,3,6,0
2023-06-29 13:00:00,87.79,26.4,13,3,6,0
2023-06-29 14:00:00,87.3,27.0,14,3,6,0
2023-06-29 15:00:00,90.44,27.2,15,3,6,0
2023-06-29 16:00:00,95.04,27.8,16,3,6,0
2023-06-29 17:00:00,95.7,28.3,17,3,6,0
2023-06-29 18:00:00,98.54,28.7,18,3,6,0
2023-06-29 19:00:00,98.61,29.2,19,3,6,0
2023-06-29 20:00:00,101.16,31.1,20,3,6,0
2023-06-29 21:00:00,107.52,33.3,21,3,6,0
2023-06-29 22:00:00,96.08,33.5,22,3,6,0
2023-06-29 23:00:00,82.23,34.0,23,3,6,0
2023-06-30 00:00:00,61.16,35.0,0,4,6,0
2023-06-30 01:00:00,60.28,34.3,1,4,6,0
2023-06-30 02:00:00,61.03,34.3,2,4,6,0
2023-06-30 03:00:00,61.26,34.0,3,4,6,0
2023-06-30 04:00:00,63.33,34.1,4,4,6,0
2023-06-30 05:00:00,63.39,33.2,5,4,6,0
2023-06-30 06:00:00,69.99,33.7,6,4,6,0
2023-06-30 07:00:00,74.14,31.4,7,4,6,0
2023-06-30 08:00:00,79.01,30.1,8,4,6,0
2023-06-30 09:00:00,87.67,31.3,9,4,6,0
2023-06-30 10:00:00,82.26,28.4,10,4,6,0
2023-06-30 11:00:00,84.28,28.0,11,4,6,0
2023-06-30 12:00:00,86.84,27.6,12,4,6,0
2023-06-30 13:00:00,87.19,26.0,13,4,6,0
2023-06-30 14:00:00,88.53,27.7,14,4,6,0
2023-06-30 15:00:00,90.32,27.4,15,4,6,0
2023-06-30 16:00:00,91.02,28.5,16,4,6,0
2023-06-30 17:00:00,98.34,27.4,17,4,6,0
2023-06-30 18:00:00,97.39,28.8,18,4,6,0
2023-06-30 19:00:00,101.05,29.7,19,4,6,0
2023-06-30 20:00:00,103.74,30.9,20,4,6,0
2023-06-30 21:00:00,103.51,30.6,21,4,6,0
2023-06-30 22:00:00,93.84,32.8,22,4,6,0
2023-06-30 23:00:00,82.42,32.4,23,4,6,0
2023-07-01 00:00:00,53.94,34.8,0,5,7,1
2023-07-01 01:00:00,51.53,33.2,1,5,7,1
2023-07-01 02:00:00,51.89,33.5,2,5,7,1
2023-07-01 03:00:00,57.0,35.5,3,5,7,1
2023-07-01 04:00:00,57.72,34.0,4,5,7,1
2023-07-01 05:00:00,53.01,33.0,5,5,7,1
2023-07-01 06:00:00,62.14,34.0,6,5,7,1
2023-07-01 07:00:00,66.61,32.3,7,5,7,1
2023-07-01 08:00:00,67.8,31.7,8,5,7,1
2023-07-01 09:00:00,73.05,29.8,9,5,7,1
2023-07-01 10:00:00,74.63,31.1,10,5,7,1
2023-07-01 11:00:00,73.73,27.7,11,5,7,1
2023-07-01 12:00:00,75.63,28.9,12,5,7,1
2023-07-01 13:00:00,76.38,27.1,13,5,7,1
2023-07-01 14:00:00,77.19,25.7,14,5,7,1
2023-07-01 15:00:00,79.07,27.5,15,5,7,1
2023-07-01 16:00:00,82.82,27.8,16,5,7,1
2023-07-01 17:00:00,86.29,27.3,17,5,7,1
2023-07-01 18:00:00,88.21,28.3,18,5,7,1
2023-07-01 19:00:00,90.39,29.9,19,5,7,1
2023-07-01 20:00:00,90.77,31.3,20,5,7,1
2023-07-01 21:00:00,91.68,30.1,21,5,7,1
2023-07-01 22:00:00,87.71,33.8,22,5,7,1
2023-07-01 23:00:00,76.97,33.4,23,5,7,1
2023-07-02 00:00:00,51.81,33.4,0,6,7,1
2023-07-02 01:00:00,55.74,35.6,1,6,7,1
2023-07-02 02:00:00,57.93,35.0,2,6,7,1
2023-07-02 03:00:00,58.25,35.8,3,6,7,1
2023-07-02 04:00:00,56.83,34.8,4,6,7,1
2023-07-02 05:00:00,56.85,33.8,5,6,7,1
2023-07-02 06:00:00,59.92,32.9,6,6,7,1
2023-07-02 07:00:00,68.87,32.4,7,6,7,1
2023-07-02 08:00:00,71.37,30.7,8,6,7,1
2023-07-02 09:00:00,72.89,29.3,9,6,7,1
2023-07-02 10:00:00,77.79,29.5,10,6,7,1
2023-07-02 11:00:00,76.29,28.1,11,6,7,1
2023-07-02 12:00:00,75.59,27.6,12,6,7,1
2023-07-02 13:00:00,79.67,28.0,13,6,7,1
2023-07-02 14:00:00,79.82,26.9,14,6,7,1
2023-07-02 15:00:00,80.54,27.1,15,6,7,1
2023-07-02 16:00:00,76.92,27.1,16,6,7,1
2023-07-02 17:00:00,83.53,28.5,17,6,7,1
2023-07-02 18:00:00,89.43,29.3,18,6,7,1
2023-07-02 19:00:00,92.98,30.7,19,6,7,1
2023-07-02 20:00:00,93.72,30.5,20,6,7,1
2023-07-02 21:00:00,97.15,31.7,21,6,7,1
2023-07-02 22:00:00,86.61,33.6,22,6,7,1
2023-07-02 23:00:00,77.22,34.0,23,6,7,1
2023-07-03 00:00:00,56.25,33.7,0,0,7,0
2023-07-03 01:00:00,60.27,35.9,1,0,7,0
2023-07-03 02:00:00,57.17,33.6,2,0,7,0
2023-07-03 03:00:00,62.18,35.5,3,0,7,0
2023-07-03 04:00:00,59.04,33.5,4,0,7,0
2023-07-03 05:00:00,65.56,35.3,5,0,7,0
2023-07-03 06:00:00,66.57,31.8,6,0,7,0
2023-07-03 07:00:00,70.86,33.0,7,0,7,0
2023-07-03 08:00:00,76.57,30.9,8,0,7,0
2023-07-03 09:00:00,84.24,29.7,9,0,7,0
2023-07-03 10:00:00,81.99,29.1,10,0,7,0
2023-07-03 11:00:00,82.11,28.7,11,0,7,0
2023-07-03 12:00:00,81.92,26.8,12,0,7,0
2023-07-03 13:00:00,84.04,26.5,13,0,7,0
2023-07-03 14:00:00,88.84,27.5,14,0,7,0
2023-07-03 15:00:00,87.25,25.8,15,0,7,0
2023-07-03 16:00:00,87.39,27.1,16,0,7,0
2023-07-03 17:00:00,95.56,30.6,17,0,7,0
2023-07-03 18:00:00,95.76,28.2,18,0,7,0
2023-07-03 19:00:00,97.66,30.9,19,0,7,0
2023-07-03 20:00:00,101.61,30.5,20,0,7,0
2023-07-03 21:00:00,101.19,32.4,21,0,7,0
2023-07-03 22:00:00,93.18,33.5,22,0,7,0
2023-07-03 23:00:00,86.62,34.7,23,0,7,0
2023-07-04 00:00:00,58.21,34.3,0,1,7,0
2023-07-04 01:00:00,62.23,36.5,1,1,7,0
2023-07-04 02:00:00,62.39,34.5,2,1,7,0
2023-07-04 03:00:00,61.97,35.1,3,1,7,0
2023-07-04 04:00:00,62.64,34.7,4,1,7,0
2023-07-04 05:00:00,61.25,32.9,5,1,7,0
2023-07-04 06:00:00,66.79,32.8,6,1,7,0
2023-07-04 07:00:00,71.2,32.2,7,1,7,0
2023-07-04 08:00:00,76.71,30.7,8,1,7,0
2023-07-04 09:00:00,84.47,31.9,9,1,7,0
2023-07-04 10:00:00,82.69,28.3,10,1,7,0
2023-07-04 11:00:00,83.89,29.1,11,1,7,0
2023-07-04 12:00:00,86.21,28.2,12,1,7,0
2023-07-04 13:00:00,86.94,27.1,13,1,7,0
2023-07-04 14:00:00,87.29,26.3,14,1,7,0
2023-07-04 15:00:00,86.44,26.5,15,1,7,0
2023-07-04 16:00:00,85.42,27.1,16,1,7,0
2023-07-04 17:00:00,96.97,26.7,17,1,7,0
2023-07-04 18:00:00,94.76,28.2,18,1,7,0
2023-07-04 19:00:00,95.93,28.8,19,1,7,0
2023-07-04 20:00:00,102.17,32.1,20,1,7,0
2023-07-04 21:00:00,103.44,32.5,21,1,7,0
2023-07-04 22:00:00,97.27,33.6,22,1,7,0
2023-07-04 23:00:00,84.19,34.3,23,1,7,0
2023-07-05 00:00:00,60.74,34.6,0,2,7,0
2023-07-05 01:00:00,61.02,36.0,1,2,7,0
2023-07-05 02:00:00,62.29,34.5,2,2,7,0
2023-07-05 03:00:00,62.7,34.9,3,2,7,0
2023-07-05 04:00:00,63.48,35.1,4,2,7,0
2023-07-05 05:00:00,63.09,32.8,5,2,7,0
2023-07-05 06:00:00,71.87,35.5,6,2,7,0
2023-07-05 07:00:00,73.19,32.1,7,2,7,0
2023-07-05 08:00:00,80.29,31.1,8,2,7,0
2023-07-05 09:00:00,82.1,31.0,9,2,7,0
2023-07-05 10:00:00,81.38,29.7,10,2,7,0
2023-07-05 11:00:00,82.62,28.2,11,2,7,0
2023-07-05 12:00:00,87.51,27.6,12,2,7,0
2023-07-05 13:00:00,89.24,25.9,13,2,7,0
2023-07-05 14:00:00,87.1,26.6,14,2,7,0
2023-07-05 15:00:00,84.1,27.6,15,2,7,0
2023-07-05 16:00:00,87.62,27.9,16,2,7,0
2023-07-05 17:00:00,92.73,29.1,17,2,7,0
2023-07-05 18:00:00,95.12,28.9,18,2,7,0
2023-07-05 19:00:00,95.7,28.9,19,2,7,0
2023-07-05 20:00:00,99.61,31.8,20,2,7,0
2023-07-05 21:00:00,108.3,33.2,21,2,7,0
2023-07-05 22:00:00,93.54,33.7,22,2,7,0
2023-07-05 23:00:00,86.01,33.7,23,2,7,0
2023-07-06 00:00:00,58.84,35.3,0,3,7,0
2023-07-06 01:00:00,61.77,37.6,1,3,7,0
2023-07-06 02:00:00,61.46,35.1,2,3,7,0
2023-07-06 03:00:00,60.07,33.8,3,3,7,0
2023-07-06 04:00:00,61.57,34.0,4,3,7,0
2023-07-06 05:00:00,63.37,34.3,5,3,7,0
2023-07-06 06:00:00,65.04,31.7,6,3,7,0
2023-07-06 07:00:00,70.42,32.2,7,3,7,0
2023-07-06 08:00:00,77.24,31.3,8,3,7,0
2023-07-06 09:00:00,84.54,31.2,9,3,7,0
2023-07-06 10:00:00,81.88,30.0,10,3,7,0
2023-07-06 11:00:00,83.91,28.9,11,3,7,0
2023-07-06 12:00:00,87.12,25.8,12,3,7,0
2023-07-06 13:00:00,86.74,27.9,13,3,7,0
2023-07-06 14:00:00,88.1,27.6,14,3,7,0
2023-07-06 15:00:00,88.05,27.3,15,3,7,0
2023-07-06 16:00:00,86.84,26.2,16,3,7,0
2023-07-06 17:00:00,92.65,27.6,17,3,7,0
2023-07-06 18:00:00,94.24,28.1,18,3,7,0
2023-07-06 19:00:00,98.29,28.4,19,3,7,0
2023-07-06 20:00:00,103.03,31.0,20,3,7,0
2023-07-06 21:00:00,104.14,31.4,21,3,7,0
2023-07-06 22:00:00,95.73,35.1,22,3,7,0
2023-07-06 23:00:00,85.54,33.7,23,3,7,0
2023-07-07 00:00:00,59.58,35.5,0,4,7,0
2023-07-07 01:00:00,58.15,33.6,1,4,7,0
2023-07-07 02:00:00,57.02,34.6,2,4,7,0
2023-07-07 03:00:00,60.95,34.9,3,4,7,0
2023-07-07 04:00:00,59.84,33.7,4,4,7,0
2023-07-07 05:00:00,62.92,33.5,5,4,7,0
2023-07-07 06:00:00,67.42,32.8,6,4,7,0
2023-07-07 07:00:00,70.64,31.8,7,4,7,0
2023-07-07 08:00:00,79.18,32.5,8,4,7,0
2023-07-07 09:00:00,79.88,30.3,9,4,7,0
2023-07-07 10:00:00,80.94,29.4,10,4,7,0
2023-07-07 11:00:00,82.56,28.6,11,4,7,0
2023-07-07 12:00:00,85.6,28.0,12,4,7,0
2023-07-07 13:00:00,89.16,27.1,13,4,7,0
2023-07-07 14:00:00,87.0,26.7,14,4,7,0
2023-07-07 15:00:00,90.13,27.3,15,4,7,0
2023-07-07 16:00:00,88.04,28.5,16,4,7,0
2023-07-07 17:00:00,94.93,29.1,17,4,7,0
2023-07-07 18:00:00,95.89,28.8,18,4,7,0
2023-07-07 19:00:00,99.18,30.6,19,4,7,0
2023-07-07 20:00:00,102.2,30.8,20,4,7,0
2023-07-07 21:00:00,104.86,32.1,21,4,7,0
2023-07-07 22:00:00,91.89,32.6,22,4,7,0
2023-07-07 23:00:00,83.67,33.7,23,4,7,0
2023-07-08 00:00:00,55.74,35.5,0,5,7,1
2023-07-08 01:00:00,54.56,34.9,1,5,7,1
2023-07-08 02:00:00,55.88,35.1,2,5,7,1
2023-07-08 03:00:00,56.07,33.7,3,5,7,1
2023-07-08 04:00:00,55.92,34.2,4,5,7,1
2023-07-08 05:00:00,56.65,33.6,5,5,7,1
2023-07-08 06:00:00,61.39,32.3,6,5,7,1
2023-07-08 07:00:00,67.09,32.1,7,5,7,1
2023-07-08 08:00:00,65.85,30.7,8,5,7,1
2023-07-08 09:00:00,72.5,30.0,9,5,7,1
2023-07-08 10:00:00,72.45,29.1,10,5,7,1
2023-07-08 11:00:00,75.11,27.4,11,5,7,1
2023-07-08 12:00:00,74.81,27.2,12,5,7,1
2023-07-08 13:00:00,79.28,27.2,13,5,7,1
2023-07-08 14:00:00,79.45,27.9,14,5,7,1
2023-07-08 15:00:00,80.62,27.3,15,5,7,1
2023-07-08 16:00:00,80.73,27.0,16,5,7,1
2023-07-08 17:00:00,86.15,28.5,17,5,7,1
2023-07-08 18:00:00,87.48,30.4,18,5,7,1
2023-07-08 19:00:00,90.08,30.7,19,5,7,1
2023-07-08 20:00:00,91.33,31.4,20,5,7,1
2023-07-08 21:00:00,91.57,32.6,21,5,7,1
2023-07-08 22:00:00,87.95,34.2,22,5,7,1
2023-07-08 23:00:00,77.19,34.7,23,5,7,1
2023-07-09 00:00:00,51.98,34.9,0,6,7,1
2023-07-09 01:00:00,55.87,35.7,1,6,7,1
2023-07-09 02:00:00,54.17,34.1,2,6,7,1
2023-07-09 03:00:00,52.78,33.7,3,6,7,1
2023-07-09 04:00:00,55.49,34.6,4,6,7,1
2023-07-09 05:00:00,56.31,33.9,5,6,7,1
2023-07-09 06:00:00,61.04,32.6,6,6,7,1
2023-07-09 07:00:00,67.24,32.7,7,6,7,1
2023-07-09 08:00:00,68.75,29.5,8,6,7,1
2023-07-09 09:00:00,73.91,29.5,9,6,7,1
2023-07-09 10:00:00,73.8,28.6,10,6,7,1
2023-07-09 11:00:00,77.99,26.9,11,6,7,1
2023-07-09 12:00:00,77.37,28.7,12,6,7,1
2023-07-09 13:00:00,78.56,26.0,13,6,7,1
2023-07-09 14:00:00,80.09,26.5,14,6,7,1
2023-07-09 15:00:00,78.51,27.9,15,6,7,1
2023-07-09 16:00:00,79.07,28.1,16,6,7,1
2023-07-09 17:00:00,81.29,27.3,17,6,7,1
2023-07-09 18:00:00,86.31,29.5,18,6,7,1
2023-07-09 19:00:00,92.5,30.2,19,6,7,1
2023-07-09 20:00:00,94.26,32.9,20,6,7,1
2023-07-09 21:00:00,94.06,32.4,21,6,7,1
2023-07-09 22:00:00,86.47,32.9,22,6,7,1
2023-07-09 23:00:00,75.92,33.1,23,6,7,1
2023-07-10 00:00:00,56.61,33.9,0,0,7,0
2023-07-10 01:00:00,58.83,34.2,1,0,7,0
2023-07-10 02:00:00,61.02,36.1,2,0,7,0
2023-07-10 03:00:00,61.97,34.9,3,0,7,0
2023-07-10 04:00:00,61.99,34.9,4,0,7,0
2023-07-10 05:00:00,65.04,35.0,5,0,7,0
2023-07-10 06:00:00,64.68,31.1,6,0,7,0
2023-07-10 07:00:00,72.52,33.1,7,0,7,0
2023-07-10 08:00:00,76.8,31.0,8,0,7,0
2023-07-10 09:00:00,82.56,30.3,9,0,7,0
2023-07-10 10:00:00,80.21,28.3,10,0,7,0
2023-07-10 11:00:00,82.86,27.6,11,0,7,0
2023-07-10 12:00:00,84.91,27.9,12,0,7,0
2023-07-10 13:00:00,89.06,29.0,13,0,7,0
2023-07-10 14:00:00,83.81,27.8,14,0,7,0
2023-07-10 15:00:00,88.97,28.1,15,0,7,0
2023-07-10 16:00:00,87.33,27.4,16,0,7,0
2023-07-10 17:00:00,93.53,27.7,17,0,7,0
2023-07-10 18:00:00,94.79,28.4,18,0,7,0
2023-07-10 19:00:00,97.67,29.6,19,0,7,0
2023-07-10 20:00:00,100.85,29.4,20,0,7,0
2023-07-10 21:00:00,101.76,31.5,21,0,7,0
2023-07-10 22:00:00,96.11,32.6,22,0,7,0
2023-07-10 23:00:00,84.86,33.7,23,0,7,0
2023-07-11 00:00:00,58.4,34.6,0,1,7,0
2023-07-11 01:00:00,59.84,35.2,1,1,7,0
2023-07-11 02:00:00,62.02,35.0,2,1,7,0
2023-07-11 03:00:00,62.55,34.4,3,1,7,0
2023-07-11 04:00:00,59.25,32.9,4,1,7,0
2023-07-11 05:00:00,61.39,33.4,5,1,7,0
2023-07-11 06:00:00,67.34,32.2,6,1,7,0
2023-07-11 07:00:00,73.93,32.4,7,1,7,0
2023-07-11 08:00:00,77.38,31.7,8,1,7,0
2023-07-11 09:00:00,81.38,30.7,9,1,7,0
2023-07-11 10:00:00,82.9,29.6,10,1,7,0
2023-07-11 11:00:00,85.97,28.1,11,1,7,0
2023-07-11 12:00:00,84.81,27.1,12,1,7,0
2023-07-11 13:00:00,84.84,26.5,13,1,7,0
2023-07-11 14:00:00,88.14,25.8,14,1,7,0
2023-07-11 15:00:00,89.25,27.9,15,1,7,0
2023-07-11 16:00:00,87.8,27.4,16,1,7,0
2023-07-11 17:00:00,96.61,27.2,17,1,7,0
2023-07-11 18:00:00,97.56,28.3,18,1,7,0
2023-07-11 19:00:00,97.86,29.3,19,1,7,0
2023-07-11 20:00:00,101.7,31.0,20,1,7,0
2023-07-11 21:00:00,101.02,32.9,21,1,7,0
2023-07-11 22:00:00,95.48,32.7,22,1,7,0
2023-07-11 23:00:00,81.43,32.0,23,1,7,0
2023-07-12 00:00:00,57.47,34.3,0,2,7,0
2023-07-12 01:00:00,58.86,34.7,1,2,7,0
2023-07-12 02:00:00,61.05,34.8,2,2,7,0
2023-07-12 03:00:00,60.04,34.4,3,2,7,0
2023-07-12 04:00:00,61.48,34.6,4,2,7,0
2023-07-12 05:00:00,62.68,33.9,5,2,7,0
2023-07-12 06:00:00,66.82,33.0,6,2,7,0
2023-07-12 07:00:00,73.16,32.4,7,2,7,0
2023-07-12 08:00:00,75.77,30.7,8,2,7,0
2023-07-12 09:00:00,83.57,29.6,9,2,7,0
2023-07-12 10:00:00,84.44,30.1,10,2,7,0
2023-07-12 11:00:00,84.73,28.6,11,2,7,0
2023-07-12 12:00:00,83.79,28.2,12,2,7,0
2023-07-12 13:00:00,90.79,28.1,13,2,7,0
2023-07-12 14:00:00,87.24,27.4,14,2,7,0
2023-07-12 15:00:00,86.79,27.9,15,2,7,0
2023-07-12 16:00:00,89.12,26.3,16,2,7,0
2023-07-12 17:00:00,94.74,28.3,17,2,7,0
2023-07-12 18:00:00,94.54,28.9,18,2,7,0
2023-07-12 19:00:00,104.37,31.3,19,2,7,0
2023-07-12 20:00:00,104.27,31.7,20,2,7,0
2023-07-12 21:00:00,102.77,31.5,21,2,7,0
2023-07-12 22:00:00,98.18,33.3,22,2,7,0
2023-07-12 23:00:00,85.49,34.0,23,2,7,0
2023-07-13 00:00:00,58.44,34.8,0,3,7,0
2023-07-13 01:00:00,60.8,34.0,1,3,7,0
2023-07-13 02:00:00,61.85,35.3,2,3,7,0
2023-07-13 03:00:00,62.18,34.7,3,3,7,0
2023-07-13 04:00:00,62.22,34.7,4,3,7,0
2023-07-13 05:00:00,61.95,33.2,5,3,7,0
2023-07-13 06:00:00,66.47,32.5,6,3,7,0
2023-07-13 07:00:00,75.3,33.0,7,3,7,0
2023-07-13 08:00:00,73.76,30.2,8,3,7,0
2023-07-13 09:00:00,82.74,29.2,9,3,7,0
2023-07-13 10:00:00,80.72,29.0,10,3,7,0
2023-07-13 11:00:00,83.58,27.6,11,3,7,0
2023-07-13 12:00:00,84.28,26.8,12,3,7,0
2023-07-13 13:00:00,86.05,27.2,13,3,7,0
2023-07-13 14:00:00,89.09,25.8,14,3,7,0
2023-07-13 15:00:00,87.95,26.3,15,3,7,0
2023-07-13 16:00:00,87.11,29.2,16,3,7,0
2023-07-13 17:00:00,94.67,28.5,17,3,7,0
2023-07-13 18:00:00,94.76,28.4,18,3,7,0
2023-07-13 19:00:00,98.2,30.3,19,3,7,0
2023-07-13 20:00:00,99.45,31.5,20,3,7,0
2023-07-13 21:00:00,103.48,32.8,21,3,7,0
2023-07-13 22:00:00,94.53,32.9,22,3,7,0
2023-07-13 23:00:00,85.08,34.6,23,3,7,0
2023-07-14 00:00:00,57.79,32.8,0,4,7,0
2023-07-14 01:00:00,61.12,34.0,1,4,7,0
2023-07-14 02:00:00,60.49,35.1,2,4,7,0
2023-07-14 03:00:00,61.18,35.1,3,4,7,0
2023-07-14 04:00:00,62.6,33.7,4,4,7,0
2023-07-14 05:00:00,63.21,34.0,5,4,7,0
2023-07-14 06:00:00,68.28,32.5,6,4,7,0
2023-07-14 07:00:00,72.52,31.8,7,4,7,0
2023-07-14 08:00:00,77.64,31.8,8,4,7,0
2023-07-14 09:00:00,82.21,30.7,9,4,7,0
2023-07-14 10:00:00,82.72,28.2,10,4,7,0
2023-07-14 11:00:00,83.34,27.3,11,4,7,0
2023-07-14 12:00:00,86.67,27.2,12,4,7,0
2023-07-14 13:00:00,84.78,27.1,13,4,7,0
2023-07-14 14:00:00,89.95,26.5,14,4,7,0
2023-07-14 15:00:00,84.89,28.0,15,4,7,0
2023-07-14 16:00:00,88.2,27.8,16,4,7,0
2023-07-14 17:00:00,93.81,28.5,17,4,7,0
2023-07-14 18:00:00,93.29,28.0,18,4,7,0
2023-07-14 19:00:00,96.15,30.9,19,4,7,0
2023-07-14 20:00:00,97.19,28.7,20,4,7,0
2023-07-14 21:00:00,104.29,32.7,21,4,7,0
2023-07-14 22:00:00,93.67,33.7,22,4,7,0
2023-07-14 23:00:00,82.19,33.5,23,4,7,0
2023-07-15 00:00:00,55.44,35.5,0,5,7,1
2023-07-15 01:00:00,53.06,34.8,1,5,7,1
2023-07-15 02:00:00,56.15,35.0,2,5,7,1
2023-07-15 03:00:00,55.65,35.1,3,5,7,1
2023-07-15 04:00:00,58.63,37.0,4,5,7,1
2023-07-15 05:00:00,57.61,34.9,5,5,7,1
2023-07-15 06:00:00,62.72,33.6,6,5,7,1
2023-07-15 07:00:00,62.79,31.3,7,5,7,1
2023-07-15 08:00:00,70.02,31.1,8,5,7,1
2023-07-15 09:00:00,71.33,29.3,9,5,7,1
2023-07-15 10:00:00,73.5,29.7,10,5,7,1
2023-07-15 11:00:00,75.93,28.3,11,5,7,1
2023-07-15 12:00:00,79.7,26.6,12,5,7,1
2023-07-15 13:00:00,76.72,27.2,13,5,7,1
2023-07-15 14:00:00,80.35,26.3,14,5,7,1
2023-07-15 15:00:00,78.65,27.3,15,5,7,1
2023-07-15 16:00:00,78.39,26.8,16,5,7,1
2023-07-15 17:00:00,86.84,28.2,17,5,7,1
2023-07-15 18:00:00,85.62,29.6,18,5,7,1
2023-07-15 19:00:00,86.83,29.9,19,5,7,1
2023-07-15 20:00:00,92.19,30.7,20,5,7,1
2023-07-15 21:00:00,96.59,32.2,21,5,7,1
2023-07-15 22:00:00,86.9,33.6,22,5,7,1
2023-07-15 23:00:00,73.1,32.9,23,5,7,1
2023-07-16 00:00:00,52.59,34.7,0,6,7,1
2023-07-16 01:00:00,56.55,35.9,1,6,7,1
2023-07-16 02:00:00,57.65,35.5,2,6,7,1
2023-07-16 03:00:00,56.55,34.9,3,6,7,1
2023-07-16 04:00:00,56.8,35.0,4,6,7,1
2023-07-16 05:00:00,59.15,34.2,5,6,7,1
2023-07-16 06:00:00,61.91,33.6,6,6,7,1
2023-07-16 07:00:00,62.69,30.4,7,6,7,1
2023-07-16 08:00:00,66.98,29.8,8,6,7,1
2023-07-16 09:00:00,72.77,30.8,9,6,7,1
2023-07-16 10:00:00,78.19,27.8,10,6,7,1
2023-07-16 11:00:00,77.52,28.5,11,6,7,1
2023-07-16 12:00:00,75.23,27.3,12,6,7,1
2023-07-16 13:00:00,81.01,26.3,13,6,7,1
2023-07-16 14:00:00,80.04,27.3,14,6,7,1
2023-07-16 15:00:00,79.94,27.3,15,6,7,1
2023-07-16 16:00:00,78.23,29.2,16,6,7,1
2023-07-16 17:00:00,84.05,27.7,17,6,7,1
2023-07-16 18:00:00,87.77,30.2,18,6,7,1
2023-07-16 19:00:00,85.72,30.2,19,6,7,1
2023-07-16 20:00:00,90.2,30.5,20,6,7,1
2023-07-16 21:00:00,94.23,32.7,21,6,7,1
2023-07-16 22:00:00,87.7,33.5,22,6,7,1
2023-07-16 23:00:00,75.46,33.9,23,6,7,1
2023-07-17 00:00:00,59.11,34.7,0,0,7,0
2023-07-17 01:00:00,57.02,34.4,1,0,7,0
2023-07-17 02:00:00,61.16,34.3,2,0,7,0
2023-07-17 03:00:00,61.59,35.5,3,0,7,0
2023-07-17 04:00:00,62.28,34.3,4,0,7,0
2023-07-17 05:00:00,63.04,33.8,5,0,7,0
2023-07-17 06:00:00,68.04,33.2,6,0,7,0
2023-07-17 07:00:00,72.36,32.2,7,0,7,0
2023-07-17 08:00:00,73.91,29.9,8,0,7,0
2023-07-17 09:00:00,81.52,31.0,9,0,7,0
2023-07-17 10:00:00,83.71,29.1,10,0,7,0
2023-07-17 11:00:00,82.74,28.0,11,0,7,0
2023-07-17 12:00:00,84.58,27.9,12,0,7,0
2023-07-17 13:00:00,84.47,27.3,13,0,7,0
2023-07-17 14:00:00,89.37,27.6,14,0,7,0
2023-07-17 15:00:00,85.8,27.6,15,0,7,0
2023-07-17 16:00:00,89.46,28.1,16,0,7,0
2023-07-17 17:00:00,92.89,29.3,17,0,7,0
2023-07-17 18:00:00,98.66,29.7,18,0,7,0
2023-07-17 19:00:00,98.59,29.8,19,0,7,0
2023-07-17 20:00:00,99.51,30.1,20,0,7,0
2023-07-17 21:00:00,108.02,33.4,21,0,7,0
2023-07-17 22:00:00,93.48,32.8,22,0,7,0
2023-07-17 23:00:00,83.06,33.4,23,0,7,0
2023-07-18 00:00:00,57.28,33.1,0,1,7,0
2023-07-18 01:00:00,58.43,35.1,1,1,7,0
2023-07-18 02:00:00,58.43,35.1,2,1,7,0
2023-07-18 03:00:00,61.53,33.7,3,1,7,0
2023-07-18 04:00:00,61.87,34.8,4,1,7,0
2023-07-18 05:00:00,63.05,33.4,5,1,7,0
2023-07-18 06:00:00,70.25,35.2,6,1,7,0
2023-07-18 07:00:00,70.28,31.6,7,1,7,0
2023-07-18 08:00:00,77.44,30.7,8,1,7,0
2023-07-18 09:00:00,80.2,29.3,9,1,7,0
2023-07-18 10:00:00,81.61,30.0,10,1,7,0
2023-07-18 11:00:00,82.03,27.9,11,1,7,0
2023-07-18 12:00:00,82.01,27.0,12,1,7,0
2023-07-18 13:00:00,87.54,27.7,13,1,7,0
2023-07-18 14:00:00,86.43,25.9,14,1,7,0
2023-07-18 15:00:00,87.9,27.6,15,1,7,0
2023-07-18 16:00:00,87.66,29.0,16,1,7,0
2023-07-18 17:00:00,92.74,28.6,17,1,7,0
2023-07-18 18:00:00,93.88,29.5,18,1,7,0
2023-07-18 19:00:00,104.27,30.7,19,1,7,0
2023-07-18 20:00:00,103.21,32.4,20,1,7,0
2023-07-18 21:00:00,107.95,33.0,21,1,7,0
2023-07-18 22:00:00,96.25,33.4,22,1,7,0
2023-07-18 23:00:00,84.56,34.6,23,1,7,0
2023-07-19 00:00:00,57.42,33.8,0,2,7,0
2023-07-19 01:00:00,60.51,35.5,1,2,7,0
2023-07-19 02:00:00,61.72,34.2,2,2,7,0
2023-07-19 03:00:00,62.27,34.6,3,2,7,0
2023-07-19 04:00:00,58.54,32.0,4,2,7,0
2023-07-19 05:00:00,63.35,34.1,5,2,7,0
2023-07-19 06:00:00,67.89,32.5,6,2,7,0
2023-07-19 07:00:00,71.83,32.9,7,2,7,0
2023-07-19 08:00:00,78.0,31.3,8,2,7,0
2023-07-19 09:00:00,84.75,30.9,9,2,7,0
2023-07-19 10:00:00,80.75,28.1,10,2,7,0
2023-07-19 11:00:00,82.55,29.0,11,2,7,0
2023-07-19 12:00:00,86.82,29.2,12,2,7,0
2023-07-19 13:00:00,86.31,27.7,13,2,7,0
2023-07-19 14:00:00,86.35,27.6,14,2,7,0
2023-07-19 15:00:00,89.41,27.3,15,2,7,0
2023-07-19 16:00:00,88.91,27.1,16,2,7,0
2023-07-19 17:00:00,94.56,28.8,17,2,7,0
2023-07-19 18:00:00,98.02,27.8,18,2,7,0
2023-07-19 19:00:00,100.51,29.6,19,2,7,0
2023-07-19 20:00:00,99.79,29.6,20,2,7,0
2023-07-19 21:00:00,106.43,31.5,21,2,7,0
2023-07-19 22:00:00,97.06,33.5,22,2,7,0
2023-07-19 23:00:00,81.65,34.2,23,2,7,0
2023-07-20 00:00:00,57.1,34.5,0,3,7,0
2023-07-20 01:00:00,57.55,35.0,1,3,7,0
2023-07-20 02:00:00,58.71,33.5,2,3,7,0
2023-07-20 03:00:00,60.19,34.6,3,3,7,0
2023-07-20 04:00:00,60.81,33.9,4,3,7,0
2023-07-20 05:00:00,63.17,33.3,5,3,7,0
2023-07-20 06:00:00,66.1,33.5,6,3,7,0
2023-07-20 07:00:00,71.58,31.3,7,3,7,0
2023-07-20 08:00:00,76.52,30.5,8,3,7,0
2023-07-20 09:00:00,80.33,28.3,9,3,7,0
2023-07-20 10:00:00,82.26,28.8,10,3,7,0
2023-07-20 11:00:00,80.19,27.3,11,3,7,0
2023-07-20 12:00:00,83.46,27.6,12,3,7,0
2023-07-20 13:00:00,89.39,26.4,13,3,7,0
2023-07-20 14:00:00,86.0,27.1,14,3,7,0
2023-07-20 15:00:00,90.69,27.0,15,3,7,0
2023-07-20 16:00:00,85.65,28.9,16,3,7,0
2023-07-20 17:00:00,91.71,28.6,17,3,7,0
2023-07-20 18:00:00,94.3,27.5,18,3,7,0
2023-07-20 19:00:00,99.67,29.0,19,3,7,0
2023-07-20 20:00:00,100.61,31.0,20,3,7,0
2023-07-20 21:00:00,103.16,31.3,21,3,7,0
2023-07-20 22:00:00,91.08,30.6,22,3,7,0
2023-07-20 23:00:00,85.31,34.9,23,3,7,0
2023-07-21 00:00:00,59.91,35.0,0,4,7,0
2023-07-21 01:00:00,60.88,35.3,1,4,7,0
2023-07-21 02:00:00,59.09,34.5,2,4,7,0
2023-07-21 03:00:00,61.87,35.2,3,4,7,0
2023-07-21 04:00:00,63.47,33.9,4,4,7,0
2023-07-21 05:00:00,63.19,34.0,5,4,7,0
2023-07-21 06:00:00,64.95,32.3,6,4,7,0
2023-07-21 07:00:00,71.85,33.2,7,4,7,0
2023-07-21 08:00:00,76.63,29.7,8,4,7,0
2023-07-21 09:00:00,83.91,31.0,9,4,7,0
2023-07-21 10:00:00,80.65,29.0,10,4,7,0
2023-07-21 11:00:00,84.84,27.8,11,4,7,0
2023-07-21 12:00:00,87.27,27.7,12,4,7,0
2023-07-21 13:00:00,89.25,27.7,13,4,7,0
2023-07-21 14:00:00,90.59,28.1,14,4,7,0
2023-07-21 15:00:00,88.87,27.4,15,4,7,0
2023-07-21 16:00:00,87.67,26.8,16,4,7,0
2023-07-21 17:00:00,93.69,28.2,17,4,7,0
2023-07-21 18:00:00,97.78,30.5,18,4,7,0
2023-07-21 19:00:00,98.42,31.0,19,4,7,0
2023-07-21 20:00:00,101.8,31.7,20,4,7,0
2023-07-21 21:00:00,106.57,32.7,21,4,7,0
2023-07-21 22:00:00,91.88,33.6,22,4,7,0
2023-07-21 23:00:00,83.02,34.8,23,4,7,0
2023-07-22 00:00:00,53.26,34.1,0,5,7,1
2023-07-22 01:00:00,52.72,33.8,1,5,7,1
2023-07-22 02:00:00,53.67,35.1,2,5,7,1
2023-07-22 03:00:00,55.41,34.2,3,5,7,1
2023-07-22 04:00:00,55.51,33.6,4,5,7,1
2023-07-22 05:00:00,55.87,33.3,5,5,7,1
2023-07-22 06:00:00,64.48,35.0,6,5,7,1
2023-07-22 07:00:00,63.8,32.1,7,5,7,1
2023-07-22 08:00:00,69.88,31.3,8,5,7,1
2023-07-22 09:00:00,72.09,29.0,9,5,7,1
2023-07-22 10:00:00,73.91,27.5,10,5,7,1
2023-07-22 11:00:00,72.6,27.5,11,5,7,1
2023-07-22 12:00:00,75.44,28.7,12,5,7,1
2023-07-22 13:00:00,78.23,27.4,13,5,7,1
2023-07-22 14:00:00,80.05,27.5,14,5,7,1
2023-07-22 15:00:00,82.19,27.7,15,5,7,1
2023-07-22 16:00:00,80.49,27.1,16,5,7,1
2023-07-22 17:00:00,86.13,29.3,17,5,7,1
2023-07-22 18:00:00,88.68,28.5,18,5,7,1
2023-07-22 19:00:00,89.82,31.1,19,5,7,1
2023-07-22 20:00:00,95.06,31.4,20,5,7,1
2023-07-22 21:00:00,93.79,30.6,21,5,7,1
2023-07-22 22:00:00,83.47,32.4,22,5,7,1
2023-07-22 23:00:00,77.37,32.4,23,5,7,1
2023-07-23 00:00:00,54.45,35.4,0,6,7,1
2023-07-23 01:00:00,56.42,34.8,1,6,7,1
2023-07-23 02:00:00,53.61,33.2,2,6,7,1
2023-07-23 03:00:00,56.1,35.2,3,6,7,1
2023-07-23 04:00:00,55.4,34.0,4,6,7,1
2023-07-23 05:00:00,55.11,32.6,5,6,7,1
2023-07-23 06:00:00,62.17,34.3,6,6,7,1
2023-07-23 07:00:00,67.13,32.1,7,6,7,1
2023-07-23 08:00:00,69.22,30.8,8,6,7,1
2023-07-23 09:00:00,70.71,29.6,9,6,7,1
2023-07-23 10:00:00,74.18,27.8,10,6,7,1
2023-07-23 11:00:00,75.5,27.1,11,6,7,1
2023-07-23 12:00:00,75.53,28.6,12,6,7,1
2023-07-23 13:00:00,78.63,26.8,13,6,7,1
2023-07-23 14:00:00,79.09,27.0,14,6,7,1
2023-07-23 15:00:00,80.2,25.5,15,6,7,1
2023-07-23 16:00:00,80.11,26.5,16,6,7,1
2023-07-23 17:00:00,85.6,28.7,17,6,7,1
2023-07-23 18:00:00,84.44,29.3,18,6,7,1
2023-07-23 19:00:00,94.59,31.4,19,6,7,1
2023-07-23 20:00:00,90.14,32.1,20,6,7,1
2023-07-23 21:00:00,93.03,31.9,21,6,7,1
2023-07-23 22:00:00,83.59,33.4,22,6,7,1
2023-07-23 23:00:00,76.58,33.6,23,6,7,1
2023-07-24 00:00:00,60.14,36.1,0,0,7,0
2023-07-24 01:00:00,60.56,35.8,1,0,7,0
2023-07-24 02:00:00,62.47,35.1,2,0,7,0
2023-07-24 03:00:00,63.04,35.0,3,0,7,0
2023-07-24 04:00:00,63.36,35.6,4,0,7,0
2023-07-24 05:00:00,64.07,34.3,5,0,7,0
2023-07-24 06:00:00,70.82,34.2,6,0,7,0
2023-07-24 07:00:00,71.62,30.3,7,0,7,0
2023-07-24 08:00:00,77.24,31.4,8,0,7,0
2023-07-24 09:00:00,78.79,29.6,9,0,7,0
2023-07-24 10:00:00,84.24,30.4,10,0,7,0
2023-07-24 11:00:00,85.19,29.4,11,0,7,0
2023-07-24 12:00:00,83.53,27.6,12,0,7,0
2023-07-24 13:00:00,86.93,28.4,13,0,7,0
2023-07-24 14:00:00,87.83,28.4,14,0,7,0
2023-07-24 15:00:00,90.24,27.2,15,0,7,0
2023-07-24 16:00:00,91.6,29.5,16,0,7,0
2023-07-24 17:00:00,96.47,28.1,17,0,7,0
2023-07-24 18:00:00,95.85,28.8,18,0,7,0
2023-07-24 19:00:00,101.74,30.7,19,0,7,0
2023-07-24 20:00:00,102.47,30.7,20,0,7,0
2023-07-24 21:00:00,103.34,32.1,21,0,7,0
2023-07-24 22:00:00,98.63,34.1,22,0,7,0
2023-07-24 23:00:00,82.99,33.8,23,0,7,0
2023-07-25 00:00:00,56.99,33.1,0,1,7,0
2023-07-25 01:00:00,60.83,35.2,1,1,7,0
2023-07-25 02:00:00,59.83,34.4,2,1,7,0
2023-07-25 03:00:00,63.2,35.6,3,1,7,0
2023-07-25 04:00:00,63.96,35.0,4,1,7,0
2023-07-25 05:00:00,64.31,35.0,5,1,7,0
2023-07-25 06:00:00,68.95,33.7,6,1,7,0
2023-07-25 07:00:00,73.47,32.9,7,1,7,0
2023-07-25 08:00:00,77.46,30.5,8,1,7,0
2023-07-25 09:00:00,82.03,30.6,9,1,7,0
2023-07-25 10:00:00,83.5,30.6,10,1,7,0
2023-07-25 11:00:00,83.7,27.6,11,1,7,0
2023-07-25 12:00:00,86.61,29.0,12,1,7,0
2023-07-25 13:00:00,84.06,26.7,13,1,7,0
2023-07-25 14:00:00,86.47,26.3,14,1,7,0
2023-07-25 15:00:00,91.69,27.4,15,1,7,0
2023-07-25 16:00:00,88.41,28.1,16,1,7,0
2023-07-25 17:00:00,93.68,28.9,17,1,7,0
2023-07-25 18:00:00,97.43,28.2,18,1,7,0
2023-07-25 19:00:00,97.75,30.3,19,1,7,0
2023-07-25 20:00:00,97.13,30.5,20,1,7,0
2023-07-25 21:00:00,102.58,30.8,21,1,7,0
2023-07-25 22:00:00,91.78,32.3,22,1,7,0
2023-07-25 23:00:00,83.5,33.2,23,1,7,0
2023-07-26 00:00:00,58.89,34.9,0,2,7,0
2023-07-26 01:00:00,60.86,35.8,1,2,7,0
2023-07-26 02:00:00,57.69,33.8,2,2,7,0
2023-07-26 03:00:00,62.05,35.1,3,2,7,0
2023-07-26 04:00:00,61.64,33.5,4,2,7,0
2023-07-26 05:00:00,61.73,34.3,5,2,7,0
2023-07-26 06:00:00,65.18,32.5,6,2,7,0
2023-07-26 07:00:00,69.92,31.2,7,2,7,0
2023-07-26 08:00:00,78.71,31.6,8,2,7,0
2023-07-26 09:00:00,78.06,29.5,9,2,7,0
2023-07-26 10:00:00,83.33,28.7,10,2,7,0
2023-07-26 11:00:00,84.28,26.4,11,2,7,0
2023-07-26 12:00:00,84.34,28.3,12,2,7,0
2023-07-26 13:00:00,84.49,27.8,13,2,7,0
2023-07-26 14:00:00,86.66,27.0,14,2,7,0
2023-07-26 15:00:00,89.24,25.9,15,2,7,0
2023-07-26 16:00:00,90.02,28.5,16,2,7,0
2023-07-26 17:00:00,92.58,27.6,17,2,7,0
2023-07-26 18:00:00,98.05,28.6,18,2,7,0
2023-07-26 19:00:00,102.22,31.8,19,2,7,0
2023-07-26 20:00:00,100.89,30.4,20,2,7,0
2023-07-26 21:00:00,102.71,32.6,21,2,7,0
2023-07-26 22:00:00,93.35,33.4,22,2,7,0
2023-07-26 23:00:00,87.09,34.1,23,2,7,0
2023-07-27 00:00:00,58.5,34.7,0,3,7,0
2023-07-27 01:00:00,61.31,35.2,1,3,7,0
2023-07-27 02:00:00,61.32,35.2,2,3,7,0
2023-07-27 03:00:00,61.21,34.8,3,3,7,0
2023-07-27 04:00:00,64.43,35.7,4,3,7,0
2023-07-27 05:00:00,63.7,32.8,5,3,7,0
2023-07-27 06:00:00,67.76,33.8,6,3,7,0
2023-07-27 07:00:00,74.26,32.7,7,3,7,0
2023-07-27 08:00:00,77.94,31.6,8,3,7,0
2023-07-27 09:00:00,80.56,30.9,9,3,7,0
2023-07-27 10:00:00,79.81,28.9,10,3,7,0
2023-07-27 11:00:00,82.97,26.7,11,3,7,0
2023-07-27 12:00:00,85.29,27.5,12,3,7,0
2023-07-27 13:00:00,88.31,26.3,13,3,7,0
2023-07-27 14:00:00,85.39,26.4,14,3,7,0
2023-07-27 15:00:00,89.03,26.1,15,3,7,0
2023-07-27 16:00:00,87.77,27.2,16,3,7,0
2023-07-27 17:00:00,94.4,27.7,17,3,7,0
2023-07-27 18:00:00,97.06,27.1,18,3,7,0
2023-07-27 19:00:00,102.59,30.5,19,3,7,0
2023-07-27 20:00:00,104.35,32.8,20,3,7,0
2023-07-27 21:00:00,101.44,32.5,21,3,7,0
2023-07-27 22:00:00,93.28,32.8,22,3,7,0
2023-07-27 23:00:00,85.31,33.8,23,3,7,0
2023-07-28 00:00:00,58.46,34.1,0,4,7,0
2023-07-28 01:00:00,60.29,34.9,1,4,7,0
2023-07-28 02:00:00,60.32,35.0,2,4,7,0
2023-07-28 03:00:00,59.55,34.2,3,4,7,0
2023-07-28 04:00:00,64.55,35.8,4,4,7,0
2023-07-28 05:00:00,59.89,32.6,5,4,7,0
2023-07-28 06:00:00,69.08,33.6,6,4,7,0
2023-07-28 07:00:00,73.14,32.0,7,4,7,0
2023-07-28 08:00:00,78.1,32.5,8,4,7,0
2023-07-28 09:00:00,81.72,30.2,9,4,7,0
2023-07-28 10:00:00,82.37,28.7,10,4,7,0
2023-07-28 11:00:00,82.71,28.0,11,4,7,0
2023-07-28 12:00:00,82.56,27.6,12,4,7,0
2023-07-28 13:00:00,86.83,26.2,13,4,7,0
2023-07-28 14:00:00,88.07,26.4,14,4,7,0
2023-07-28 15:00:00,90.19,25.7,15,4,7,0
2023-07-28 16:00:00,86.68,26.8,16,4,7,0
2023-07-28 17:00:00,96.28,28.2,17,4,7,0
2023-07-28 18:00:00,94.19,29.2,18,4,7,0
2023-07-28 19:00:00,95.17,28.4,19,4,7,0
2023-07-28 20:00:00,100.95,30.9,20,4,7,0
2023-07-28 21:00:00,102.21,32.5,21,4,7,0
2023-07-28 22:00:00,91.46,32.9,22,4,7,0
2023-07-28 23:00:00,86.31,33.3,23,4,7,0
2023-07-29 00:00:00,52.03,34.1,0,5,7,1
2023-07-29 01:00:00,56.05,34.4,1,5,7,1
2023-07-29 02:00:00,53.88,34.5,2,5,7,1
2023-07-29 03:00:00,54.69,35.0,3,5,7,1
2023-07-29 04:00:00,60.31,36.3,4,5,7,1
2023-07-29 05:00:00,55.44,33.2,5,5,7,1
2023-07-29 06:00:00,61.08,32.7,6,5,7,1
2023-07-29 07:00:00,63.65,32.0,7,5,7,1
2023-07-29 08:00:00,68.84,30.5,8,5,7,1
2023-07-29 09:00:00,72.51,30.8,9,5,7,1
2023-07-29 10:00:00,73.74,27.1,10,5,7,1
2023-07-29 11:00:00,74.56,27.7,11,5,7,1
2023-07-29 12:00:00,76.63,28.2,12,5,7,1
2023-07-29 13:00:00,79.21,26.9,13,5,7,1
2023-07-29 14:00:00,79.56,26.3,14,5,7,1
2023-07-29 15:00:00,79.9,27.5,15,5,7,1
2023-07-29 16:00:00,78.99,28.3,16,5,7,1
2023-07-29 17:00:00,84.19,28.3,17,5,7,1
2023-07-29 18:00:00,87.25,28.4,18,5,7,1
2023-07-29 19:00:00,89.21,30.3,19,5,7,1
2023-07-29 20:00:00,91.21,30.7,20,5,7,1
2023-07-29 21:00:00,94.84,32.6,21,5,7,1
2023-07-29 22:00:00,84.66,34.2,22,5,7,1
2023-07-29 23:00:00,75.8,31.7,23,5,7,1
2023-07-30 00:00:00,52.82,34.6,0,6,7,1
2023-07-30 01:00:00,52.83,33.5,1,6,7,1
2023-07-30 02:00:00,57.83,37.0,2,6,7,1
2023-07-30 03:00:00,56.5,34.5,3,6,7,1
2023-07-30 04:00:00,57.88,35.1,4,6,7,1
2023-07-30 05:00:00,56.87,33.8,5,6,7,1
2023-07-30 06:00:00,62.25,32.4,6,6,7,1
2023-07-30 07:00:00,60.45,31.3,7,6,7,1
2023-07-30 08:00:00,72.78,32.3,8,6,7,1
2023-07-30 09:00:00,75.83,30.7,9,6,7,1
2023-07-30 10:00:00,72.97,30.6,10,6,7,1
2023-07-30 11:00:00,76.75,28.2,11,6,7,1
2023-07-30 12:00:00,77.94,27.8,12,6,7,1
2023-07-30 13:00:00,79.11,26.9,13,6,7,1
2023-07-30 14:00:00,76.61,26.8,14,6,7,1
2023-07-30 15:00:00,80.28,26.3,15,6,7,1
2023-07-30 16:00:00,80.82,27.6,16,6,7,1
2023-07-30 17:00:00,83.95,27.5,17,6,7,1
2023-07-30 18:00:00,87.68,29.4,18,6,7,1
2023-07-30 19:00:00,88.53,30.1,19,6,7,1
2023-07-30 20:00:00,93.58,31.2,20,6,7,1
2023-07-30 21:00:00,94.48,33.4,21,6,7,1
2023-07-30 22:00:00,83.97,33.0,22,6,7,1
2023-07-30 23:00:00,76.9,34.4,23,6,7,1
2023-07-31 00:00:00,58.72,36.1,0,0,7,0
2023-07-31 01:00:00,60.71,35.9,1,0,7,0
2023-07-31 02:00:00,62.28,35.9,2,0,7,0
2023-07-31 03:00:00,62.32,34.6,3,0,7,0
2023-07-31 04:00:00,62.76,34.6,4,0,7,0
2023-07-31 05:00:00,59.89,32.8,5,0,7,0
2023-07-31 06:00:00,69.62,33.4,6,0,7,0
2023-07-31 07:00:00,74.45,32.3,7,0,7,0
2023-07-31 08:00:00,77.11,31.0,8,0,7,0
2023-07-31 09:00:00,81.48,30.8,9,0,7,0
2023-07-31 10:00:00,81.25,28.0,10,0,7,0
2023-07-31 11:00:00,83.95,29.5,11,0,7,0
2023-07-31 12:00:00,85.18,28.3,12,0,7,0
2023-07-31 13:00:00,86.4,27.1,13,0,7,0
2023-07-31 14:00:00,86.55,26.9,14,0,7,0
2023-07-31 15:00:00,89.64,27.5,15,0,7,0
2023-07-31 16:00:00,88.38,28.8,16,0,7,0
2023-07-31 17:00:00,92.55,28.3,17,0,7,0
2023-07-31 18:00:00,96.65,29.1,18,0,7,0
2023-07-31 19:00:00,99.11,30.0,19,0,7,0
2023-07-31 20:00:00,101.98,32.4,20,0,7,0
2023-07-31 21:00:00,105.22,31.7,21,0,7,0
2023-07-31 22:00:00,94.06,33.0,22,0,7,0
2023-07-31 23:00:00,85.19,35.0,23,0,7,0
2023-08-01 00:00:00,57.35,34.3,0,1,8,0
2023-08-01 01:00:00,60.36,35.5,1,1,8,0
2023-08-01 02:00:00,59.12,34.0,2,1,8,0
2023-08-01 03:00:00,60.66,34.4,3,1,8,0
2023-08-01 04:00:00,64.11,35.4,4,1,8,0
2023-08-01 05:00:00,59.68,33.0,5,1,8,0
2023-08-01 06:00:00,65.09,32.6,6,1,8,0
2023-08-01 07:00:00,72.68,32.0,7,1,8,0
2023-08-01 08:00:00,78.38,29.9,8,1,8,0
2023-08-01 09:00:00,81.58,29.4,9,1,8,0
2023-08-01 10:00:00,84.24,28.8,10,1,8,0
2023-08-01 11:00:00,82.3,27.9,11,1,8,0
2023-08-01 12:00:00,83.04,28.3,12,1,8,0
2023-08-01 13:00:00,86.91,28.1,13,1,8,0
2023-08-01 14:00:00,88.8,26.0,14,1,8,0
2023-08-01 15:00:00,85.09,27.0,15,1,8,0
2023-08-01 16:00:00,86.89,27.8,16,1,8,0
2023-08-01 17:00:00,93.69,29.1,17,1,8,0
2023-08-01 18:00:00,94.36,29.3,18,1,8,0
2023-08-01 19:00:00,96.87,29.9,19,1,8,0
2023-08-01 20:00:00,102.73,31.3,20,1,8,0
2023-08-01 21:00:00,103.77,32.3,21,1,8,0
2023-08-01 22:00:00,93.23,32.0,22,1,8,0
2023-08-01 23:00:00,83.79,33.7,23,1,8,0
2023-08-02 00:00:00,57.91,35.4,0,2,8,0
2023-08-02 01:00:00,59.02,34.4,1,2,8,0
2023-08-02 02:00:00,59.2,34.8,2,2,8,0
2023-08-02 03:00:00,60.42,34.4,3,2,8,0
2023-08-02 04:00:00,58.2,32.3,4,2,8,0
2023-08-02 05:00:00,61.26,33.6,5,2,8,0
2023-08-02 06:00:00,67.14,33.0,6,2,8,0
2023-08-02 07:00:00,70.38,31.4,7,2,8,0
2023-08-02 08:00:00,73.67,29.8,8,2,8,0
2023-08-02 09:00:00,81.5,29.0,9,2,8,0
2023-08-02 10:00:00,81.56,29.3,10,2,8,0
2023-08-02 11:00:00,82.76,29.5,11,2,8,0
2023-08-02 12:00:00,82.34,28.4,12,2,8,0
2023-08-02 13:00:00,83.14,25.8,13,2,8,0
2023-08-02 14:00:00,86.87,27.4,14,2,8,0
2023-08-02 15:00:00,84.98,26.3,15,2,8,0
2023-08-02 16:00:00,88.4,26.8,16,2,8,0
2023-08-02 17:00:00,93.67,27.5,17,2,8,0
2023-08-02 18:00:00,98.37,29.3,18,2,8,0
2023-08-02 19:00:00,99.02,30.5,19,2,8,0
2023-08-02 20:00:00,99.1,30.7,20,2,8,0
2023-08-02 21:00:00,98.68,31.7,21,2,8,0
2023-08-02 22:00:00,94.56,33.1,22,2,8,0
2023-08-02 23:00:00,81.77,34.0,23,2,8,0
2023-08-03 00:00:00,57.99,35.1,0,3,8,0
2023-08-03 01:00:00,59.29,33.6,1,3,8,0
2023-08-03 02:00:00,60.64,34.7,2,3,8,0
2023-08-03 03:00:00,60.29,33.7,3,3,8,0
2023-08-03 04:00:00,62.54,34.2,4,3,8,0
2023-08-03 05:00:00,62.63,33.4,5,3,8,0
2023-08-03 06:00:00,68.53,32.7,6,3,8,0
2023-08-03 07:00:00,69.84,31.1,7,3,8,0
2023-08-03 08:00:00,74.02,29.5,8,3,8,0
2023-08-03 09:00:00,78.41,28.0,9,3,8,0
2023-08-03 10:00:00,81.34,28.6,10,3,8,0
2023-08-03 11:00:00,82.78,27.6,11,3,8,0
2023-08-03 12:00:00,81.27,26.7,12,3,8,0
2023-08-03 13:00:00,85.11,27.9,13,3,8,0
2023-08-03 14:00:00,89.6,26.0,14,3,8,0
2023-08-03 15:00:00,87.64,28.0,15,3,8,0
2023-08-03 16:00:00,88.41,28.6,16,3,8,0
2023-08-03 17:00:00,93.41,26.3,17,3,8,0
2023-08-03 18:00:00,91.84,28.8,18,3,8,0
2023-08-03 19:00:00,97.06,29.4,19,3,8,0
2023-08-03 20:00:00,100.33,28.4,20,3,8,0
2023-08-03 21:00:00,98.65,30.6,21,3,8,0
2023-08-03 22:00:00,94.82,33.4,22,3,8,0
2023-08-03 23:00:00,82.62,35.2,23,3,8,0
2023-08-04 00:00:00,58.16,34.9,0,4,8,0
2023-08-04 01:00:00,59.74,34.9,1,4,8,0
2023-08-04 02:00:00,59.72,34.7,2,4,8,0
2023-08-04 03:00:00,65.06,35.9,3,4,8,0
2023-08-04 04:00:00,63.09,35.9,4,4,8,0
2023-08-04 05:00:00,60.69,33.1,5,4,8,0
2023-08-04 06:00:00,65.0,31.1,6,4,8,0
2023-08-04 07:00:00,68.44,30.1,7,4,8,0
2023-08-04 08:00:00,75.3,31.8,8,4,8,0
2023-08-04 09:00:00,78.98,29.7,9,4,8,0
2023-08-04 10:00:00,82.55,28.9,10,4,8,0
2023-08-04 11:00:00,82.51,26.5,11,4,8,0
2023-08-04 12:00:00,86.73,26.7,12,4,8,0
2023-08-04 13:00:00,85.46,26.6,13,4,8,0
2023-08-04 14:00:00,88.4,26.9,14,4,8,0
2023-08-04 15:00:00,88.07,26.5,15,4,8,0
2023-08-04 16:00:00,86.49,26.4,16,4,8,0
2023-08-04 17:00:00,92.07,27.3,17,4,8,0
2023-08-04 18:00:00,92.96,29.7,18,4,8,0
2023-08-04 19:00:00,98.9,29.9,19,4,8,0
2023-08-04 20:00:00,103.26,31.2,20,4,8,0
2023-08-04 21:00:00,98.38,31.0,21,4,8,0
2023-08-04 22:00:00,89.37,30.4,22,4,8,0
2023-08-04 23:00:00,81.61,33.1,23,4,8,0
2023-08-05 00:00:00,51.89,33.5,0,5,8,1
2023-08-05 01:00:00,53.67,34.9,1,5,8,1
2023-08-05 02:00:00,59.28,37.4,2,5,8,1
2023-08-05 03:00:00,55.88,35.2,3,5,8,1
2023-08-05 04:00:00,57.38,36.4,4,5,8,1
2023-08-05 05:00:00,56.25,34.0,5,5,8,1
2023-08-05 06:00:00,59.43,32.2,6,5,8,1
2023-08-05 07:00:00,65.55,32.0,7,5,8,1
2023-08-05 08:00:00,69.87,32.2,8,5,8,1
2023-08-05 09:00:00,75.11,31.2,9,5,8,1
2023-08-05 10:00:00,72.04,28.3,10,5,8,1
2023-08-05 11:00:00,74.22,28.1,11,5,8,1
2023-08-05 12:00:00,74.4,26.1,12,5,8,1
2023-08-05 13:00:00,76.18,27.5,13,5,8,1
2023-08-05 14:00:00,80.6,28.0,14,5,8,1
2023-08-05 15:00:00,77.34,26.9,15,5,8,1
2023-08-05 16:00:00,77.94,26.7,16,5,8,1
2023-08-05 17:00:00,86.1,28.2,17,5,8,1
2023-08-05 18:00:00,87.16,29.1,18,5,8,1
2023-08-05 19:00:00,91.08,29.8,19,5,8,1
2023-08-05 20:00:00,91.74,30.9,20,5,8,1
2023-08-05 21:00:00,91.05,31.6,21,5,8,1
2023-08-05 22:00:00,88.29,33.5,22,5,8,1
2023-08-05 23:00:00,76.87,34.1,23,5,8,1
2023-08-06 00:00:00,51.09,33.4,0,6,8,1
2023-08-06 01:00:00,52.73,33.8,1,6,8,1
2023-08-06 02:00:00,54.65,34.5,2,6,8,1
2023-08-06 03:00:00,56.03,35.2,3,6,8,1
2023-08-06 04:00:00,54.72,34.3,4,6,8,1
2023-08-06 05:00:00,57.27,33.0,5,6,8,1
2023-08-06 06:00:00,60.67,32.9,6,6,8,1
2023-08-06 07:00:00,64.51,31.5,7,6,8,1
2023-08-06 08:00:00,72.31,31.4,8,6,8,1
2023-08-06 09:00:00,71.99,30.0,9,6,8,1
2023-08-06 10:00:00,74.25,28.5,10,6,8,1
2023-08-06 11:00:00,73.45,28.1,11,6,8,1
2023-08-06 12:00:00,76.15,28.3,12,6,8,1
2023-08-06 13:00:00,77.88,26.4,13,6,8,1
2023-08-06 14:00:00,79.81,27.1,14,6,8,1
2023-08-06 15:00:00,80.49,26.8,15,6,8,1
2023-08-06 16:00:00,77.56,27.6,16,6,8,1
2023-08-06 17:00:00,86.75,27.4,17,6,8,1
2023-08-06 18:00:00,88.36,28.8,18,6,8,1
2023-08-06 19:00:00,88.6,30.6,19,6,8,1
2023-08-06 20:00:00,89.75,30.0,20,6,8,1
2023-08-06 21:00:00,90.17,30.7,21,6,8,1
2023-08-06 22:00:00,82.2,31.7,22,6,8,1
2023-08-06 23:00:00,72.46,32.6,23,6,8,1
2023-08-07 00:00:00,58.65,34.7,0,0,8,0
2023-08-07 01:00:00,55.52,33.5,1,0,8,0
2023-08-07 02:00:00,59.1,34.5,2,0,8,0
2023-08-07 03:00:00,61.53,35.1,3,0,8,0
2023-08-07 04:00:00,63.27,34.5,4,0,8,0
2023-08-07 05:00:00,60.97,33.3,5,0,8,0
2023-08-07 06:00:00,67.42,32.9,6,0,8,0
2023-08-07 07:00:00,71.46,31.9,7,0,8,0
2023-08-07 08:00:00,77.17,30.6,8,0,8,0
2023-08-07 09:00:00,80.95,29.5,9,0,8,0
2023-08-07 10:00:00,84.46,30.5,10,0,8,0
2023-08-07 11:00:00,82.12,28.6,11,0,8,0
2023-08-07 12:00:00,82.8,29.3,12,0,8,0
2023-08-07 13:00:00,86.77,26.5,13,0,8,0
2023-08-07 14:00:00,86.44,26.7,14,0,8,0
2023-08-07 15:00:00,87.29,25.8,15,0,8,0
2023-08-07 16:00:00,87.76,26.6,16,0,8,0
2023-08-07 17:00:00,96.29,29.4,17,0,8,0
2023-08-07 18:00:00,96.62,28.3,18,0,8,0
2023-08-07 19:00:00,98.21,31.2,19,0,8,0
2023-08-07 20:00:00,97.13,29.7,20,0,8,0
2023-08-07 21:00:00,104.4,30.9,21,0,8,0
2023-08-07 22:00:00,89.87,32.5,22,0,8,0
2023-08-07 23:00:00,82.4,33.5,23,0,8,0
2023-08-08 00:00:00,58.77,34.9,0,1,8,0
2023-08-08 01:00:00,60.94,35.0,1,1,8,0
2023-08-08 02:00:00,59.48,34.4,2,1,8,0
2023-08-08 03:00:00,60.89,34.5,3,1,8,0
2023-08-08 04:00:00,60.29,33.9,4,1,8,0
2023-08-08 05:00:00,61.08,32.8,5,1,8,0
2023-08-08 06:00:00,64.49,32.0,6,1,8,0
2023-08-08 07:00:00,71.45,32.6,7,1,8,0
2023-08-08 08:00:00,75.36,29.3,8,1,8,0
2023-08-08 09:00:00,81.54,31.0,9,1,8,0
2023-08-08 10:00:00,82.79,28.5,10,1,8,0
2023-08-08 11:00:00,82.74,27.3,11,1,8,0
2023-08-08 12:00:00,81.88,27.9,12,1,8,0
2023-08-08 13:00:00,88.07,28.1,13,1,8,0
2023-08-08 14:00:00,85.08,27.6,14,1,8,0
2023-08-08 15:00:00,86.25,27.3,15,1,8,0
2023-08-08 16:00:00,86.91,28.1,16,1,8,0
2023-08-08 17:00:00,95.39,26.5,17,1,8,0
2023-08-08 18:00:00,94.27,28.3,18,1,8,0
2023-08-08 19:00:00,95.13,29.0,19,1,8,0
2023-08-08 20:00:00,101.95,31.7,20,1,8,0
2023-08-08 21:00:00,101.54,31.5,21,1,8,0
2023-08-08 22:00:00,92.81,33.4,22,1,8,0
2023-08-08 23:00:00,83.98,34.0,23,1,8,0
2023-08-09 00:00:00,55.31,33.5,0,2,8,0
2023-08-09 01:00:00,56.56,34.1,1,2,8,0
2023-08-09 02:00:00,63.49,35.8,2,2,8,0
2023-08-09 03:00:00,60.36,34.0,3,2,8,0
2023-08-09 04:00:00,61.86,34.3,4,2,8,0
2023-08-09 05:00:00,60.24,32.9,5,2,8,0
2023-08-09 06:00:00,67.49,32.5,6,2,8,0
2023-08-09 07:00:00,70.64,31.7,7,2,8,0
2023-08-09 08:00:00,71.39,30.1,8,2,8,0
2023-08-09 09:00:00,78.94,28.9,9,2,8,0
2023-08-09 10:00:00,80.96,29.0,10,2,8,0
2023-08-09 11:00:00,82.72,27.2,11,2,8,0
2023-08-09 12:00:00,83.73,26.6,12,2,8,0
2023-08-09 13:00:00,85.13,26.1,13,2,8,0
2023-08-09 14:00:00,86.02,26.7,14,2,8,0
2023-08-09 15:00:00,86.75,27.6,15,2,8,0
2023-08-09 16:00:00,84.54,28.5,16,2,8,0
2023-08-09 17:00:00,90.17,27.3,17,2,8,0
2023-08-09 18:00:00,97.19,30.5,18,2,8,0
2023-08-09 19:00:00,97.02,28.9,19,2,8,0
2023-08-09 20:00:00,103.15,31.6,20,2,8,0
2023-08-09 21:00:00,101.1,31.2,21,2,8,0
2023-08-09 22:00:00,89.92,32.0,22,2,8,0
2023-08-09 23:00:00,79.63,33.0,23,2,8,0
2023-08-10 00:00:00,56.45,34.2,0,3,8,0
2023-08-10 01:00:00,59.86,35.1,1,3,8,0
2023-08-10 02:00:00,62.19,35.3,2,3,8,0
2023-08-10 03:00:00,60.07,33.8,3,3,8,0
2023-08-10 04:00:00,59.34,33.4,4,3,8,0
2023-08-10 05:00:00,60.01,32.8,5,3,8,0
2023-08-10 06:00:00,65.56,32.6,6,3,8,0
2023-08-10 07:00:00,70.69,31.6,7,3,8,0
2023-08-10 08:00:00,76.7,30.0,8,3,8,0
2023-08-10 09:00:00,82.67,29.9,9,3,8,0
2023-08-10 10:00:00,82.92,30.5,10,3,8,0
2023-08-10 11:00:00,83.27,27.5,11,3,8,0
2023-08-10 12:00:00,82.79,26.9,12,3,8,0
2023-08-10 13:00:00,83.4,27.3,13,3,8,0
2023-08-10 14:00:00,90.17,26.3,14,3,8,0
2023-08-10 15:00:00,83.43,27.4,15,3,8,0
2023-08-10 16:00:00,84.23,26.7,16,3,8,0
2023-08-10 17:00:00,97.26,29.4,17,3,8,0
2023-08-10 18:00:00,95.25,29.0,18,3,8,0
2023-08-10 19:00:00,95.0,29.2,19,3,8,0
2023-08-10 20:00:00,101.23,30.3,20,3,8,0
2023-08-10 21:00:00,103.26,31.4,21,3,8,0
2023-08-10 22:00:00,91.85,33.8,22,3,8,0
2023-08-10 23:00:00,81.08,32.5,23,3,8,0
2023-08-11 00:00:00,57.55,33.7,0,4,8,0
2023-08-11 01:00:00,57.45,34.1,1,4,8,0
2023-08-11 02:00:00,60.32,34.7,2,4,8,0
2023-08-11 03:00:00,62.19,34.4,3,4,8,0
2023-08-11 04:00:00,57.63,33.0,4,4,8,0
2023-08-11 05:00:00,61.06,33.2,5,4,8,0
2023-08-11 06:00:00,66.98,32.7,6,4,8,0
2023-08-11 07:00:00,68.55,31.3,7,4,8,0
2023-08-11 08:00:00,75.96,31.3,8,4,8,0
2023-08-11 09:00:00,83.04,30.4,9,4,8,0
2023-08-11 10:00:00,80.31,28.7,10,4,8,0
2023-08-11 11:00:00,80.67,28.1,11,4,8,0
2023-08-11 12:00:00,85.83,25.5,12,4,8,0
2023-08-11 13:00:00,86.89,26.5,13,4,8,0
2023-08-11 14:00:00,87.12,27.5,14,4,8,0
2023-08-11 15:00:00,87.08,26.5,15,4,8,0
2023-08-11 16:00:00,88.92,26.7,16,4,8,0
2023-08-11 17:00:00,94.98,29.7,17,4,8,0
2023-08-11 18:00:00,97.81,30.2,18,4,8,0
2023-08-11 19:00:00,96.87,30.1,19,4,8,0
2023-08-11 20:00:00,97.98,31.6,20,4,8,0
2023-08-11 21:00:00,101.3,30.0,21,4,8,0
2023-08-11 22:00:00,93.85,32.1,22,4,8,0
2023-08-11 23:00:00,82.37,33.2,23,4,8,0
2023-08-12 00:00:00,52.81,34.0,0,5,8,1
2023-08-12 01:00:00,52.83,34.2,1,5,8,1
2023-08-12 02:00:00,52.22,32.7,2,5,8,1
2023-08-12 03:00:00,57.7,34.9,3,5,8,1
2023-08-12 04:00:00,56.21,34.6,4,5,8,1
2023-08-12 05:00:00,57.33,34.8,5,5,8,1
2023-08-12 06:00:00,57.54,32.1,6,5,8,1
2023-08-12 07:00:00,64.68,31.1,7,5,8,1
2023-08-12 08:00:00,65.56,28.6,8,5,8,1
2023-08-12 09:00:00,72.63,29.5,9,5,8,1
2023-08-12 10:00:00,73.37,29.5,10,5,8,1
2023-08-12 11:00:00,73.99,27.4,11,5,8,1
2023-08-12 12:00:00,75.45,29.0,12,5,8,1
2023-08-12 13:00:00,77.49,26.7,13,5,8,1
2023-08-12 14:00:00,80.44,26.8,14,5,8,1
2023-08-12 15:00:00,81.01,25.8,15,5,8,1
2023-08-12 16:00:00,79.58,27.5,16,5,8,1
2023-08-12 17:00:00,86.5,26.3,17,5,8,1
2023-08-12 18:00:00,87.58,29.3,18,5,8,1
2023-08-12 19:00:00,89.59,30.3,19,5,8,1
2023-08-12 20:00:00,94.62,31.8,20,5,8,1
2023-08-12 21:00:00,89.01,31.0,21,5,8,1
2023-08-12 22:00:00,83.01,32.9,22,5,8,1
2023-08-12 23:00:00,74.7,34.0,23,5,8,1
2023-08-13 00:00:00,52.27,34.5,0,6,8,1
2023-08-13 01:00:00,53.47,33.9,1,6,8,1
2023-08-13 02:00:00,51.32,32.8,2,6,8,1
2023-08-13 03:00:00,56.42,34.9,3,6,8,1
2023-08-13 04:00:00,55.3,34.1,4,6,8,1
2023-08-13 05:00:00,55.3,33.1,5,6,8,1
2023-08-13 06:00:00,61.41,33.3,6,6,8,1
2023-08-13 07:00:00,66.67,31.7,7,6,8,1
2023-08-13 08:00:00,66.39,29.7,8,6,8,1
2023-08-13 09:00:00,71.69,28.2,9,6,8,1
2023-08-13 10:00:00,71.6,27.8,10,6,8,1
2023-08-13 11:00:00,74.52,29.8,11,6,8,1
2023-08-13 12:00:00,73.92,27.8,12,6,8,1
2023-08-13 13:00:00,77.95,27.0,13,6,8,1
2023-08-13 14:00:00,79.21,26.6,14,6,8,1
2023-08-13 15:00:00,79.64,26.7,15,6,8,1
2023-08-13 16:00:00,77.28,28.2,16,6,8,1
2023-08-13 17:00:00,85.15,27.5,17,6,8,1
2023-08-13 18:00:00,86.14,29.2,18,6,8,1
2023-08-13 19:00:00,87.51,29.4,19,6,8,1
2023-08-13 20:00:00,90.23,32.3,20,6,8,1
2023-08-13 21:00:00,93.41,32.4,21,6,8,1
2023-08-13 22:00:00,85.42,33.7,22,6,8,1
2023-08-13 23:00:00,74.96,33.1,23,6,8,1
2023-08-14 00:00:00,58.65,35.0,0,0,8,0
2023-08-14 01:00:00,59.17,34.3,1,0,8,0
2023-08-14 02:00:00,59.06,34.8,2,0,8,0
2023-08-14 03:00:00,62.32,35.9,3,0,8,0
2023-08-14 04:00:00,61.14,33.4,4,0,8,0
2023-08-14 05:00:00,61.74,33.7,5,0,8,0
2023-08-14 06:00:00,68.28,33.1,6,0,8,0
2023-08-14 07:00:00,72.04,32.2,7,0,8,0
2023-08-14 08:00:00,72.9,30.4,8,0,8,0
2023-08-14 09:00:00,83.93,31.4,9,0,8,0
2023-08-14 10:00:00,81.21,27.7,10,0,8,0
2023-08-14 11:00:00,80.34,29.1,11,0,8,0
2023-08-14 12:00:00,83.65,28.2,12,0,8,0
2023-08-14 13:00:00,84.12,28.4,13,0,8,0
2023-08-14 14:00:00,88.47,25.5,14,0,8,0
2023-08-14 15:00:00,87.18,26.2,15,0,8,0
2023-08-14 16:00:00,85.72,28.5,16,0,8,0
2023-08-14 17:00:00,95.05,26.4,17,0,8,0
2023-08-14 18:00:00,96.04,27.4,18,0,8,0
2023-08-14 19:00:00,96.74,29.3,19,0,8,0
2023-08-14 20:00:00,98.38,30.9,20,0,8,0
2023-08-14 21:00:00,102.17,33.0,21,0,8,0
2023-08-14 22:00:00,91.2,32.6,22,0,8,0
2023-08-14 23:00:00,83.67,33.1,23,0,8,0
2023-08-15 00:00:00,55.93,34.4,0,1,8,0
2023-08-15 01:00:00,59.28,35.0,1,1,8,0
2023-08-15 02:00:00,60.26,35.1,2,1,8,0
2023-08-15 03:00:00,61.91,34.5,3,1,8,0
2023-08-15 04:00:00,59.88,32.6,4,1,8,0
2023-08-15 05:00:00,61.51,32.8,5,1,8,0
2023-08-15 06:00:00,67.5,33.9,6,1,8,0
2023-08-15 07:00:00,69.99,31.9,7,1,8,0
2023-08-15 08:00:00,75.29,30.5,8,1,8,0
2023-08-15 09:00:00,82.88,30.6,9,1,8,0
2023-08-15 10:00:00,82.57,27.8,10,1,8,0
2023-08-15 11:00:00,82.31,27.7,11,1,8,0
2023-08-15 12:00:00,82.69,27.4,12,1,8,0
2023-08-15 13:00:00,84.46,26.5,13,1,8,0
2023-08-15 14:00:00,87.01,26.8,14,1,8,0
2023-08-15 15:00:00,87.46,26.7,15,1,8,0
2023-08-15 16:00:00,89.65,26.1,16,1,8,0
2023-08-15 17:00:00,93.84,28.0,17,1,8,0
2023-08-15 18:00:00,96.31,27.7,18,1,8,0
2023-08-15 19:00:00,96.35,29.8,19,1,8,0
2023-08-15 20:00:00,101.84,31.8,20,1,8,0
2023-08-15 21:00:00,102.2,31.5,21,1,8,0
2023-08-15 22:00:00,91.43,31.8,22,1,8,0
2023-08-15 23:00:00,83.03,33.5,23,1,8,0
2023-08-16 00:00:00,56.59,33.5,0,2,8,0
2023-08-16 01:00:00,59.92,35.1,1,2,8,0
2023-08-16 02:00:00,61.08,34.6,2,2,8,0
2023-08-16 03:00:00,60.35,36.0,3,2,8,0
2023-08-16 04:00:00,63.8,35.1,4,2,8,0
2023-08-16 05:00:00,59.85,33.4,5,2,8,0
2023-08-16 06:00:00,67.76,33.3,6,2,8,0
2023-08-16 07:00:00,74.1,31.5,7,2,8,0
2023-08-16 08:00:00,76.04,30.8,8,2,8,0
2023-08-16 09:00:00,80.54,29.4,9,2,8,0
2023-08-16 10:00:00,81.27,29.3,10,2,8,0
2023-08-16 11:00:00,84.14,29.1,11,2,8,0
2023-08-16 12:00:00,84.62,27.9,12,2,8,0
2023-08-16 13:00:00,85.08,27.6,13,2,8,0
2023-08-16 14:00:00,87.05,27.5,14,2,8,0
2023-08-16 15:00:00,85.4,27.3,15,2,8,0
2023-08-16 16:00:00,87.04,26.4,16,2,8,0
2023-08-16 17:00:00,93.24,29.3,17,2,8,0
2023-08-16 18:00:00,96.9,30.2,18,2,8,0
2023-08-16 19:00:00,96.12,29.5,19,2,8,0
2023-08-16 20:00:00,99.69,30.4,20,2,8,0
2023-08-16 21:00:00,102.92,32.3,21,2,8,0
2023-08-16 22:00:00,93.47,33.2,22,2,8,0
2023-08-16 23:00:00,83.34,33.4,23,2,8,0
2023-08-17 00:00:00,55.94,33.2,0,3,8,0
2023-08-17 01:00:00,58.32,34.8,1,3,8,0
2023-08-17 02:00:00,60.72,35.2,2,3,8,0
2023-08-17 03:00:00,61.51,35.2,3,3,8,0
2023-08-17 04:00:00,62.99,34.5,4,3,8,0
2023-08-17 05:00:00,62.76,33.3,5,3,8,0
2023-08-17 06:00:00,66.03,33.5,6,3,8,0
2023-08-17 07:00:00,72.24,31.8,7,3,8,0
2023-08-17 08:00:00,76.76,30.4,8,3,8,0
2023-08-17 09:00:00,78.49,29.6,9,3,8,0
2023-08-17 10:00:00,82.27,27.3,10,3,8,0
2023-08-17 11:00:00,84.38,27.8,11,3,8,0
2023-08-17 12:00:00,82.55,27.8,12,3,8,0
2023-08-17 13:00:00,85.79,27.1,13,3,8,0
2023-08-17 14:00:00,87.54,27.9,14,3,8,0
2023-08-17 15:00:00,88.17,26.7,15,3,8,0
2023-08-17 16:00:00,85.62,27.7,16,3,8,0
2023-08-17 17:00:00,95.66,28.5,17,3,8,0
2023-08-17 18:00:00,93.5,30.6,18,3,8,0
2023-08-17 19:00:00,100.18,29.8,19,3,8,0
2023-08-17 20:00:00,100.51,29.9,20,3,8,0
2023-08-17 21:00:00,101.86,32.4,21,3,8,0
2023-08-17 22:00:00,95.98,34.2,22,3,8,0
2023-08-17 23:00:00,81.29,33.3,23,3,8,0
2023-08-18 00:00:00,58.26,34.9,0,4,8,0
2023-08-18 01:00:00,60.28,35.6,1,4,8,0
2023-08-18 02:00:00,61.23,35.5,2,4,8,0
2023-08-18 03:00:00,60.24,34.7,3,4,8,0
2023-08-18 04:00:00,60.33,33.6,4,4,8,0
2023-08-18 05:00:00,61.92,33.5,5,4,8,0
2023-08-18 06:00:00,66.31,33.1,6,4,8,0
2023-08-18 07:00:00,72.63,32.5,7,4,8,0
2023-08-18 08:00:00,75.49,31.0,8,4,8,0
2023-08-18 09:00:00,81.77,29.4,9,4,8,0
2023-08-18 10:00:00,84.02,29.2,10,4,8,0
2023-08-18 11:00:00,82.52,28.6,11,4,8,0
2023-08-18 12:00:00,85.5,27.6,12,4,8,0
2023-08-18 13:00:00,85.83,26.2,13,4,8,0
2023-08-18 14:00:00,85.7,26.6,14,4,8,0
2023-08-18 15:00:00,86.54,27.6,15,4,8,0
2023-08-18 16:00:00,87.38,26.2,16,4,8,0
2023-08-18 17:00:00,90.48,26.2,17,4,8,0
2023-08-18 18:00:00,97.42,29.9,18,4,8,0
2023-08-18 19:00:00,98.29,30.1,19,4,8,0
2023-08-18 20:00:00,102.9,31.2,20,4,8,0
2023-08-18 21:00:00,102.35,30.9,21,4,8,0
2023-08-18 22:00:00,93.66,33.3,22,4,8,0
2023-08-18 23:00:00,82.9,33.8,23,4,8,0
2023-08-19 00:00:00,52.1,32.9,0,5,8,1
2023-08-19 01:00:00,57.08,35.7,1,5,8,1
2023-08-19 02:00:00,54.61,34.9,2,5,8,1
2023-08-19 03:00:00,56.25,34.3,3,5,8,1
2023-08-19 04:00:00,54.93,33.9,4,5,8,1
2023-08-19 05:00:00,53.6,31.9,5,5,8,1
2023-08-19 06:00:00,60.6,33.2,6,5,8,1
2023-08-19 07:00:00,65.76,32.0,7,5,8,1
2023-08-19 08:00:00,66.97,30.6,8,5,8,1
2023-08-19 09:00:00,76.18,30.7,9,5,8,1
2023-08-19 10:00:00,74.68,27.6,10,5,8,1
2023-08-19 11:00:00,75.72,27.4,11,5,8,1
2023-08-19 12:00:00,75.18,26.6,12,5,8,1
2023-08-19 13:00:00,78.9,26.6,13,5,8,1
2023-08-19 14:00:00,73.73,26.8,14,5,8,1
2023-08-19 15:00:00,79.24,27.2,15,5,8,1
2023-08-19 16:00:00,78.78,27.0,16,5,8,1
2023-08-19 17:00:00,80.94,27.2,17,5,8,1
2023-08-19 18:00:00,87.74,30.1,18,5,8,1
2023-08-19 19:00:00,91.33,31.6,19,5,8,1
2023-08-19 20:00:00,87.3,30.8,20,5,8,1
2023-08-19 21:00:00,89.48,31.2,21,5,8,1
2023-08-19 22:00:00,88.78,33.9,22,5,8,1
2023-08-19 23:00:00,73.7,32.4,23,5,8,1
2023-08-20 00:00:00,52.78,33.9,0,6,8,1
2023-08-20 01:00:00,54.02,34.0,1,6,8,1
2023-08-20 02:00:00,54.03,33.8,2,6,8,1
2023-08-20 03:00:00,56.35,34.4,3,6,8,1
2023-08-20 04:00:00,52.99,33.5,4,6,8,1
2023-08-20 05:00:00,56.02,33.6,5,6,8,1
2023-08-20 06:00:00,56.97,32.8,6,6,8,1
2023-08-20 07:00:00,61.8,31.3,7,6,8,1
2023-08-20 08:00:00,67.47,30.4,8,6,8,1
2023-08-20 09:00:00,71.41,29.5,9,6,8,1
2023-08-20 10:00:00,73.79,29.4,10,6,8,1
2023-08-20 11:00:00,74.65,27.8,11,6,8,1
2023-08-20 12:00:00,75.85,27.9,12,6,8,1
2023-08-20 13:00:00,77.84,27.3,13,6,8,1
2023-08-20 14:00:00,79.06,27.2,14,6,8,1
2023-08-20 15:00:00,76.94,28.0,15,6,8,1
2023-08-20 16:00:00,77.32,26.4,16,6,8,1
2023-08-20 17:00:00,84.19,27.5,17,6,8,1
2023-08-20 18:00:00,86.98,30.1,18,6,8,1
2023-08-20 19:00:00,85.76,29.5,19,6,8,1
2023-08-20 20:00:00,90.57,28.5,20,6,8,1
2023-08-20 21:00:00,93.51,31.6,21,6,8,1
2023-08-20 22:00:00,82.6,32.8,22,6,8,1
2023-08-20 23:00:00,72.59,31.5,23,6,8,1
2023-08-21 00:00:00,60.55,35.3,0,0,8,0
2023-08-21 01:00:00,58.29,34.0,1,0,8,0
2023-08-21 02:00:00,60.79,35.0,2,0,8,0
2023-08-21 03:00:00,60.12,34.4,3,0,8,0
2023-08-21 04:00:00,60.04,33.2,4,0,8,0
2023-08-21 05:00:00,62.43,32.7,5,0,8,0
2023-08-21 06:00:00,65.97,32.0,6,0,8,0
2023-08-21 07:00:00,72.32,32.6,7,0,8,0
2023-08-21 08:00:00,75.87,30.6,8,0,8,0
2023-08-21 09:00:00,83.97,29.3,9,0,8,0
2023-08-21 10:00:00,81.45,28.0,10,0,8,0
2023-08-21 11:00:00,81.69,28.9,11,0,8,0
2023-08-21 12:00:00,83.01,28.4,12,0,8,0
2023-08-21 13:00:00,87.44,27.8,13,0,8,0
2023-08-21 14:00:00,84.89,27.1,14,0,8,0
2023-08-21 15:00:00,87.98,27.1,15,0,8,0
2023-08-21 16:00:00,86.05,26.3,16,0,8,0
2023-08-21 17:00:00,90.35,27.7,17,0,8,0
2023-08-21 18:00:00,93.46,28.2,18,0,8,0
2023-08-21 19:00:00,96.86,28.2,19,0,8,0
2023-08-21 20:00:00,104.11,31.6,20,0,8,0
2023-08-21 21:00:00,103.28,31.2,21,0,8,0
2023-08-21 22:00:00,93.45,33.7,22,0,8,0
2023-08-21 23:00:00,85.44,34.3,23,0,8,0
2023-08-22 00:00:00,57.44,34.6,0,1,8,0
2023-08-22 01:00:00,58.01,35.1,1,1,8,0
2023-08-22 02:00:00,59.45,34.2,2,1,8,0
2023-08-22 03:00:00,61.24,36.1,3,1,8,0
2023-08-22 04:00:00,62.38,34.2,4,1,8,0
2023-08-22 05:00:00,63.0,33.8,5,1,8,0
2023-08-22 06:00:00,65.05,32.2,6,1,8,0
2023-08-22 07:00:00,70.67,31.0,7,1,8,0
2023-08-22 08:00:00,76.65,31.1,8,1,8,0
2023-08-22 09:00:00,82.18,29.9,9,1,8,0
2023-08-22 10:00:00,79.48,28.1,10,1,8,0
2023-08-22 11:00:00,83.92,26.8,11,1,8,0
2023-08-22 12:00:00,81.96,26.3,12,1,8,0
2023-08-22 13:00:00,87.43,27.8,13,1,8,0
2023-08-22 14:00:00,88.98,26.2,14,1,8,0
2023-08-22 15:00:00,86.14,26.6,15,1,8,0
2023-08-22 16:00:00,89.24,28.4,16,1,8,0
2023-08-22 17:00:00,90.85,27.0,17,1,8,0
2023-08-22 18:00:00,97.18,28.2,18,1,8,0
2023-08-22 19:00:00,99.55,29.1,19,1,8,0
2023-08-22 20:00:00,102.65,32.0,20,1,8,0
2023-08-22 21:00:00,103.86,33.4,21,1,8,0
2023-08-22 22:00:00,93.98,33.3,22,1,8,0
2023-08-22 23:00:00,83.02,34.2,23,1,8,0
2023-08-23 00:00:00,59.23,33.7,0,2,8,0
2023-08-23 01:00:00,60.19,36.2,1,2,8,0
2023-08-23 02:00:00,61.59,34.9,2,2,8,0
2023-08-23 03:00:00,61.06,35.3,3,2,8,0
2023-08-23 04:00:00,63.1,34.1,4,2,8,0
2023-08-23 05:00:00,63.68,33.3,5,2,8,0
2023-08-23 06:00:00,68.81,34.1,6,2,8,0
2023-08-23 07:00:00,72.29,32.2,7,2,8,0
2023-08-23 08:00:00,76.09,31.9,8,2,8,0
2023-08-23 09:00:00,79.26,29.9,9,2,8,0
2023-08-23 10:00:00,81.84,28.1,10,2,8,0
2023-08-23 11:00:00,85.26,27.4,11,2,8,0
2023-08-23 12:00:00,83.18,27.4,12,2,8,0
2023-08-23 13:00:00,89.75,26.4,13,2,8,0
2023-08-23 14:00:00,86.24,25.8,14,2,8,0
2023-08-23 15:00:00,87.61,27.8,15,2,8,0
2023-08-23 16:00:00,87.62,26.8,16,2,8,0
2023-08-23 17:00:00,93.44,28.0,17,2,8,0
2023-08-23 18:00:00,91.56,29.0,18,2,8,0
2023-08-23 19:00:00,95.93,29.2,19,2,8,0
2023-08-23 20:00:00,102.26,31.9,20,2,8,0
2023-08-23 21:00:00,101.04,30.9,21,2,8,0
2023-08-23 22:00:00,94.04,32.9,22,2,8,0
2023-08-23 23:00:00,84.53,33.8,23,2,8,0
2023-08-24 00:00:00,57.08,34.2,0,3,8,0
2023-08-24 01:00:00,56.71,33.6,1,3,8,0
2023-08-24 02:00:00,62.42,35.4,2,3,8,0
2023-08-24 03:00:00,60.31,35.2,3,3,8,0
2023-08-24 04:00:00,60.34,33.7,4,3,8,0
2023-08-24 05:00:00,61.6,34.1,5,3,8,0
2023-08-24 06:00:00,67.91,33.0,6,3,8,0
2023-08-24 07:00:00,71.81,30.7,7,3,8,0
2023-08-24 08:00:00,74.9,30.0,8,3,8,0
2023-08-24 09:00:00,82.05,30.6,9,3,8,0
2023-08-24 10:00:00,82.04,29.0,10,3,8,0
2023-08-24 11:00:00,85.8,27.5,11,3,8,0
2023-08-24 12:00:00,81.24,26.6,12,3,8,0
2023-08-24 13:00:00,87.38,26.5,13,3,8,0
2023-08-24 14:00:00,87.85,26.4,14,3,8,0
2023-08-24 15:00:00,86.63,26.2,15,3,8,0
2023-08-24 16:00:00,87.77,25.9,16,3,8,0
2023-08-24 17:00:00,94.92,28.8,17,3,8,0
2023-08-24 18:00:00,96.86,29.5,18,3,8,0
2023-08-24 19:00:00,100.74,28.7,19,3,8,0
2023-08-24 20:00:00,100.8,30.8,20,3,8,0
2023-08-24 21:00:00,101.39,31.0,21,3,8,0
2023-08-24 22:00:00,92.2,32.5,22,3,8,0
2023-08-24 23:00:00,83.63,33.3,23,3,8,0
2023-08-25 00:00:00,56.91,33.9,0,4,8,0
2023-08-25 01:00:00,60.78,36.2,1,4,8,0
2023-08-25 02:00:00,59.69,34.4,2,4,8,0
2023-08-25 03:00:00,60.0,33.9,3,4,8,0
2023-08-25 04:00:00,60.21,33.6,4,4,8,0
2023-08-25 05:00:00,63.31,34.4,5,4,8,0
2023-08-25 06:00:00,64.78,31.4,6,4,8,0
2023-08-25 07:00:00,71.51,31.2,7,4,8,0
2023-08-25 08:00:00,77.57,31.9,8,4,8,0
2023-08-25 09:00:00,80.29,29.9,9,4,8,0
2023-08-25 10:00:00,83.78,28.9,10,4,8,0
2023-08-25 11:00:00,83.54,29.6,11,4,8,0
2023-08-25 12:00:00,85.03,27.5,12,4,8,0
2023-08-25 13:00:00,85.04,26.3,13,4,8,0
2023-08-25 14:00:00,83.92,26.5,14,4,8,0
2023-08-25 15:00:00,86.31,26.0,15,4,8,0
2023-08-25 16:00:00,83.73,28.3,16,4,8,0
2023-08-25 17:00:00,93.2,28.4,17,4,8,0
2023-08-25 18:00:00,98.56,29.6,18,4,8,0
2023-08-25 19:00:00,97.2,30.7,19,4,8,0
2023-08-25 20:00:00,96.19,30.4,20,4,8,0
2023-08-25 21:00:00,104.13,31.0,21,4,8,0
2023-08-25 22:00:00,91.95,32.7,22,4,8,0
2023-08-25 23:00:00,82.32,32.9,23,4,8,0
2023-08-26 00:00:00,53.08,34.3,0,5,8,1
2023-08-26 01:00:00,55.23,35.5,1,5,8,1
2023-08-26 02:00:00,55.34,34.6,2,5,8,1
2023-08-26 03:00:00,56.59,34.7,3,5,8,1
2023-08-26 04:00:00,54.09,34.1,4,5,8,1
2023-08-26 05:00:00,55.49,34.2,5,5,8,1
2023-08-26 06:00:00,61.22,32.2,6,5,8,1
2023-08-26 07:00:00,61.48,30.0,7,5,8,1
2023-08-26 08:00:00,68.13,31.1,8,5,8,1
2023-08-26 09:00:00,71.72,30.5,9,5,8,1
2023-08-26 10:00:00,72.75,29.1,10,5,8,1
2023-08-26 11:00:00,74.14,27.4,11,5,8,1
2023-08-26 12:00:00,74.16,26.4,12,5,8,1
2023-08-26 13:00:00,75.85,27.3,13,5,8,1
2023-08-26 14:00:00,79.04,26.8,14,5,8,1
2023-08-26 15:00:00,77.19,26.8,15,5,8,1
2023-08-26 16:00:00,77.52,28.7,16,5,8,1
2023-08-26 17:00:00,80.41,27.1,17,5,8,1
2023-08-26 18:00:00,90.6,30.2,18,5,8,1
2023-08-26 19:00:00,89.68,29.7,19,5,8,1
2023-08-26 20:00:00,88.01,29.3,20,5,8,1
2023-08-26 21:00:00,90.49,31.6,21,5,8,1
2023-08-26 22:00:00,84.89,33.5,22,5,8,1
2023-08-26 23:00:00,75.03,33.3,23,5,8,1
2023-08-27 00:00:00,49.53,33.0,0,6,8,1
2023-08-27 01:00:00,51.02,34.5,1,6,8,1
2023-08-27 02:00:00,53.35,34.0,2,6,8,1
2023-08-27 03:00:00,54.44,35.0,3,6,8,1
2023-08-27 04:00:00,56.93,34.8,4,6,8,1
2023-08-27 05:00:00,55.38,32.7,5,6,8,1
2023-08-27 06:00:00,58.71,32.2,6,6,8,1
2023-08-27 07:00:00,64.67,32.4,7,6,8,1
2023-08-27 08:00:00,70.2,30.0,8,6,8,1
2023-08-27 09:00:00,72.97,28.8,9,6,8,1
2023-08-27 10:00:00,72.56,27.8,10,6,8,1
2023-08-27 11:00:00,78.26,28.2,11,6,8,1
2023-08-27 12:00:00,73.75,27.5,12,6,8,1
2023-08-27 13:00:00,76.24,26.3,13,6,8,1
2023-08-27 14:00:00,78.33,26.7,14,6,8,1
2023-08-27 15:00:00,76.0,28.1,15,6,8,1
2023-08-27 16:00:00,81.45,26.5,16,6,8,1
2023-08-27 17:00:00,84.58,26.3,17,6,8,1
2023-08-27 18:00:00,84.4,29.1,18,6,8,1
2023-08-27 19:00:00,88.67,29.6,19,6,8,1
2023-08-27 20:00:00,90.28,30.2,20,6,8,1
2023-08-27 21:00:00,92.44,32.3,21,6,8,1
2023-08-27 22:00:00,82.74,33.4,22,6,8,1
2023-08-27 23:00:00,71.16,31.8,23,6,8,1
2023-08-28 00:00:00,58.8,33.7,0,0,8,0
2023-08-28 01:00:00,59.68,36.4,1,0,8,0
2023-08-28 02:00:00,62.33,35.2,2,0,8,0
2023-08-28 03:00:00,60.72,35.1,3,0,8,0
2023-08-28 04:00:00,63.46,35.1,4,0,8,0
2023-08-28 05:00:00,62.4,33.6,5,0,8,0
2023-08-28 06:00:00,68.29,33.4,6,0,8,0
2023-08-28 07:00:00,72.98,32.3,7,0,8,0
2023-08-28 08:00:00,74.34,31.2,8,0,8,0
2023-08-28 09:00:00,79.26,29.4,9,0,8,0
2023-08-28 10:00:00,79.29,28.9,10,0,8,0
2023-08-28 11:00:00,83.28,27.4,11,0,8,0
2023-08-28 12:00:00,81.95,27.3,12,0,8,0
2023-08-28 13:00:00,82.96,25.9,13,0,8,0
2023-08-28 14:00:00,86.85,26.1,14,0,8,0
2023-08-28 15:00:00,83.61,26.6,15,0,8,0
2023-08-28 16:00:00,87.66,26.5,16,0,8,0
2023-08-28 17:00:00,91.41,27.5,17,0,8,0
2023-08-28 18:00:00,93.71,28.6,18,0,8,0
2023-08-28 19:00:00,93.86,30.0,19,0,8,0
2023-08-28 20:00:00,104.46,31.5,20,0,8,0
2023-08-28 21:00:00,99.1,31.4,21,0,8,0
2023-08-28 22:00:00,93.46,33.8,22,0,8,0
2023-08-28 23:00:00,81.41,34.3,23,0,8,0
2023-08-29 00:00:00,56.98,34.6,0,1,8,0
2023-08-29 01:00:00,60.69,34.7,1,1,8,0
2023-08-29 02:00:00,60.69,35.0,2,1,8,0
2023-08-29 03:00:00,61.32,35.5,3,1,8,0
2023-08-29 04:00:00,62.73,35.2,4,1,8,0
2023-08-29 05:00:00,62.51,34.6,5,1,8,0
2023-08-29 06:00:00,66.69,32.8,6,1,8,0
2023-08-29 07:00:00,72.88,32.2,7,1,8,0
2023-08-29 08:00:00,76.84,31.8,8,1,8,0
2023-08-29 09:00:00,80.36,29.2,9,1,8,0
2023-08-29 10:00:00,81.75,28.5,10,1,8,0
2023-08-29 11:00:00,82.47,27.9,11,1,8,0
2023-08-29 12:00:00,82.88,28.0,12,1,8,0
2023-08-29 13:00:00,85.32,27.6,13,1,8,0
2023-08-29 14:00:00,88.38,26.5,14,1,8,0
2023-08-29 15:00:00,88.52,25.7,15,1,8,0
2023-08-29 16:00:00,85.37,27.5,16,1,8,0
2023-08-29 17:00:00,93.16,27.2,17,1,8,0
2023-08-29 18:00:00,93.87,27.5,18,1,8,0
2023-08-29 19:00:00,98.27,28.7,19,1,8,0
2023-08-29 20:00:00,99.94,31.0,20,1,8,0
2023-08-29 21:00:00,107.71,32.9,21,1,8,0
2023-08-29 22:00:00,93.22,32.8,22,1,8,0
2023-08-29 23:00:00,85.03,33.7,23,1,8,0
2023-08-30 00:00:00,57.41,35.1,0,2,8,0
2023-08-30 01:00:00,57.42,33.4,1,2,8,0
2023-08-30 02:00:00,61.13,35.1,2,2,8,0
2023-08-30 03:00:00,59.92,34.6,3,2,8,0
2023-08-30 04:00:00,62.06,34.6,4,2,8,0
2023-08-30 05:00:00,62.54,33.2,5,2,8,0
2023-08-30 06:00:00,65.57,32.1,6,2,8,0
2023-08-30 07:00:00,70.48,31.9,7,2,8,0
2023-08-30 08:00:00,80.16,32.1,8,2,8,0
2023-08-30 09:00:00,79.71,30.4,9,2,8,0
2023-08-30 10:00:00,81.62,28.3,10,2,8,0
2023-08-30 11:00:00,81.88,26.8,11,2,8,0
2023-08-30 12:00:00,82.57,25.9,12,2,8,0
2023-08-30 13:00:00,87.37,27.9,13,2,8,0
2023-08-30 14:00:00,86.9,26.0,14,2,8,0
2023-08-30 15:00:00,87.9,26.6,15,2,8,0
2023-08-30 16:00:00,83.54,28.3,16,2,8,0
2023-08-30 17:00:00,94.51,26.6,17,2,8,0
2023-08-30 18:00:00,95.01,29.9,18,2,8,0
2023-08-30 19:00:00,93.99,29.5,19,2,8,0
2023-08-30 20:00:00,102.85,29.8,20,2,8,0
2023-08-30 21:00:00,103.18,31.6,21,2,8,0
2023-08-30 22:00:00,92.52,32.2,22,2,8,0
2023-08-30 23:00:00,85.37,33.9,23,2,8,0
2023-08-31 00:00:00,56.94,33.7,0,3,8,0
2023-08-31 01:00:00,56.27,33.1,1,3,8,0
2023-08-31 02:00:00,59.74,34.6,2,3,8,0
2023-08-31 03:00:00,58.97,33.5,3,3,8,0
2023-08-31 04:00:00,61.28,34.4,4,3,8,0
2023-08-31 05:00:00,59.37,32.6,5,3,8,0
2023-08-31 06:00:00,65.06,32.3,6,3,8,0
2023-08-31 07:00:00,72.71,31.9,7,3,8,0
2023-08-31 08:00:00,76.32,30.6,8,3,8,0
2023-08-31 09:00:00,80.12,29.9,9,3,8,0
2023-08-31 10:00:00,80.17,29.3,10,3,8,0
2023-08-31 11:00:00,82.35,27.0,11,3,8,0
2023-08-31 12:00:00,81.38,27.2,12,3,8,0
2023-08-31 13:00:00,86.38,24.2,13,3,8,0
2023-08-31 14:00:00,88.79,26.9,14,3,8,0
2023-08-31 15:00:00,91.12,26.6,15,3,8,0
2023-08-31 16:00:00,85.43,26.5,16,3,8,0
2023-08-31 17:00:00,95.21,28.2,17,3,8,0
2023-08-31 18:00:00,94.79,29.7,18,3,8,0
2023-08-31 19:00:00,95.12,29.3,19,3,8,0
2023-08-31 20:00:00,97.52,30.0,20,3,8,0
2023-08-31 21:00:00,102.68,31.9,21,3,8,0
2023-08-31 22:00:00,90.0,31.7,22,3,8,0
2023-08-31 23:00:00,81.58,33.0,23,3,8,0
2023-09-01 00:00:00,56.7,34.4,0,4,9,0
2023-09-01 01:00:00,56.85,33.9,1,4,9,0
2023-09-01 02:00:00,56.14,32.5,2,4,9,0
2023-09-01 03:00:00,55.41,32.4,3,4,9,0
2023-09-01 04:00:00,60.47,33.6,4,4,9,0
2023-09-01 05:00:00,61.39,33.5,5,4,9,0
2023-09-01 06:00:00,62.82,30.7,6,4,9,0
2023-09-01 07:00:00,70.86,31.4,7,4,9,0
2023-09-01 08:00:00,77.78,31.1,8,4,9,0
2023-09-01 09:00:00,80.96,30.5,9,4,9,0
2023-09-01 10:00:00,82.74,28.3,10,4,9,0
2023-09-01 11:00:00,85.78,27.6,11,4,9,0
2023-09-01 12:00:00,87.34,24.8,12,4,9,0
2023-09-01 13:00:00,83.53,27.8,13,4,9,0
2023-09-01 14:00:00,84.57,25.5,14,4,9,0
2023-09-01 15:00:00,85.78,25.4,15,4,9,0
2023-09-01 16:00:00,86.72,26.3,16,4,9,0
2023-09-01 17:00:00,95.63,28.4,17,4,9,0
2023-09-01 18:00:00,96.51,29.8,18,4,9,0
2023-09-01 19:00:00,93.94,29.1,19,4,9,0
2023-09-01 20:00:00,98.62,30.8,20,4,9,0
2023-09-01 21:00:00,100.56,31.1,21,4,9,0
2023-09-01 22:00:00,87.73,31.2,22,4,9,0
2023-09-01 23:00:00,83.03,34.0,23,4,9,0
2023-09-02 00:00:00,49.24,33.0,0,5,9,1
2023-09-02 01:00:00,52.23,35.1,1,5,9,1
2023-09-02 02:00:00,53.73,35.0,2,5,9,1
2023-09-02 03:00:00,55.32,34.4,3,5,9,1
2023-09-02 04:00:00,56.87,34.9,4,5,9,1
2023-09-02 05:00:00,57.15,34.6,5,5,9,1
2023-09-02 06:00:00,60.19,31.9,6,5,9,1
2023-09-02 07:00:00,63.58,30.4,7,5,9,1
2023-09-02 08:00:00,66.27,28.5,8,5,9,1
2023-09-02 09:00:00,73.47,30.8,9,5,9,1
2023-09-02 10:00:00,72.83,27.6,10,5,9,1
2023-09-02 11:00:00,73.83,28.1,11,5,9,1
2023-09-02 12:00:00,71.58,25.9,12,5,9,1
2023-09-02 13:00:00,78.75,27.4,13,5,9,1
2023-09-02 14:00:00,78.51,25.4,14,5,9,1
2023-09-02 15:00:00,75.86,25.2,15,5,9,1
2023-09-02 16:00:00,80.2,26.4,16,5,9,1
2023-09-02 17:00:00,82.52,26.7,17,5,9,1
2023-09-02 18:00:00,84.79,28.5,18,5,9,1
2023-09-02 19:00:00,88.27,28.9,19,5,9,1
2023-09-02 20:00:00,90.04,30.5,20,5,9,1
2023-09-02 21:00:00,92.95,30.8,21,5,9,1
2023-09-02 22:00:00,81.22,31.5,22,5,9,1
2023-09-02 23:00:00,75.86,32.4,23,5,9,1
2023-09-03 00:00:00,52.15,35.1,0,6,9,1
2023-09-03 01:00:00,53.82,34.0,1,6,9,1
2023-09-03 02:00:00,49.29,32.4,2,6,9,1
2023-09-03 03:00:00,52.58,33.4,3,6,9,1
2023-09-03 04:00:00,55.08,33.5,4,6,9,1
2023-09-03 05:00:00,56.26,34.3,5,6,9,1
2023-09-03 06:00:00,60.02,32.8,6,6,9,1
2023-09-03 07:00:00,62.38,30.3,7,6,9,1
2023-09-03 08:00:00,67.81,31.9,8,6,9,1
2023-09-03 09:00:00,69.54,28.9,9,6,9,1
2023-09-03 10:00:00,72.99,29.0,10,6,9,1
2023-09-03 11:00:00,73.02,26.2,11,6,9,1
2023-09-03 12:00:00,77.13,24.6,12,6,9,1
2023-09-03 13:00:00,76.6,25.0,13,6,9,1
2023-09-03 14:00:00,79.04,23.4,14,6,9,1
2023-09-03 15:00:00,78.59,27.8,15,6,9,1
2023-09-03 16:00:00,76.87,26.7,16,6,9,1
2023-09-03 17:00:00,80.07,26.4,17,6,9,1
2023-09-03 18:00:00,87.1,28.4,18,6,9,1
2023-09-03 19:00:00,84.74,29.1,19,6,9,1
2023-09-03 20:00:00,88.88,30.5,20,6,9,1
2023-09-03 21:00:00,91.62,32.0,21,6,9,1
2023-09-03 22:00:00,82.08,31.8,22,6,9,1
2023-09-03 23:00:00,74.44,32.1,23,6,9,1
2023-09-04 00:00:00,56.77,34.1,0,0,9,0
2023-09-04 01:00:00,58.17,34.5,1,0,9,0
2023-09-04 02:00:00,59.89,34.1,2,0,9,0
2023-09-04 03:00:00,62.34,35.6,3,0,9,0
2023-09-04 04:00:00,59.02,33.1,4,0,9,0
2023-09-04 05:00:00,58.42,32.1,5,0,9,0
2023-09-04 06:00:00,64.71,32.3,6,0,9,0
2023-09-04 07:00:00,69.26,30.5,7,0,9,0
2023-09-04 08:00:00,73.27,30.4,8,0,9,0
2023-09-04 09:00:00,79.26,28.3,9,0,9,0
2023-09-04 10:00:00,80.51,27.7,10,0,9,0
2023-09-04 11:00:00,78.32,28.7,11,0,9,0
2023-09-04 12:00:00,81.12,26.2,12,0,9,0
2023-09-04 13:00:00,80.78,25.5,13,0,9,0
2023-09-04 14:00:00,85.95,26.9,14,0,9,0
2023-09-04 15:00:00,88.27,25.3,15,0,9,0
2023-09-04 16:00:00,83.41,26.0,16,0,9,0
2023-09-04 17:00:00,90.51,27.6,17,0,9,0
2023-09-04 18:00:00,94.13,28.8,18,0,9,0
2023-09-04 19:00:00,95.15,29.9,19,0,9,0
2023-09-04 20:00:00,96.09,29.4,20,0,9,0
2023-09-04 21:00:00,102.12,31.5,21,0,9,0
2023-09-04 22:00:00,89.86,31.6,22,0,9,0
2023-09-04 23:00:00,78.8,32.3,23,0,9,0
2023-09-05 00:00:00,55.12,34.4,0,1,9,0
2023-09-05 01:00:00,59.14,33.4,1,1,9,0
2023-09-05 02:00:00,60.12,34.2,2,1,9,0
2023-09-05 03:00:00,59.34,34.0,3,1,9,0
2023-09-05 04:00:00,59.27,32.6,4,1,9,0
2023-09-05 05:00:00,60.92,33.6,5,1,9,0
2023-09-05 06:00:00,66.39,32.4,6,1,9,0
2023-09-05 07:00:00,66.91,29.4,7,1,9,0
2023-09-05 08:00:00,74.01,30.2,8,1,9,0
2023-09-05 09:00:00,79.81,28.3,9,1,9,0
2023-09-05 10:00:00,82.93,28.9,10,1,9,0
2023-09-05 11:00:00,83.45,26.0,11,1,9,0
2023-09-05 12:00:00,85.29,26.3,12,1,9,0
2023-09-05 13:00:00,84.95,26.4,13,1,9,0
2023-09-05 14:00:00,85.49,26.0,14,1,9,0
2023-09-05 15:00:00,83.33,26.7,15,1,9,0
2023-09-05 16:00:00,86.63,25.3,16,1,9,0
2023-09-05 17:00:00,93.51,28.5,17,1,9,0
2023-09-05 18:00:00,93.89,28.4,18,1,9,0
2023-09-05 19:00:00,95.91,30.1,19,1,9,0
2023-09-05 20:00:00,101.93,30.7,20,1,9,0
2023-09-05 21:00:00,101.69,31.0,21,1,9,0
2023-09-05 22:00:00,92.14,31.0,22,1,9,0
2023-09-05 23:00:00,79.7,32.4,23,1,9,0
2023-09-06 00:00:00,56.8,34.7,0,2,9,0
2023-09-06 01:00:00,60.07,35.0,1,2,9,0
2023-09-06 02:00:00,58.1,33.5,2,2,9,0
2023-09-06 03:00:00,56.34,31.6,3,2,9,0
2023-09-06 04:00:00,59.5,33.3,4,2,9,0
2023-09-06 05:00:00,60.22,32.6,5,2,9,0
2023-09-06 06:00:00,66.25,31.8,6,2,9,0
2023-09-06 07:00:00,70.31,31.5,7,2,9,0
2023-09-06 08:00:00,76.46,30.7,8,2,9,0
2023-09-06 09:00:00,80.79,29.8,9,2,9,0
2023-09-06 10:00:00,79.36,28.4,10,2,9,0
2023-09-06 11:00:00,80.92,25.7,11,2,9,0
2023-09-06 12:00:00,82.63,26.3,12,2,9,0
2023-09-06 13:00:00,83.29,28.0,13,2,9,0
2023-09-06 14:00:00,85.67,26.3,14,2,9,0
2023-09-06 15:00:00,88.99,26.4,15,2,9,0
2023-09-06 16:00:00,86.46,26.8,16,2,9,0
2023-09-06 17:00:00,91.49,27.5,17,2,9,0
2023-09-06 18:00:00,97.85,26.1,18,2,9,0
2023-09-06 19:00:00,94.31,28.8,19,2,9,0
2023-09-06 20:00:00,97.01,30.0,20,2,9,0
2023-09-06 21:00:00,104.12,32.1,21,2,9,0
2023-09-06 22:00:00,92.26,32.0,22,2,9,0
2023-09-06 23:00:00,79.83,31.5,23,2,9,0
2023-09-07 00:00:00,57.2,33.8,0,3,9,0
2023-09-07 01:00:00,57.03,33.2,1,3,9,0
2023-09-07 02:00:00,56.36,33.0,2,3,9,0
2023-09-07 03:00:00,56.4,33.2,3,3,9,0
2023-09-07 04:00:00,60.15,33.9,4,3,9,0
2023-09-07 05:00:00,62.83,33.8,5,3,9,0
2023-09-07 06:00:00,65.3,32.4,6,3,9,0
2023-09-07 07:00:00,71.11,31.5,7,3,9,0
2023-09-07 08:00:00,75.26,30.4,8,3,9,0
2023-09-07 09:00:00,76.58,29.0,9,3,9,0
2023-09-07 10:00:00,80.09,28.6,10,3,9,0
2023-09-07 11:00:00,82.85,25.2,11,3,9,0
2023-09-07 12:00:00,82.1,26.6,12,3,9,0
2023-09-07 13:00:00,84.87,25.3,13,3,9,0
2023-09-07 14:00:00,87.15,26.9,14,3,9,0
2023-09-07 15:00:00,86.63,26.0,15,3,9,0
2023-09-07 16:00:00,88.23,26.6,16,3,9,0
2023-09-07 17:00:00,93.52,26.0,17,3,9,0
2023-09-07 18:00:00,92.71,28.8,18,3,9,0
2023-09-07 19:00:00,95.74,29.5,19,3,9,0
2023-09-07 20:00:00,99.31,30.4,20,3,9,0
2023-09-07 21:00:00,102.28,30.4,21,3,9,0
2023-09-07 22:00:00,89.66,31.4,22,3,9,0
2023-09-07 23:00:00,79.29,33.0,23,3,9,0
2023-09-08 00:00:00,55.74,32.9,0,4,9,0
2023-09-08 01:00:00,57.19,34.2,1,4,9,0
2023-09-08 02:00:00,55.42,32.3,2,4,9,0
2023-09-08 03:00:00,59.22,33.5,3,4,9,0
2023-09-08 04:00:00,62.95,34.9,4,4,9,0
2023-09-08 05:00:00,60.35,33.2,5,4,9,0
2023-09-08 06:00:00,66.02,32.1,6,4,9,0
2023-09-08 07:00:00,72.71,32.6,7,4,9,0
2023-09-08 08:00:00,74.42,28.1,8,4,9,0
2023-09-08 09:00:00,78.03,28.3,9,4,9,0
2023-09-08 10:00:00,78.99,27.7,10,4,9,0
2023-09-08 11:00:00,80.75,27.9,11,4,9,0
2023-09-08 12:00:00,84.59,27.2,12,4,9,0
2023-09-08 13:00:00,86.54,25.4,13,4,9,0
2023-09-08 14:00:00,84.94,26.8,14,4,9,0
2023-09-08 15:00:00,90.01,25.8,15,4,9,0
2023-09-08 16:00:00,84.74,27.5,16,4,9,0
2023-09-08 17:00:00,94.6,26.3,17,4,9,0
2023-09-08 18:00:00,97.14,27.9,18,4,9,0
2023-09-08 19:00:00,96.2,28.6,19,4,9,0
2023-09-08 20:00:00,98.32,30.8,20,4,9,0
2023-09-08 21:00:00,98.64,30.6,21,4,9,0
2023-09-08 22:00:00,90.73,32.0,22,4,9,0
2023-09-08 23:00:00,83.63,33.2,23,4,9,0
2023-09-09 00:00:00,50.3,33.9,0,5,9,1
2023-09-09 01:00:00,51.44,34.6,1,5,9,1
2023-09-09 02:00:00,54.08,34.2,2,5,9,1
2023-09-09 03:00:00,54.42,33.5,3,5,9,1
2023-09-09 04:00:00,56.46,33.2,4,5,9,1
2023-09-09 05:00:00,53.42,32.8,5,5,9,1
2023-09-09 06:00:00,59.23,32.2,6,5,9,1
2023-09-09 07:00:00,64.54,30.9,7,5,9,1
2023-09-09 08:00:00,67.36,30.0,8,5,9,1
2023-09-09 09:00:00,70.92,27.8,9,5,9,1
2023-09-09 10:00:00,73.85,28.5,10,5,9,1
2023-09-09 11:00:00,73.13,27.3,11,5,9,1
2023-09-09 12:00:00,76.36,27.3,12,5,9,1
2023-09-09 13:00:00,74.88,26.1,13,5,9,1
2023-09-09 14:00:00,75.37,24.6,14,5,9,1
2023-09-09 15:00:00,77.41,25.8,15,5,9,1
2023-09-09 16:00:00,73.66,26.4,16,5,9,1
2023-09-09 17:00:00,83.71,27.8,17,5,9,1
2023-09-09 18:00:00,81.88,26.3,18,5,9,1
2023-09-09 19:00:00,86.92,29.0,19,5,9,1
2023-09-09 20:00:00,89.85,30.4,20,5,9,1
2023-09-09 21:00:00,89.98,30.5,21,5,9,1
2023-09-09 22:00:00,83.25,32.1,22,5,9,1
2023-09-09 23:00:00,73.57,32.3,23,5,9,1
2023-09-10 00:00:00,49.97,32.9,0,6,9,1
2023-09-10 01:00:00,53.72,33.5,1,6,9,1
2023-09-10 02:00:00,53.15,33.4,2,6,9,1
2023-09-10 03:00:00,55.69,34.4,3,6,9,1
2023-09-10 04:00:00,55.17,32.9,4,6,9,1
2023-09-10 05:00:00,54.75,32.1,5,6,9,1
2023-09-10 06:00:00,63.24,33.4,6,6,9,1
2023-09-10 07:00:00,64.34,31.8,7,6,9,1
2023-09-10 08:00:00,65.98,28.5,8,6,9,1
2023-09-10 09:00:00,70.24,28.4,9,6,9,1
2023-09-10 10:00:00,72.24,28.2,10,6,9,1
2023-09-10 11:00:00,72.92,27.4,11,6,9,1
2023-09-10 12:00:00,76.08,25.3,12,6,9,1
2023-09-10 13:00:00,75.43,27.1,13,6,9,1
2023-09-10 14:00:00,77.98,26.7,14,6,9,1
2023-09-10 15:00:00,78.78,26.5,15,6,9,1
2023-09-10 16:00:00,78.11,27.6,16,6,9,1
2023-09-10 17:00:00,81.98,27.5,17,6,9,1
2023-09-10 18:00:00,86.23,28.4,18,6,9,1
2023-09-10 19:00:00,87.69,30.2,19,6,9,1
2023-09-10 20:00:00,84.79,30.9,20,6,9,1
2023-09-10 21:00:00,88.15,30.4,21,6,9,1
2023-09-10 22:00:00,85.33,32.5,22,6,9,1
2023-09-10 23:00:00,75.44,32.3,23,6,9,1
2023-09-11 00:00:00,57.03,33.9,0,0,9,0
2023-09-11 01:00:00,58.7,34.2,1,0,9,0
2023-09-11 02:00:00,56.65,32.9,2,0,9,0
2023-09-11 03:00:00,59.3,33.8,3,0,9,0
2023-09-11 04:00:00,61.78,33.7,4,0,9,0
2023-09-11 05:00:00,60.57,32.5,5,0,9,0
2023-09-11 06:00:00,65.75,32.3,6,0,9,0
2023-09-11 07:00:00,70.52,31.7,7,0,9,0
2023-09-11 08:00:00,76.16,30.0,8,0,9,0
2023-09-11 09:00:00,80.93,29.1,9,0,9,0
2023-09-11 10:00:00,81.82,29.1,10,0,9,0
2023-09-11 11:00:00,82.39,27.6,11,0,9,0
2023-09-11 12:00:00,82.78,26.7,12,0,9,0
2023-09-11 13:00:00,86.58,25.4,13,0,9,0
2023-09-11 14:00:00,84.7,26.5,14,0,9,0
2023-09-11 15:00:00,85.04,26.4,15,0,9,0
2023-09-11 16:00:00,84.13,27.6,16,0,9,0
2023-09-11 17:00:00,95.01,27.2,17,0,9,0
2023-09-11 18:00:00,93.13,26.5,18,0,9,0
2023-09-11 19:00:00,96.74,27.6,19,0,9,0
2023-09-11 20:00:00,99.28,30.6,20,0,9,0
2023-09-11 21:00:00,105.42,30.6,21,0,9,0
2023-09-11 22:00:00,92.26,32.3,22,0,9,0
2023-09-11 23:00:00,78.98,32.9,23,0,9,0
2023-09-12 00:00:00,56.93,33.3,0,1,9,0
2023-09-12 01:00:00,57.08,33.8,1,1,9,0
2023-09-12 02:00:00,57.71,33.3,2,1,9,0
2023-09-12 03:00:00,59.0,33.9,3,1,9,0
2023-09-12 04:00:00,59.86,33.0,4,1,9,0
2023-09-12 05:00:00,60.31,32.5,5,1,9,0
2023-09-12 06:00:00,64.2,31.7,6,1,9,0
2023-09-12 07:00:00,69.15,30.9,7,1,9,0
2023-09-12 08:00:00,75.5,30.7,8,1,9,0
2023-09-12 09:00:00,75.61,28.9,9,1,9,0
2023-09-12 10:00:00,78.5,28.8,10,1,9,0
2023-09-12 11:00:00,84.9,28.4,11,1,9,0
2023-09-12 12:00:00,83.86,27.2,12,1,9,0
2023-09-12 13:00:00,84.6,26.6,13,1,9,0
2023-09-12 14:00:00,83.73,26.3,14,1,9,0
2023-09-12 15:00:00,86.42,26.8,15,1,9,0
2023-09-12 16:00:00,88.13,26.6,16,1,9,0
2023-09-12 17:00:00,97.49,28.0,17,1,9,0
2023-09-12 18:00:00,97.81,28.5,18,1,9,0
2023-09-12 19:00:00,94.39,28.7,19,1,9,0
2023-09-12 20:00:00,98.71,30.7,20,1,9,0
2023-09-12 21:00:00,97.9,31.1,21,1,9,0
2023-09-12 22:00:00,89.65,31.9,22,1,9,0
2023-09-12 23:00:00,80.78,32.4,23,1,9,0
2023-09-13 00:00:00,55.81,33.6,0,2,9,0
2023-09-13 01:00:00,60.55,34.7,1,2,9,0
2023-09-13 02:00:00,58.27,34.7,2,2,9,0
2023-09-13 03:00:00,59.88,34.1,3,2,9,0
2023-09-13 04:00:00,58.59,33.9,4,2,9,0
2023-09-13 05:00:00,62.03,33.8,5,2,9,0
2023-09-13 06:00:00,63.63,31.9,6,2,9,0
2023-09-13 07:00:00,70.25,30.1,7,2,9,0
2023-09-13 08:00:00,75.32,31.0,8,2,9,0
2023-09-13 09:00:00,77.02,28.5,9,2,9,0
2023-09-13 10:00:00,77.49,27.4,10,2,9,0
2023-09-13 11:00:00,80.76,25.7,11,2,9,0
2023-09-13 12:00:00,83.72,27.0,12,2,9,0
2023-09-13 13:00:00,86.14,24.8,13,2,9,0
2023-09-13 14:00:00,85.69,25.4,14,2,9,0
2023-09-13 15:00:00,88.03,26.6,15,2,9,0
2023-09-13 16:00:00,84.65,27.1,16,2,9,0
2023-09-13 17:00:00,87.69,26.7,17,2,9,0
2023-09-13 18:00:00,94.93,27.9,18,2,9,0
2023-09-13 19:00:00,98.35,28.3,19,2,9,0
2023-09-13 20:00:00,100.71,29.6,20,2,9,0
2023-09-13 21:00:00,98.34,31.2,21,2,9,0
2023-09-13 22:00:00,89.78,31.6,22,2,9,0
2023-09-13 23:00:00,82.39,32.6,23,2,9,0
2023-09-14 00:00:00,54.0,32.3,0,3,9,0
2023-09-14 01:00:00,58.76,34.8,1,3,9,0
2023-09-14 02:00:00,58.51,34.4,2,3,9,0
2023-09-14 03:00:00,59.29,34.5,3,3,9,0
2023-09-14 04:00:00,60.53,34.5,4,3,9,0
2023-09-14 05:00:00,60.77,32.2,5,3,9,0
2023-09-14 06:00:00,64.97,31.7,6,3,9,0
2023-09-14 07:00:00,69.75,29.5,7,3,9,0
2023-09-14 08:00:00,78.25,32.5,8,3,9,0
2023-09-14 09:00:00,81.53,28.8,9,3,9,0
2023-09-14 10:00:00,81.96,28.8,10,3,9,0
2023-09-14 11:00:00,83.47,26.2,11,3,9,0
2023-09-14 12:00:00,83.15,27.3,12,3,9,0
2023-09-14 13:00:00,90.33,27.6,13,3,9,0
2023-09-14 14:00:00,86.69,26.0,14,3,9,0
2023-09-14 15:00:00,83.27,25.3,15,3,9,0
2023-09-14 16:00:00,86.95,26.4,16,3,9,0
2023-09-14 17:00:00,91.11,25.4,17,3,9,0
2023-09-14 18:00:00,96.24,28.0,18,3,9,0
2023-09-14 19:00:00,98.05,29.6,19,3,9,0
2023-09-14 20:00:00,98.43,30.0,20,3,9,0
2023-09-14 21:00:00,98.62,30.8,21,3,9,0
2023-09-14 22:00:00,91.89,32.4,22,3,9,0
2023-09-14 23:00:00,81.24,33.3,23,3,9,0
2023-09-15 00:00:00,55.12,32.1,0,4,9,0
2023-09-15 01:00:00,58.12,33.9,1,4,9,0
2023-09-15 02:00:00,63.97,35.9,2,4,9,0
2023-09-15 03:00:00,57.91,32.8,3,4,9,0
2023-09-15 04:00:00,59.82,33.4,4,4,9,0
2023-09-15 05:00:00,62.23,34.4,5,4,9,0
2023-09-15 06:00:00,66.27,32.9,6,4,9,0
2023-09-15 07:00:00,70.75,30.6,7,4,9,0
2023-09-15 08:00:00,74.38,30.2,8,4,9,0
2023-09-15 09:00:00,82.08,29.0,9,4,9,0
2023-09-15 10:00:00,81.6,27.4,10,4,9,0
2023-09-15 11:00:00,81.53,27.1,11,4,9,0
2023-09-15 12:00:00,82.17,26.3,12,4,9,0
2023-09-15 13:00:00,87.14,26.2,13,4,9,0
2023-09-15 14:00:00,86.56,25.4,14,4,9,0
2023-09-15 15:00:00,86.52,25.1,15,4,9,0
2023-09-15 16:00:00,85.53,26.5,16,4,9,0
2023-09-15 17:00:00,92.73,28.5,17,4,9,0
2023-09-15 18:00:00,93.28,28.1,18,4,9,0
2023-09-15 19:00:00,98.48,28.7,19,4,9,0
2023-09-15 20:00:00,100.83,30.6,20,4,9,0
2023-09-15 21:00:00,100.07,30.9,21,4,9,0
2023-09-15 22:00:00,92.65,33.5,22,4,9,0
2023-09-15 23:00:00,81.71,32.8,23,4,9,0
2023-09-16 00:00:00,51.57,34.0,0,5,9,1
2023-09-16 01:00:00,50.75,33.3,1,5,9,1
2023-09-16 02:00:00,52.05,34.4,2,5,9,1
2023-09-16 03:00:00,53.73,34.1,3,5,9,1
2023-09-16 04:00:00,54.52,33.4,4,5,9,1
2023-09-16 05:00:00,53.62,32.4,5,5,9,1
2023-09-16 06:00:00,59.5,31.5,6,5,9,1
2023-09-16 07:00:00,63.23,31.3,7,5,9,1
2023-09-16 08:00:00,70.39,30.5,8,5,9,1
2023-09-16 09:00:00,70.37,28.9,9,5,9,1
2023-09-16 10:00:00,72.85,28.2,10,5,9,1
2023-09-16 11:00:00,73.61,27.1,11,5,9,1
2023-09-16 12:00:00,75.71,26.6,12,5,9,1
2023-09-16 13:00:00,78.64,26.0,13,5,9,1
2023-09-16 14:00:00,78.86,26.0,14,5,9,1
2023-09-16 15:00:00,74.53,28.3,15,5,9,1
2023-09-16 16:00:00,78.68,26.8,16,5,9,1
2023-09-16 17:00:00,81.78,27.7,17,5,9,1
2023-09-16 18:00:00,84.43,28.4,18,5,9,1
2023-09-16 19:00:00,87.66,28.8,19,5,9,1
2023-09-16 20:00:00,88.16,31.0,20,5,9,1
2023-09-16 21:00:00,92.61,30.8,21,5,9,1
2023-09-16 22:00:00,82.78,32.8,22,5,9,1
2023-09-16 23:00:00,76.8,32.6,23,5,9,1
2023-09-17 00:00:00,50.08,32.7,0,6,9,1
2023-09-17 01:00:00,54.44,34.2,1,6,9,1
2023-09-17 02:00:00,53.59,33.1,2,6,9,1
2023-09-17 03:00:00,54.16,34.3,3,6,9,1
2023-09-17 04:00:00,52.22,32.5,4,6,9,1
2023-09-17 05:00:00,54.76,32.6,5,6,9,1
2023-09-17 06:00:00,57.14,30.9,6,6,9,1
2023-09-17 07:00:00,67.95,33.3,7,6,9,1
2023-09-17 08:00:00,65.65,28.7,8,6,9,1
2023-09-17 09:00:00,70.76,29.0,9,6,9,1
2023-09-17 10:00:00,70.5,28.9,10,6,9,1
2023-09-17 11:00:00,74.71,28.0,11,6,9,1
2023-09-17 12:00:00,73.16,27.2,12,6,9,1
2023-09-17 13:00:00,77.63,25.9,13,6,9,1
2023-09-17 14:00:00,78.81,27.1,14,6,9,1
2023-09-17 15:00:00,76.63,26.9,15,6,9,1
2023-09-17 16:00:00,79.43,26.7,16,6,9,1
2023-09-17 17:00:00,83.07,27.4,17,6,9,1
2023-09-17 18:00:00,82.35,27.8,18,6,9,1
2023-09-17 19:00:00,89.22,28.2,19,6,9,1
2023-09-17 20:00:00,88.52,31.0,20,6,9,1
2023-09-17 21:00:00,92.97,32.1,21,6,9,1
2023-09-17 22:00:00,82.28,31.3,22,6,9,1
2023-09-17 23:00:00,74.32,32.7,23,6,9,1
2023-09-18 00:00:00,56.16,33.3,0,0,9,0
2023-09-18 01:00:00,56.5,33.8,1,0,9,0
2023-09-18 02:00:00,60.56,34.1,2,0,9,0
2023-09-18 03:00:00,61.5,34.6,3,0,9,0
2023-09-18 04:00:00,60.03,32.9,4,0,9,0
2023-09-18 05:00:00,58.34,32.2,5,0,9,0
2023-09-18 06:00:00,65.37,33.0,6,0,9,0
2023-09-18 07:00:00,70.4,30.7,7,0,9,0
2023-09-18 08:00:00,70.54,29.0,8,0,9,0
2023-09-18 09:00:00,79.63,28.6,9,0,9,0
2023-09-18 10:00:00,78.67,27.7,10,0,9,0
2023-09-18 11:00:00,80.94,28.4,11,0,9,0
2023-09-18 12:00:00,81.12,27.3,12,0,9,0
2023-09-18 13:00:00,85.85,27.1,13,0,9,0
2023-09-18 14:00:00,88.34,26.7,14,0,9,0
2023-09-18 15:00:00,87.08,26.9,15,0,9,0
2023-09-18 16:00:00,87.26,26.0,16,0,9,0
2023-09-18 17:00:00,93.14,27.0,17,0,9,0
2023-09-18 18:00:00,95.64,27.2,18,0,9,0
2023-09-18 19:00:00,96.86,28.8,19,0,9,0
2023-09-18 20:00:00,94.36,30.5,20,0,9,0
2023-09-18 21:00:00,102.32,31.1,21,0,9,0
2023-09-18 22:00:00,93.69,33.0,22,0,9,0
2023-09-18 23:00:00,79.97,31.9,23,0,9,0
2023-09-19 00:00:00,54.62,33.9,0,1,9,0
2023-09-19 01:00:00,56.61,32.9,1,1,9,0
2023-09-19 02:00:00,59.2,34.1,2,1,9,0
2023-09-19 03:00:00,59.96,34.5,3,1,9,0
2023-09-19 04:00:00,60.21,33.3,4,1,9,0
2023-09-19 05:00:00,62.21,33.3,5,1,9,0
2023-09-19 06:00:00,67.16,31.2,6,1,9,0
2023-09-19 07:00:00,68.55,29.7,7,1,9,0
2023-09-19 08:00:00,75.47,30.4,8,1,9,0
2023-09-19 09:00:00,79.57,30.4,9,1,9,0
2023-09-19 10:00:00,79.94,27.2,10,1,9,0
2023-09-19 11:00:00,82.08,28.1,11,1,9,0
2023-09-19 12:00:00,85.21,26.6,12,1,9,0
2023-09-19 13:00:00,86.78,25.1,13,1,9,0
2023-09-19 14:00:00,89.67,25.1,14,1,9,0
2023-09-19 15:00:00,84.07,26.1,15,1,9,0
2023-09-19 16:00:00,84.34,26.2,16,1,9,0
2023-09-19 17:00:00,94.78,26.1,17,1,9,0
2023-09-19 18:00:00,97.02,26.6,18,1,9,0
2023-09-19 19:00:00,96.07,28.3,19,1,9,0
2023-09-19 20:00:00,90.77,30.2,20,1,9,0
2023-09-19 21:00:00,99.13,31.0,21,1,9,0
2023-09-19 22:00:00,91.24,31.6,22,1,9,0
2023-09-19 23:00:00,80.5,33.0,23,1,9,0
2023-09-20 00:00:00,57.18,34.3,0,2,9,0
2023-09-20 01:00:00,59.8,34.2,1,2,9,0
2023-09-20 02:00:00,60.06,33.9,2,2,9,0
2023-09-20 03:00:00,61.35,34.6,3,2,9,0
2023-09-20 04:00:00,59.23,32.7,4,2,9,0
2023-09-20 05:00:00,59.71,32.6,5,2,9,0
2023-09-20 06:00:00,65.96,31.8,6,2,9,0
2023-09-20 07:00:00,68.75,30.0,7,2,9,0
2023-09-20 08:00:00,74.25,29.7,8,2,9,0
2023-09-20 09:00:00,76.8,27.3,9,2,9,0
2023-09-20 10:00:00,80.21,29.5,10,2,9,0
2023-09-20 11:00:00,83.46,26.4,11,2,9,0
2023-09-20 12:00:00,81.61,27.8,12,2,9,0
2023-09-20 13:00:00,85.89,26.2,13,2,9,0
2023-09-20 14:00:00,87.19,26.5,14,2,9,0
2023-09-20 15:00:00,87.28,25.7,15,2,9,0
2023-09-20 16:00:00,87.43,26.7,16,2,9,0
2023-09-20 17:00:00,93.94,27.7,17,2,9,0
2023-09-20 18:00:00,93.31,28.5,18,2,9,0
2023-09-20 19:00:00,94.05,29.6,19,2,9,0
2023-09-20 20:00:00,96.81,29.7,20,2,9,0
2023-09-20 21:00:00,101.51,30.7,21,2,9,0
2023-09-20 22:00:00,87.61,30.7,22,2,9,0
2023-09-20 23:00:00,80.54,33.2,23,2,9,0
2023-09-21 00:00:00,56.0,34.3,0,3,9,0
2023-09-21 01:00:00,57.33,35.2,1,3,9,0
2023-09-21 02:00:00,57.84,34.2,2,3,9,0
2023-09-21 03:00:00,59.99,33.3,3,3,9,0
2023-09-21 04:00:00,57.83,32.1,4,3,9,0
2023-09-21 05:00:00,59.7,33.7,5,3,9,0
2023-09-21 06:00:00,63.04,30.6,6,3,9,0
2023-09-21 07:00:00,70.33,30.8,7,3,9,0
2023-09-21 08:00:00,71.74,29.8,8,3,9,0
2023-09-21 09:00:00,80.55,28.9,9,3,9,0
2023-09-21 10:00:00,78.5,28.0,10,3,9,0
2023-09-21 11:00:00,81.67,27.3,11,3,9,0
2023-09-21 12:00:00,82.7,24.6,12,3,9,0
2023-09-21 13:00:00,84.55,26.1,13,3,9,0
2023-09-21 14:00:00,86.4,24.2,14,3,9,0
2023-09-21 15:00:00,87.79,26.7,15,3,9,0
2023-09-21 16:00:00,86.44,26.1,16,3,9,0
2023-09-21 17:00:00,91.77,25.4,17,3,9,0
2023-09-21 18:00:00,95.24,27.3,18,3,9,0
2023-09-21 19:00:00,96.38,28.5,19,3,9,0
2023-09-21 20:00:00,98.75,31.0,20,3,9,0
2023-09-21 21:00:00,100.83,31.2,21,3,9,0
2023-09-21 22:00:00,90.28,32.3,22,3,9,0
2023-09-21 23:00:00,81.51,33.8,23,3,9,0
2023-09-22 00:00:00,56.69,33.4,0,4,9,0
2023-09-22 01:00:00,58.73,34.5,1,4,9,0
2023-09-22 02:00:00,60.12,34.5,2,4,9,0
2023-09-22 03:00:00,59.01,32.8,3,4,9,0
2023-09-22 04:00:00,60.66,34.6,4,4,9,0
2023-09-22 05:00:00,60.22,31.7,5,4,9,0
2023-09-22 06:00:00,65.81,32.7,6,4,9,0
2023-09-22 07:00:00,69.67,29.8,7,4,9,0
2023-09-22 08:00:00,74.95,30.5,8,4,9,0
2023-09-22 09:00:00,81.39,30.5,9,4,9,0
2023-09-22 10:00:00,81.23,27.8,10,4,9,0
2023-09-22 11:00:00,83.56,27.0,11,4,9,0
2023-09-22 12:00:00,80.76,27.0,12,4,9,0
2023-09-22 13:00:00,82.9,25.9,13,4,9,0
2023-09-22 14:00:00,87.61,27.5,14,4,9,0
2023-09-22 15:00:00,87.09,26.3,15,4,9,0
2023-09-22 16:00:00,85.24,26.3,16,4,9,0
2023-09-22 17:00:00,93.48,26.7,17,4,9,0
2023-09-22 18:00:00,91.9,27.3,18,4,9,0
2023-09-22 19:00:00,101.95,28.5,19,4,9,0
2023-09-22 20:00:00,100.85,29.7,20,4,9,0
2023-09-22 21:00:00,101.19,30.6,21,4,9,0
2023-09-22 22:00:00,90.69,31.5,22,4,9,0
2023-09-22 23:00:00,82.71,34.5,23,4,9,0
2023-09-23 00:00:00,48.64,32.6,0,5,9,1
2023-09-23 01:00:00,52.41,34.0,1,5,9,1
2023-09-23 02:00:00,53.22,34.5,2,5,9,1
2023-09-23 03:00:00,54.09,34.4,3,5,9,1
2023-09-23 04:00:00,53.18,33.4,4,5,9,1
2023-09-23 05:00:00,54.91,32.6,5,5,9,1
2023-09-23 06:00:00,59.18,32.4,6,5,9,1
2023-09-23 07:00:00,64.09,31.2,7,5,9,1
2023-09-23 08:00:00,67.59,29.8,8,5,9,1
2023-09-23 09:00:00,71.56,27.7,9,5,9,1
2023-09-23 10:00:00,76.71,27.6,10,5,9,1
2023-09-23 11:00:00,75.35,26.3,11,5,9,1
2023-09-23 12:00:00,73.02,26.0,12,5,9,1
2023-09-23 13:00:00,77.65,26.2,13,5,9,1
2023-09-23 14:00:00,77.77,26.3,14,5,9,1
2023-09-23 15:00:00,75.66,27.6,15,5,9,1
2023-09-23 16:00:00,75.53,26.1,16,5,9,1
2023-09-23 17:00:00,84.35,27.8,17,5,9,1
2023-09-23 18:00:00,86.23,28.2,18,5,9,1
2023-09-23 19:00:00,85.7,30.0,19,5,9,1
2023-09-23 20:00:00,91.42,30.5,20,5,9,1
2023-09-23 21:00:00,90.27,30.2,21,5,9,1
2023-09-23 22:00:00,82.71,30.6,22,5,9,1
2023-09-23 23:00:00,75.82,33.1,23,5,9,1
2023-09-24 00:00:00,50.22,33.0,0,6,9,1
2023-09-24 01:00:00,53.05,33.1,1,6,9,1
2023-09-24 02:00:00,51.15,33.0,2,6,9,1
2023-09-24 03:00:00,56.86,34.0,3,6,9,1
2023-09-24 04:00:00,55.3,34.7,4,6,9,1
2023-09-24 05:00:00,54.47,32.5,5,6,9,1
2023-09-24 06:00:00,59.08,32.5,6,6,9,1
2023-09-24 07:00:00,62.69,31.0,7,6,9,1
2023-09-24 08:00:00,70.05,29.0,8,6,9,1
2023-09-24 09:00:00,71.24,29.6,9,6,9,1
2023-09-24 10:00:00,73.94,27.1,10,6,9,1
2023-09-24 11:00:00,73.69,27.2,11,6,9,1
2023-09-24 12:00:00,76.49,26.3,12,6,9,1
2023-09-24 13:00:00,76.03,26.9,13,6,9,1
2023-09-24 14:00:00,78.28,25.2,14,6,9,1
2023-09-24 15:00:00,78.89,26.4,15,6,9,1
2023-09-24 16:00:00,76.68,25.9,16,6,9,1
2023-09-24 17:00:00,88.41,26.8,17,6,9,1
2023-09-24 18:00:00,86.2,25.1,18,6,9,1
2023-09-24 19:00:00,87.91,30.6,19,6,9,1
2023-09-24 20:00:00,88.22,30.4,20,6,9,1
2023-09-24 21:00:00,90.15,30.4,21,6,9,1
2023-09-24 22:00:00,79.31,31.1,22,6,9,1
2023-09-24 23:00:00,76.0,32.4,23,6,9,1
2023-09-25 00:00:00,57.05,34.0,0,0,9,0
2023-09-25 01:00:00,55.69,32.4,1,0,9,0
2023-09-25 02:00:00,59.68,33.9,2,0,9,0
2023-09-25 03:00:00,60.63,35.3,3,0,9,0
2023-09-25 04:00:00,57.98,32.6,4,0,9,0
2023-09-25 05:00:00,60.46,32.9,5,0,9,0
2023-09-25 06:00:00,67.63,33.8,6,0,9,0
2023-09-25 07:00:00,71.2,31.5,7,0,9,0
2023-09-25 08:00:00,72.59,30.1,8,0,9,0
2023-09-25 09:00:00,78.92,29.4,9,0,9,0
2023-09-25 10:00:00,75.99,27.7,10,0,9,0
2023-09-25 11:00:00,80.45,28.2,11,0,9,0
2023-09-25 12:00:00,84.48,26.2,12,0,9,0
2023-09-25 13:00:00,87.01,24.6,13,0,9,0
2023-09-25 14:00:00,84.64,25.7,14,0,9,0
2023-09-25 15:00:00,85.98,25.4,15,0,9,0
2023-09-25 16:00:00,86.55,26.3,16,0,9,0
2023-09-25 17:00:00,94.74,27.0,17,0,9,0
2023-09-25 18:00:00,97.16,29.0,18,0,9,0
2023-09-25 19:00:00,96.88,29.5,19,0,9,0
2023-09-25 20:00:00,98.55,30.2,20,0,9,0
2023-09-25 21:00:00,97.83,31.0,21,0,9,0
2023-09-25 22:00:00,90.38,31.2,22,0,9,0
2023-09-25 23:00:00,82.56,31.1,23,0,9,0
2023-09-26 00:00:00,57.4,33.6,0,1,9,0
2023-09-26 01:00:00,58.47,34.5,1,1,9,0
2023-09-26 02:00:00,58.93,33.9,2,1,9,0
2023-09-26 03:00:00,58.38,33.4,3,1,9,0
2023-09-26 04:00:00,60.25,33.8,4,1,9,0
2023-09-26 05:00:00,60.63,32.8,5,1,9,0
2023-09-26 06:00:00,67.05,33.3,6,1,9,0
2023-09-26 07:00:00,72.41,32.0,7,1,9,0
2023-09-26 08:00:00,76.82,30.8,8,1,9,0
2023-09-26 09:00:00,80.63,29.6,9,1,9,0
2023-09-26 10:00:00,79.18,27.0,10,1,9,0
2023-09-26 11:00:00,80.79,27.7,11,1,9,0
2023-09-26 12:00:00,81.94,26.8,12,1,9,0
2023-09-26 13:00:00,85.84,26.6,13,1,9,0
2023-09-26 14:00:00,83.19,26.4,14,1,9,0
2023-09-26 15:00:00,86.5,26.5,15,1,9,0
2023-09-26 16:00:00,88.82,28.7,16,1,9,0
2023-09-26 17:00:00,94.01,27.1,17,1,9,0
2023-09-26 18:00:00,93.79,28.7,18,1,9,0
2023-09-26 19:00:00,94.73,28.6,19,1,9,0
2023-09-26 20:00:00,101.0,30.6,20,1,9,0
2023-09-26 21:00:00,102.04,31.8,21,1,9,0
2023-09-26 22:00:00,91.12,32.3,22,1,9,0
2023-09-26 23:00:00,82.4,34.2,23,1,9,0
2023-09-27 00:00:00,55.27,32.8,0,2,9,0
2023-09-27 01:00:00,56.8,33.5,1,2,9,0
2023-09-27 02:00:00,59.77,34.2,2,2,9,0
2023-09-27 03:00:00,61.79,34.6,3,2,9,0
2023-09-27 04:00:00,58.96,33.6,4,2,9,0
2023-09-27 05:00:00,60.5,33.9,5,2,9,0
2023-09-27 06:00:00,66.29,31.5,6,2,9,0
2023-09-27 07:00:00,69.05,30.1,7,2,9,0
2023-09-27 08:00:00,73.19,30.2,8,2,9,0
2023-09-27 09:00:00,80.6,28.9,9,2,9,0
2023-09-27 10:00:00,81.23,28.4,10,2,9,0
2023-09-27 11:00:00,85.73,27.1,11,2,9,0
2023-09-27 12:00:00,82.97,26.3,12,2,9,0
2023-09-27 13:00:00,87.25,26.1,13,2,9,0
2023-09-27 14:00:00,84.13,26.0,14,2,9,0
2023-09-27 15:00:00,88.8,25.9,15,2,9,0
2023-09-27 16:00:00,88.06,26.4,16,2,9,0
2023-09-27 17:00:00,95.66,26.8,17,2,9,0
2023-09-27 18:00:00,96.41,28.7,18,2,9,0
2023-09-27 19:00:00,95.94,29.1,19,2,9,0
2023-09-27 20:00:00,98.78,31.8,20,2,9,0
2023-09-27 21:00:00,99.64,31.2,21,2,9,0
2023-09-27 22:00:00,87.76,31.6,22,2,9,0
2023-09-27 23:00:00,82.87,35.0,23,2,9,0
2023-09-28 00:00:00,56.81,33.8,0,3,9,0
2023-09-28 01:00:00,58.49,34.7,1,3,9,0
2023-09-28 02:00:00,59.13,34.5,2,3,9,0
2023-09-28 03:00:00,59.48,34.4,3,3,9,0
2023-09-28 04:00:00,58.9,33.9,4,3,9,0
2023-09-28 05:00:00,59.59,31.9,5,3,9,0
2023-09-28 06:00:00,66.12,32.3,6,3,9,0
2023-09-28 07:00:00,67.45,30.0,7,3,9,0
2023-09-28 08:00:00,73.66,29.9,8,3,9,0
2023-09-28 09:00:00,81.44,28.4,9,3,9,0
2023-09-28 10:00:00,82.48,28.3,10,3,9,0
2023-09-28 11:00:00,79.97,27.4,11,3,9,0
2023-09-28 12:00:00,83.21,26.9,12,3,9,0
2023-09-28 13:00:00,87.81,26.4,13,3,9,0
2023-09-28 14:00:00,86.16,25.5,14,3,9,0
2023-09-28 15:00:00,86.07,25.9,15,3,9,0
2023-09-28 16:00:00,88.3,27.3,16,3,9,0
2023-09-28 17:00:00,94.58,28.0,17,3,9,0
2023-09-28 18:00:00,96.1,27.1,18,3,9,0
2023-09-28 19:00:00,95.53,27.7,19,3,9,0
2023-09-28 20:00:00,99.29,29.4,20,3,9,0
2023-09-28 21:00:00,104.38,31.9,21,3,9,0
2023-09-28 22:00:00,92.28,33.0,22,3,9,0
2023-09-28 23:00:00,80.15,32.1,23,3,9,0
2023-09-29 00:00:00,57.46,33.7,0,4,9,0
2023-09-29 01:00:00,61.26,35.3,1,4,9,0
2023-09-29 02:00:00,61.23,34.3,2,4,9,0
2023-09-29 03:00:00,60.62,35.0,3,4,9,0
2023-09-29 04:00:00,60.93,34.3,4,4,9,0
2023-09-29 05:00:00,58.54,32.1,5,4,9,0
2023-09-29 06:00:00,65.22,31.8,6,4,9,0
2023-09-29 07:00:00,68.67,31.1,7,4,9,0
2023-09-29 08:00:00,73.91,30.1,8,4,9,0
2023-09-29 09:00:00,81.02,29.7,9,4,9,0
2023-09-29 10:00:00,81.3,28.3,10,4,9,0
2023-09-29 11:00:00,79.47,24.8,11,4,9,0
2023-09-29 12:00:00,85.83,25.5,12,4,9,0
2023-09-29 13:00:00,83.69,24.4,13,4,9,0
2023-09-29 14:00:00,84.93,26.1,14,4,9,0
2023-09-29 15:00:00,84.48,26.3,15,4,9,0
2023-09-29 16:00:00,85.43,26.8,16,4,9,0
2023-09-29 17:00:00,91.26,26.4,17,4,9,0
2023-09-29 18:00:00,92.86,28.5,18,4,9,0
2023-09-29 19:00:00,92.12,29.5,19,4,9,0
2023-09-29 20:00:00,97.83,29.0,20,4,9,0
2023-09-29 21:00:00,99.63,29.9,21,4,9,0
2023-09-29 22:00:00,94.89,32.0,22,4,9,0
2023-09-29 23:00:00,84.09,34.3,23,4,9,0
2023-09-30 00:00:00,52.06,34.8,0,5,9,1
2023-09-30 01:00:00,51.71,34.3,1,5,9,1
2023-09-30 02:00:00,52.66,33.4,2,5,9,1
2023-09-30 03:00:00,55.6,34.6,3,5,9,1
2023-09-30 04:00:00,53.77,33.1,4,5,9,1
2023-09-30 05:00:00,54.23,32.2,5,5,9,1
2023-09-30 06:00:00,59.33,30.3,6,5,9,1
2023-09-30 07:00:00,62.8,31.1,7,5,9,1
2023-09-30 08:00:00,63.97,29.5,8,5,9,1
2023-09-30 09:00:00,72.52,29.0,9,5,9,1
2023-09-30 10:00:00,73.12,26.2,10,5,9,1
2023-09-30 11:00:00,71.39,27.3,11,5,9,1
2023-09-30 12:00:00,75.69,24.6,12,5,9,1
2023-09-30 13:00:00,75.29,27.0,13,5,9,1
2023-09-30 14:00:00,78.58,26.4,14,5,9,1
2023-09-30 15:00:00,80.99,25.9,15,5,9,1
2023-09-30 16:00:00,77.57,27.0,16,5,9,1
2023-09-30 17:00:00,85.46,26.4,17,5,9,1
2023-09-30 18:00:00,82.78,28.1,18,5,9,1
2023-09-30 19:00:00,84.36,29.6,19,5,9,1
2023-09-30 20:00:00,91.56,27.5,20,5,9,1
2023-09-30 21:00:00,90.92,30.7,21,5,9,1
2023-09-30 22:00:00,83.47,32.0,22,5,9,1
2023-09-30 23:00:00,75.44,32.7,23,5,9,1
2023-10-01 00:00:00,50.2,33.6,0,6,10,1
2023-10-01 01:00:00,50.54,32.0,1,6,10,1
2023-10-01 02:00:00,51.95,32.5,2,6,10,1
2023-10-01 03:00:00,49.46,31.3,3,6,10,1
2023-10-01 04:00:00,56.17,33.7,4,6,10,1
2023-10-01 05:00:00,54.4,31.6,5,6,10,1
2023-10-01 06:00:00,55.5,30.6,6,6,10,1
2023-10-01 07:00:00,61.71,30.0,7,6,10,1
2023-10-01 08:00:00,65.71,29.5,8,6,10,1
2023-10-01 09:00:00,72.74,28.2,9,6,10,1
2023-10-01 10:00:00,69.99,29.1,10,6,10,1
2023-10-01 11:00:00,79.06,26.5,11,6,10,1
2023-10-01 12:00:00,74.1,25.2,12,6,10,1
2023-10-01 13:00:00,77.46,24.7,13,6,10,1
2023-10-01 14:00:00,79.48,24.7,14,6,10,1
2023-10-01 15:00:00,76.88,23.9,15,6,10,1
2023-10-01 16:00:00,77.01,25.6,16,6,10,1
2023-10-01 17:00:00,81.97,26.8,17,6,10,1
2023-10-01 18:00:00,82.68,26.5,18,6,10,1
2023-10-01 19:00:00,86.17,27.3,19,6,10,1
2023-10-01 20:00:00,88.28,30.2,20,6,10,1
2023-10-01 21:00:00,86.61,28.9,21,6,10,1
2023-10-01 22:00:00,77.76,29.3,22,6,10,1
2023-10-01 23:00:00,71.85,30.9,23,6,10,1
2023-10-02 00:00:00,52.09,31.2,0,0,10,0
2023-10-02 01:00:00,56.06,33.2,1,0,10,0
2023-10-02 02:00:00,57.64,32.7,2,0,10,0
2023-10-02 03:00:00,58.04,32.7,3,0,10,0
2023-10-02 04:00:00,58.59,33.4,4,0,10,0
2023-10-02 05:00:00,58.18,31.3,5,0,10,0
2023-10-02 06:00:00,64.83,31.6,6,0,10,0
2023-10-02 07:00:00,70.86,31.2,7,0,10,0
2023-10-02 08:00:00,71.65,28.6,8,0,10,0
2023-10-02 09:00:00,77.62,28.6,9,0,10,0
2023-10-02 10:00:00,78.96,26.8,10,0,10,0
2023-10-02 11:00:00,80.59,26.9,11,0,10,0
2023-10-02 12:00:00,83.28,24.3,12,0,10,0
2023-10-02 13:00:00,85.7,23.8,13,0,10,0
2023-10-02 14:00:00,87.5,24.7,14,0,10,0
2023-10-02 15:00:00,85.63,24.4,15,0,10,0
2023-10-02 16:00:00,83.48,25.1,16,0,10,0
2023-10-02 17:00:00,93.24,26.0,17,0,10,0
2023-10-02 18:00:00,93.91,27.6,18,0,10,0
2023-10-02 19:00:00,95.3,27.6,19,0,10,0
2023-10-02 20:00:00,94.39,28.3,20,0,10,0
2023-10-02 21:00:00,97.88,29.8,21,0,10,0
2023-10-02 22:00:00,86.52,30.4,22,0,10,0
2023-10-02 23:00:00,79.59,31.1,23,0,10,0
2023-10-03 00:00:00,52.44,31.2,0,1,10,0
2023-10-03 01:00:00,55.43,32.9,1,1,10,0
2023-10-03 02:00:00,54.97,32.5,2,1,10,0
2023-10-03 03:00:00,59.92,33.6,3,1,10,0
2023-10-03 04:00:00,56.89,31.3,4,1,10,0
2023-10-03 05:00:00,58.42,31.4,5,1,10,0
2023-10-03 06:00:00,64.54,32.5,6,1,10,0
2023-10-03 07:00:00,65.2,29.3,7,1,10,0
2023-10-03 08:00:00,71.96,28.8,8,1,10,0
2023-10-03 09:00:00,77.9,27.0,9,1,10,0
2023-10-03 10:00:00,80.47,25.9,10,1,10,0
2023-10-03 11:00:00,81.04,27.4,11,1,10,0
2023-10-03 12:00:00,81.51,25.7,12,1,10,0
2023-10-03 13:00:00,82.3,25.2,13,1,10,0
2023-10-03 14:00:00,85.86,23.6,14,1,10,0
2023-10-03 15:00:00,84.47,25.4,15,1,10,0
2023-10-03 16:00:00,87.95,26.5,16,1,10,0
2023-10-03 17:00:00,92.32,27.1,17,1,10,0
2023-10-03 18:00:00,94.63,27.5,18,1,10,0
2023-10-03 19:00:00,94.74,27.1,19,1,10,0
2023-10-03 20:00:00,97.5,29.3,20,1,10,0
2023-10-03 21:00:00,97.55,30.6,21,1,10,0
2023-10-03 22:00:00,85.59,29.6,22,1,10,0
2023-10-03 23:00:00,78.67,30.9,23,1,10,0
2023-10-04 00:00:00,55.8,33.2,0,2,10,0
2023-10-04 01:00:00,54.87,33.6,1,2,10,0
2023-10-04 02:00:00,55.17,31.8,2,2,10,0
2023-10-04 03:00:00,60.63,33.5,3,2,10,0
2023-10-04 04:00:00,59.1,32.5,4,2,10,0
2023-10-04 05:00:00,61.27,32.5,5,2,10,0
2023-10-04 06:00:00,62.26,30.5,6,2,10,0
2023-10-04 07:00:00,68.28,30.6,7,2,10,0
2023-10-04 08:00:00,74.89,29.7,8,2,10,0
2023-10-04 09:00:00,79.39,27.7,9,2,10,0
2023-10-04 10:00:00,79.88,27.0,10,2,10,0
2023-10-04 11:00:00,79.63,25.7,11,2,10,0
2023-10-04 12:00:00,84.47,26.9,12,2,10,0
2023-10-04 13:00:00,88.8,25.0,13,2,10,0
2023-10-04 14:00:00,83.2,24.3,14,2,10,0
2023-10-04 15:00:00,88.08,24.6,15,2,10,0
2023-10-04 16:00:00,85.01,25.6,16,2,10,0
2023-10-04 17:00:00,91.47,26.8,17,2,10,0
2023-10-04 18:00:00,94.11,25.9,18,2,10,0
2023-10-04 19:00:00,93.48,29.4,19,2,10,0
2023-10-04 20:00:00,96.94,29.2,20,2,10,0
2023-10-04 21:00:00,95.97,30.4,21,2,10,0
2023-10-04 22:00:00,89.9,30.9,22,2,10,0
2023-10-04 23:00:00,82.99,31.8,23,2,10,0
2023-10-05 00:00:00,53.56,32.3,0,3,10,0
2023-10-05 01:00:00,56.73,33.7,1,3,10,0
2023-10-05 02:00:00,56.99,33.0,2,3,10,0
2023-10-05 03:00:00,59.76,33.5,3,3,10,0
2023-10-05 04:00:00,58.54,32.1,4,3,10,0
2023-10-05 05:00:00,60.02,32.0,5,3,10,0
2023-10-05 06:00:00,62.28,30.4,6,3,10,0
2023-10-05 07:00:00,69.91,31.0,7,3,10,0
2023-10-05 08:00:00,68.02,28.3,8,3,10,0
2023-10-05 09:00:00,79.46,27.7,9,3,10,0
2023-10-05 10:00:00,78.16,26.7,10,3,10,0
2023-10-05 11:00:00,81.08,25.9,11,3,10,0
2023-10-05 12:00:00,83.82,26.1,12,3,10,0
2023-10-05 13:00:00,82.25,24.9,13,3,10,0
2023-10-05 14:00:00,87.57,26.1,14,3,10,0
2023-10-05 15:00:00,85.58,24.5,15,3,10,0
2023-10-05 16:00:00,88.16,25.7,16,3,10,0
2023-10-05 17:00:00,90.47,25.6,17,3,10,0
2023-10-05 18:00:00,90.38,27.3,18,3,10,0
2023-10-05 19:00:00,95.14,28.0,19,3,10,0
2023-10-05 20:00:00,97.85,28.9,20,3,10,0
2023-10-05 21:00:00,100.94,31.0,21,3,10,0
2023-10-05 22:00:00,86.74,30.5,22,3,10,0
2023-10-05 23:00:00,77.95,32.3,23,3,10,0
2023-10-06 00:00:00,53.27,31.8,0,4,10,0
2023-10-06 01:00:00,56.57,33.0,1,4,10,0
2023-10-06 02:00:00,56.37,32.0,2,4,10,0
2023-10-06 03:00:00,58.91,32.3,3,4,10,0
2023-10-06 04:00:00,58.09,32.4,4,4,10,0
2023-10-06 05:00:00,58.65,33.3,5,4,10,0
2023-10-06 06:00:00,65.12,31.1,6,4,10,0
2023-10-06 07:00:00,70.08,31.4,7,4,10,0
2023-10-06 08:00:00,73.34,29.2,8,4,10,0
2023-10-06 09:00:00,79.61,27.7,9,4,10,0
2023-10-06 10:00:00,81.96,28.2,10,4,10,0
2023-10-06 11:00:00,81.56,26.5,11,4,10,0
2023-10-06 12:00:00,84.5,25.0,12,4,10,0
2023-10-06 13:00:00,85.63,25.5,13,4,10,0
2023-10-06 14:00:00,84.71,24.8,14,4,10,0
2023-10-06 15:00:00,85.4,23.5,15,4,10,0
2023-10-06 16:00:00,86.79,26.3,16,4,10,0
2023-10-06 17:00:00,90.81,27.0,17,4,10,0
2023-10-06 18:00:00,95.21,28.5,18,4,10,0
2023-10-06 19:00:00,95.48,28.3,19,4,10,0
2023-10-06 20:00:00,97.47,28.8,20,4,10,0
2023-10-06 21:00:00,102.01,30.7,21,4,10,0
2023-10-06 22:00:00,90.66,31.7,22,4,10,0
2023-10-06 23:00:00,81.39,33.1,23,4,10,0
2023-10-07 00:00:00,49.19,32.4,0,5,10,1
2023-10-07 01:00:00,50.44,32.7,1,5,10,1
2023-10-07 02:00:00,51.47,32.4,2,5,10,1
2023-10-07 03:00:00,54.57,33.3,3,5,10,1
2023-10-07 04:00:00,50.96,31.2,4,5,10,1
2023-10-07 05:00:00,53.25,32.4,5,5,10,1
2023-10-07 06:00:00,59.58,31.5,6,5,10,1
2023-10-07 07:00:00,61.33,30.5,7,5,10,1
2023-10-07 08:00:00,65.85,29.1,8,5,10,1
2023-10-07 09:00:00,69.96,29.2,9,5,10,1
2023-10-07 10:00:00,69.45,27.7,10,5,10,1
2023-10-07 11:00:00,73.75,25.7,11,5,10,1
2023-10-07 12:00:00,76.14,25.1,12,5,10,1
2023-10-07 13:00:00,76.16,24.4,13,5,10,1
2023-10-07 14:00:00,74.77,25.4,14,5,10,1
2023-10-07 15:00:00,77.38,24.3,15,5,10,1
2023-10-07 16:00:00,75.96,26.4,16,5,10,1
2023-10-07 17:00:00,78.24,27.2,17,5,10,1
2023-10-07 18:00:00,84.12,26.3,18,5,10,1
2023-10-07 19:00:00,86.62,27.8,19,5,10,1
2023-10-07 20:00:00,89.27,29.0,20,5,10,1
2023-10-07 21:00:00,92.87,30.7,21,5,10,1
2023-10-07 22:00:00,83.18,32.3,22,5,10,1
2023-10-07 23:00:00,71.89,30.5,23,5,10,1
2023-10-08 00:00:00,47.8,32.2,0,6,10,1
2023-10-08 01:00:00,52.16,32.7,1,6,10,1
2023-10-08 02:00:00,51.82,31.9,2,6,10,1
2023-10-08 03:00:00,51.84,32.5,3,6,10,1
2023-10-08 04:00:00,54.23,32.8,4,6,10,1
2023-10-08 05:00:00,53.63,31.6,5,6,10,1
2023-10-08 06:00:00,57.76,29.8,6,6,10,1
2023-10-08 07:00:00,64.02,32.3,7,6,10,1
2023-10-08 08:00:00,64.64,29.2,8,6,10,1
2023-10-08 09:00:00,69.88,28.1,9,6,10,1
2023-10-08 10:00:00,73.4,26.1,10,6,10,1
2023-10-08 11:00:00,70.44,26.4,11,6,10,1
2023-10-08 12:00:00,69.64,25.4,12,6,10,1
2023-10-08 13:00:00,77.71,23.6,13,6,10,1
2023-10-08 14:00:00,77.65,24.1,14,6,10,1
2023-10-08 15:00:00,77.23,25.8,15,6,10,1
2023-10-08 16:00:00,75.06,27.1,16,6,10,1
2023-10-08 17:00:00,79.84,26.5,17,6,10,1
2023-10-08 18:00:00,83.13,27.9,18,6,10,1
2023-10-08 19:00:00,86.33,27.8,19,6,10,1
2023-10-08 20:00:00,86.0,28.9,20,6,10,1
2023-10-08 21:00:00,91.51,30.9,21,6,10,1
2023-10-08 22:00:00,80.52,32.3,22,6,10,1
2023-10-08 23:00:00,72.65,32.9,23,6,10,1
2023-10-09 00:00:00,54.01,31.6,0,0,10,0
2023-10-09 01:00:00,55.45,32.8,1,0,10,0
2023-10-09 02:00:00,57.02,33.2,2,0,10,0
2023-10-09 03:00:00,57.13,32.7,3,0,10,0
2023-10-09 04:00:00,58.1,32.8,4,0,10,0
2023-10-09 05:00:00,60.02,32.5,5,0,10,0
2023-10-09 06:00:00,65.12,31.8,6,0,10,0
2023-10-09 07:00:00,70.12,31.4,7,0,10,0
2023-10-09 08:00:00,71.85,28.7,8,0,10,0
2023-10-09 09:00:00,78.16,26.9,9,0,10,0
2023-10-09 10:00:00,82.47,27.3,10,0,10,0
2023-10-09 11:00:00,79.38,27.7,11,0,10,0
2023-10-09 12:00:00,85.62,25.2,12,0,10,0
2023-10-09 13:00:00,84.9,25.7,13,0,10,0
2023-10-09 14:00:00,85.48,25.6,14,0,10,0
2023-10-09 15:00:00,87.34,25.3,15,0,10,0
2023-10-09 16:00:00,82.39,25.5,16,0,10,0
2023-10-09 17:00:00,94.49,25.4,17,0,10,0
2023-10-09 18:00:00,96.95,25.2,18,0,10,0
2023-10-09 19:00:00,97.18,27.1,19,0,10,0
2023-10-09 20:00:00,92.88,28.7,20,0,10,0
2023-10-09 21:00:00,100.99,30.9,21,0,10,0
2023-10-09 22:00:00,91.84,30.9,22,0,10,0
2023-10-09 23:00:00,81.5,31.4,23,0,10,0
2023-10-10 00:00:00,52.22,31.8,0,1,10,0
2023-10-10 01:00:00,57.53,33.4,1,1,10,0
2023-10-10 02:00:00,60.22,34.1,2,1,10,0
2023-10-10 03:00:00,59.02,33.7,3,1,10,0
2023-10-10 04:00:00,57.57,32.9,4,1,10,0
2023-10-10 05:00:00,58.24,30.6,5,1,10,0
2023-10-10 06:00:00,64.47,30.7,6,1,10,0
2023-10-10 07:00:00,69.89,31.6,7,1,10,0
2023-10-10 08:00:00,72.13,29.9,8,1,10,0
2023-10-10 09:00:00,79.93,26.7,9,1,10,0
2023-10-10 10:00:00,78.85,27.0,10,1,10,0
2023-10-10 11:00:00,82.22,26.5,11,1,10,0
2023-10-10 12:00:00,85.1,24.9,12,1,10,0
2023-10-10 13:00:00,82.05,23.3,13,1,10,0
2023-10-10 14:00:00,87.27,25.1,14,1,10,0
2023-10-10 15:00:00,85.44,24.5,15,1,10,0
2023-10-10 16:00:00,85.48,24.9,16,1,10,0
2023-10-10 17:00:00,92.96,25.9,17,1,10,0
2023-10-10 18:00:00,92.25,26.9,18,1,10,0
2023-10-10 19:00:00,93.06,28.0,19,1,10,0
2023-10-10 20:00:00,93.46,28.3,20,1,10,0
2023-10-10 21:00:00,100.66,29.9,21,1,10,0
2023-10-10 22:00:00,86.93,29.6,22,1,10,0
2023-10-10 23:00:00,80.92,32.1,23,1,10,0
2023-10-11 00:00:00,51.19,30.2,0,2,10,0
2023-10-11 01:00:00,54.44,32.6,1,2,10,0
2023-10-11 02:00:00,58.6,33.7,2,2,10,0
2023-10-11 03:00:00,57.29,32.0,3,2,10,0
2023-10-11 04:00:00,58.95,33.0,4,2,10,0
2023-10-11 05:00:00,60.32,32.8,5,2,10,0
2023-10-11 06:00:00,60.07,28.4,6,2,10,0
2023-10-11 07:00:00,69.39,29.9,7,2,10,0
2023-10-11 08:00:00,74.5,26.7,8,2,10,0
2023-10-11 09:00:00,79.6,27.9,9,2,10,0
2023-10-11 10:00:00,79.46,27.0,10,2,10,0
2023-10-11 11:00:00,81.69,24.2,11,2,10,0
2023-10-11 12:00:00,85.12,27.1,12,2,10,0
2023-10-11 13:00:00,86.81,25.4,13,2,10,0
2023-10-11 14:00:00,89.05,24.3,14,2,10,0
2023-10-11 15:00:00,84.5,26.3,15,2,10,0
2023-10-11 16:00:00,84.35,24.1,16,2,10,0
2023-10-11 17:00:00,92.29,25.2,17,2,10,0
2023-10-11 18:00:00,94.35,25.2,18,2,10,0
2023-10-11 19:00:00,95.42,29.4,19,2,10,0
2023-10-11 20:00:00,96.4,29.3,20,2,10,0
2023-10-11 21:00:00,101.56,30.6,21,2,10,0
2023-10-11 22:00:00,89.32,31.2,22,2,10,0
2023-10-11 23:00:00,78.55,32.3,23,2,10,0
2023-10-12 00:00:00,53.36,32.5,0,3,10,0
2023-10-12 01:00:00,56.42,33.1,1,3,10,0
2023-10-12 02:00:00,60.23,33.1,2,3,10,0
2023-10-12 03:00:00,56.44,32.4,3,3,10,0
2023-10-12 04:00:00,58.15,32.4,4,3,10,0
2023-10-12 05:00:00,61.59,32.0,5,3,10,0
2023-10-12 06:00:00,63.15,31.1,6,3,10,0
2023-10-12 07:00:00,67.53,28.9,7,3,10,0
2023-10-12 08:00:00,75.31,27.9,8,3,10,0
2023-10-12 09:00:00,77.03,28.8,9,3,10,0
2023-10-12 10:00:00,79.55,26.8,10,3,10,0
2023-10-12 11:00:00,80.84,26.6,11,3,10,0
2023-10-12 12:00:00,80.24,24.7,12,3,10,0
2023-10-12 13:00:00,87.28,24.0,13,3,10,0
2023-10-12 14:00:00,84.82,24.3,14,3,10,0
2023-10-12 15:00:00,84.34,25.0,15,3,10,0
2023-10-12 16:00:00,85.05,25.0,16,3,10,0
2023-10-12 17:00:00,93.69,27.2,17,3,10,0
2023-10-12 18:00:00,93.83,27.1,18,3,10,0
2023-10-12 19:00:00,94.23,29.4,19,3,10,0
2023-10-12 20:00:00,97.88,29.3,20,3,10,0
2023-10-12 21:00:00,98.8,28.1,21,3,10,0
2023-10-12 22:00:00,90.15,31.8,22,3,10,0
2023-10-12 23:00:00,77.94,30.6,23,3,10,0
2023-10-13 00:00:00,55.51,32.6,0,4,10,0
2023-10-13 01:00:00,54.92,32.2,1,4,10,0
2023-10-13 02:00:00,60.75,34.7,2,4,10,0
2023-10-13 03:00:00,58.58,34.0,3,4,10,0
2023-10-13 04:00:00,57.07,31.9,4,4,10,0
2023-10-13 05:00:00,57.73,31.7,5,4,10,0
2023-10-13 06:00:00,63.56,31.2,6,4,10,0
2023-10-13 07:00:00,68.99,30.7,7,4,10,0
2023-10-13 08:00:00,70.86,29.0,8,4,10,0
2023-10-13 09:00:00,78.6,27.1,9,4,10,0
2023-10-13 10:00:00,80.89,26.4,10,4,10,0
2023-10-13 11:00:00,79.31,26.2,11,4,10,0
2023-10-13 12:00:00,81.82,26.5,12,4,10,0
2023-10-13 13:00:00,85.65,25.5,13,4,10,0
2023-10-13 14:00:00,83.99,24.4,14,4,10,0
2023-10-13 15:00:00,85.26,25.7,15,4,10,0
2023-10-13 16:00:00,87.56,25.2,16,4,10,0
2023-10-13 17:00:00,95.22,26.9,17,4,10,0
2023-10-13 18:00:00,94.41,29.0,18,4,10,0
2023-10-13 19:00:00,94.89,27.7,19,4,10,0
2023-10-13 20:00:00,96.56,29.6,20,4,10,0
2023-10-13 21:00:00,99.46,29.4,21,4,10,0
2023-10-13 22:00:00,90.99,30.9,22,4,10,0
2023-10-13 23:00:00,78.16,31.9,23,4,10,0
2023-10-14 00:00:00,50.03,32.3,0,5,10,1
2023-10-14 01:00:00,52.5,34.8,1,5,10,1
2023-10-14 02:00:00,50.77,32.8,2,5,10,1
2023-10-14 03:00:00,53.02,33.3,3,5,10,1
2023-10-14 04:00:00,52.27,30.9,4,5,10,1
2023-10-14 05:00:00,54.07,32.2,5,5,10,1
2023-10-14 06:00:00,58.89,31.9,6,5,10,1
2023-10-14 07:00:00,61.43,29.6,7,5,10,1
2023-10-14 08:00:00,66.08,27.0,8,5,10,1
2023-10-14 09:00:00,70.44,27.9,9,5,10,1
2023-10-14 10:00:00,72.99,27.0,10,5,10,1
2023-10-14 11:00:00,72.41,26.8,11,5,10,1
2023-10-14 12:00:00,75.41,27.1,12,5,10,1
2023-10-14 13:00:00,77.65,24.8,13,5,10,1
2023-10-14 14:00:00,78.35,24.3,14,5,10,1
2023-10-14 15:00:00,78.43,24.2,15,5,10,1
2023-10-14 16:00:00,77.96,25.7,16,5,10,1
2023-10-14 17:00:00,84.92,26.6,17,5,10,1
2023-10-14 18:00:00,80.2,26.6,18,5,10,1
2023-10-14 19:00:00,87.23,28.6,19,5,10,1
2023-10-14 20:00:00,91.22,29.4,20,5,10,1
2023-10-14 21:00:00,87.72,30.1,21,5,10,1
2023-10-14 22:00:00,78.49,30.3,22,5,10,1
2023-10-14 23:00:00,73.49,31.4,23,5,10,1
2023-10-15 00:00:00,46.1,30.5,0,6,10,1
2023-10-15 01:00:00,50.4,33.1,1,6,10,1
2023-10-15 02:00:00,52.04,33.0,2,6,10,1
2023-10-15 03:00:00,52.0,33.0,3,6,10,1
2023-10-15 04:00:00,54.55,32.9,4,6,10,1
2023-10-15 05:00:00,52.78,32.1,5,6,10,1
2023-10-15 06:00:00,57.78,30.9,6,6,10,1
2023-10-15 07:00:00,61.94,30.1,7,6,10,1
2023-10-15 08:00:00,67.75,27.9,8,6,10,1
2023-10-15 09:00:00,72.36,27.5,9,6,10,1
2023-10-15 10:00:00,71.21,27.0,10,6,10,1
2023-10-15 11:00:00,71.46,25.6,11,6,10,1
2023-10-15 12:00:00,75.7,26.2,12,6,10,1
2023-10-15 13:00:00,75.2,24.6,13,6,10,1
2023-10-15 14:00:00,76.65,25.2,14,6,10,1
2023-10-15 15:00:00,75.46,25.2,15,6,10,1
2023-10-15 16:00:00,78.32,26.1,16,6,10,1
2023-10-15 17:00:00,81.71,26.9,17,6,10,1
2023-10-15 18:00:00,84.2,27.6,18,6,10,1
2023-10-15 19:00:00,85.64,26.3,19,6,10,1
2023-10-15 20:00:00,88.63,30.0,20,6,10,1
2023-10-15 21:00:00,91.55,31.3,21,6,10,1
2023-10-15 22:00:00,79.66,30.6,22,6,10,1
2023-10-15 23:00:00,71.25,32.0,23,6,10,1
2023-10-16 00:00:00,51.79,31.8,0,0,10,0
2023-10-16 01:00:00,54.12,31.3,1,0,10,0
2023-10-16 02:00:00,56.23,32.4,2,0,10,0
2023-10-16 03:00:00,56.71,32.4,3,0,10,0
2023-10-16 04:00:00,58.3,32.2,4,0,10,0
2023-10-16 05:00:00,58.87,31.1,5,0,10,0
2023-10-16 06:00:00,64.18,30.4,6,0,10,0
2023-10-16 07:00:00,66.19,30.0,7,0,10,0
2023-10-16 08:00:00,72.2,28.4,8,0,10,0
2023-10-16 09:00:00,79.9,28.4,9,0,10,0
2023-10-16 10:00:00,82.47,27.5,10,0,10,0
2023-10-16 11:00:00,80.32,28.1,11,0,10,0
2023-10-16 12:00:00,84.82,26.4,12,0,10,0
2023-10-16 13:00:00,82.55,25.3,13,0,10,0
2023-10-16 14:00:00,87.66,24.5,14,0,10,0
2023-10-16 15:00:00,85.32,25.4,15,0,10,0
2023-10-16 16:00:00,88.34,25.8,16,0,10,0
2023-10-16 17:00:00,91.24,25.8,17,0,10,0
2023-10-16 18:00:00,93.07,27.6,18,0,10,0
2023-10-16 19:00:00,94.95,26.8,19,0,10,0
2023-10-16 20:00:00,93.92,28.8,20,0,10,0
2023-10-16 21:00:00,95.81,30.5,21,0,10,0
2023-10-16 22:00:00,89.83,30.8,22,0,10,0
2023-10-16 23:00:00,81.05,31.7,23,0,10,0
2023-10-17 00:00:00,54.88,32.4,0,1,10,0
2023-10-17 01:00:00,53.87,32.2,1,1,10,0
2023-10-17 02:00:00,58.67,33.9,2,1,10,0
2023-10-17 03:00:00,55.94,32.0,3,1,10,0
2023-10-17 04:00:00,59.26,32.7,4,1,10,0
2023-10-17 05:00:00,60.48,32.2,5,1,10,0
2023-10-17 06:00:00,63.07,30.2,6,1,10,0
2023-10-17 07:00:00,70.15,30.1,7,1,10,0
2023-10-17 08:00:00,72.5,28.3,8,1,10,0
2023-10-17 09:00:00,78.25,29.1,9,1,10,0
2023-10-17 10:00:00,80.13,26.1,10,1,10,0
2023-10-17 11:00:00,79.5,25.6,11,1,10,0
2023-10-17 12:00:00,82.01,24.6,12,1,10,0
2023-10-17 13:00:00,84.22,24.1,13,1,10,0
2023-10-17 14:00:00,85.31,26.3,14,1,10,0
2023-10-17 15:00:00,86.22,25.6,15,1,10,0
2023-10-17 16:00:00,83.35,25.6,16,1,10,0
2023-10-17 17:00:00,90.04,25.6,17,1,10,0
2023-10-17 18:00:00,95.65,27.7,18,1,10,0
2023-10-17 19:00:00,91.54,27.3,19,1,10,0
2023-10-17 20:00:00,98.62,29.6,20,1,10,0
2023-10-17 21:00:00,96.95,29.3,21,1,10,0
2023-10-17 22:00:00,88.89,30.5,22,1,10,0
2023-10-17 23:00:00,82.72,32.4,23,1,10,0
2023-10-18 00:00:00,55.13,33.2,0,2,10,0
2023-10-18 01:00:00,57.03,33.3,1,2,10,0
2023-10-18 02:00:00,56.2,32.2,2,2,10,0
2023-10-18 03:00:00,57.44,32.5,3,2,10,0
2023-10-18 04:00:00,58.47,32.6,4,2,10,0
2023-10-18 05:00:00,58.71,31.1,5,2,10,0
2023-10-18 06:00:00,64.06,32.1,6,2,10,0
2023-10-18 07:00:00,65.5,28.1,7,2,10,0
2023-10-18 08:00:00,72.81,28.4,8,2,10,0
2023-10-18 09:00:00,78.75,27.6,9,2,10,0
2023-10-18 10:00:00,77.24,24.7,10,2,10,0
2023-10-18 11:00:00,81.58,25.1,11,2,10,0
2023-10-18 12:00:00,80.7,26.0,12,2,10,0
2023-10-18 13:00:00,85.75,25.2,13,2,10,0
2023-10-18 14:00:00,82.82,26.3,14,2,10,0
2023-10-18 15:00:00,88.94,26.4,15,2,10,0
2023-10-18 16:00:00,85.23,25.9,16,2,10,0
2023-10-18 17:00:00,90.53,26.4,17,2,10,0
2023-10-18 18:00:00,93.12,27.1,18,2,10,0
2023-10-18 19:00:00,96.21,25.8,19,2,10,0
2023-10-18 20:00:00,98.41,27.9,20,2,10,0
2023-10-18 21:00:00,98.1,30.1,21,2,10,0
2023-10-18 22:00:00,87.44,31.5,22,2,10,0
2023-10-18 23:00:00,78.32,32.1,23,2,10,0
2023-10-19 00:00:00,53.85,31.8,0,3,10,0
2023-10-19 01:00:00,57.75,33.6,1,3,10,0
2023-10-19 02:00:00,59.66,34.2,2,3,10,0
2023-10-19 03:00:00,59.04,33.6,3,3,10,0
2023-10-19 04:00:00,60.56,33.3,4,3,10,0
2023-10-19 05:00:00,60.35,31.4,5,3,10,0
2023-10-19 06:00:00,66.07,31.9,6,3,10,0
2023-10-19 07:00:00,69.57,30.2,7,3,10,0
2023-10-19 08:00:00,72.06,29.4,8,3,10,0
2023-10-19 09:00:00,79.9,28.3,9,3,10,0
2023-10-19 10:00:00,80.73,26.9,10,3,10,0
2023-10-19 11:00:00,82.61,25.5,11,3,10,0
2023-10-19 12:00:00,84.63,25.5,12,3,10,0
2023-10-19 13:00:00,85.31,25.9,13,3,10,0
2023-10-19 14:00:00,85.61,24.6,14,3,10,0
2023-10-19 15:00:00,84.03,25.9,15,3,10,0
2023-10-19 16:00:00,85.29,26.1,16,3,10,0
2023-10-19 17:00:00,92.43,25.9,17,3,10,0
2023-10-19 18:00:00,94.12,28.1,18,3,10,0
2023-10-19 19:00:00,95.64,27.7,19,3,10,0
2023-10-19 20:00:00,99.98,30.2,20,3,10,0
2023-10-19 21:00:00,100.58,30.4,21,3,10,0
2023-10-19 22:00:00,89.12,31.0,22,3,10,0
2023-10-19 23:00:00,77.65,31.1,23,3,10,0
2023-10-20 00:00:00,54.66,32.4,0,4,10,0
2023-10-20 01:00:00,57.9,32.7,1,4,10,0
2023-10-20 02:00:00,56.23,32.0,2,4,10,0
2023-10-20 03:00:00,57.49,32.7,3,4,10,0
2023-10-20 04:00:00,58.31,31.8,4,4,10,0
2023-10-20 05:00:00,60.03,32.3,5,4,10,0
2023-10-20 06:00:00,65.48,32.0,6,4,10,0
2023-10-20 07:00:00,68.83,29.1,7,4,10,0
2023-10-20 08:00:00,74.92,30.4,8,4,10,0
2023-10-20 09:00:00,80.45,27.9,9,4,10,0
2023-10-20 10:00:00,80.38,26.2,10,4,10,0
2023-10-20 11:00:00,83.96,26.8,11,4,10,0
2023-10-20 12:00:00,84.55,25.2,12,4,10,0
2023-10-20 13:00:00,86.23,25.1,13,4,10,0
2023-10-20 14:00:00,87.07,24.7,14,4,10,0
2023-10-20 15:00:00,89.55,24.5,15,4,10,0
2023-10-20 16:00:00,87.55,26.1,16,4,10,0
2023-10-20 17:00:00,90.56,25.9,17,4,10,0
2023-10-20 18:00:00,94.07,25.9,18,4,10,0
2023-10-20 19:00:00,94.71,28.4,19,4,10,0
2023-10-20 20:00:00,100.58,28.0,20,4,10,0
2023-10-20 21:00:00,99.73,29.1,21,4,10,0
2023-10-20 22:00:00,93.8,32.0,22,4,10,0
2023-10-20 23:00:00,77.54,30.9,23,4,10,0
2023-10-21 00:00:00,48.17,30.6,0,5,10,1
2023-10-21 01:00:00,50.08,33.4,1,5,10,1
2023-10-21 02:00:00,50.04,32.8,2,5,10,1
2023-10-21 03:00:00,52.05,32.7,3,5,10,1
2023-10-21 04:00:00,54.37,32.2,4,5,10,1
2023-10-21 05:00:00,52.45,32.0,5,5,10,1
2023-10-21 06:00:00,56.74,30.4,6,5,10,1
2023-10-21 07:00:00,64.42,31.2,7,5,10,1
2023-10-21 08:00:00,66.61,27.8,8,5,10,1
2023-10-21 09:00:00,73.94,28.3,9,5,10,1
2023-10-21 10:00:00,72.03,27.5,10,5,10,1
2023-10-21 11:00:00,72.75,25.6,11,5,10,1
2023-10-21 12:00:00,72.65,24.7,12,5,10,1
2023-10-21 13:00:00,75.66,26.0,13,5,10,1
2023-10-21 14:00:00,75.39,24.2,14,5,10,1
2023-10-21 15:00:00,74.26,24.7,15,5,10,1
2023-10-21 16:00:00,80.42,26.2,16,5,10,1
2023-10-21 17:00:00,82.94,26.2,17,5,10,1
2023-10-21 18:00:00,88.9,25.6,18,5,10,1
2023-10-21 19:00:00,84.63,29.4,19,5,10,1
2023-10-21 20:00:00,86.29,28.6,20,5,10,1
2023-10-21 21:00:00,86.96,29.7,21,5,10,1
2023-10-21 22:00:00,79.72,31.2,22,5,10,1
2023-10-21 23:00:00,73.96,32.3,23,5,10,1
2023-10-22 00:00:00,51.74,34.0,0,6,10,1
2023-10-22 01:00:00,49.99,31.5,1,6,10,1
2023-10-22 02:00:00,54.06,33.7,2,6,10,1
2023-10-22 03:00:00,54.55,33.5,3,6,10,1
2023-10-22 04:00:00,51.99,32.4,4,6,10,1
2023-10-22 05:00:00,53.54,32.5,5,6,10,1
2023-10-22 06:00:00,58.46,31.7,6,6,10,1
2023-10-22 07:00:00,65.03,28.9,7,6,10,1
2023-10-22 08:00:00,68.19,30.4,8,6,10,1
2023-10-22 09:00:00,70.77,26.7,9,6,10,1
2023-10-22 10:00:00,73.05,26.1,10,6,10,1
2023-10-22 11:00:00,72.5,26.0,11,6,10,1
2023-10-22 12:00:00,74.79,27.1,12,6,10,1
2023-10-22 13:00:00,77.81,24.9,13,6,10,1
2023-10-22 14:00:00,77.15,25.0,14,6,10,1
2023-10-22 15:00:00,75.96,26.3,15,6,10,1
2023-10-22 16:00:00,77.07,25.3,16,6,10,1
2023-10-22 17:00:00,82.29,25.2,17,6,10,1
2023-10-22 18:00:00,81.83,26.7,18,6,10,1
2023-10-22 19:00:00,84.76,29.1,19,6,10,1
2023-10-22 20:00:00,84.63,29.1,20,6,10,1
2023-10-22 21:00:00,88.38,31.6,21,6,10,1
2023-10-22 22:00:00,79.37,31.6,22,6,10,1
2023-10-22 23:00:00,72.88,31.3,23,6,10,1
2023-10-23 00:00:00,55.84,32.5,0,0,10,0
2023-10-23 01:00:00,53.59,32.2,1,0,10,0
2023-10-23 02:00:00,58.09,32.5,2,0,10,0
2023-10-23 03:00:00,61.08,36.4,3,0,10,0
2023-10-23 04:00:00,60.33,33.3,4,0,10,0
2023-10-23 05:00:00,59.92,32.5,5,0,10,0
2023-10-23 06:00:00,63.74,30.5,6,0,10,0
2023-10-23 07:00:00,68.22,31.3,7,0,10,0
2023-10-23 08:00:00,71.26,29.9,8,0,10,0
2023-10-23 09:00:00,77.85,29.5,9,0,10,0
2023-10-23 10:00:00,80.68,28.5,10,0,10,0
2023-10-23 11:00:00,84.65,25.0,11,0,10,0
2023-10-23 12:00:00,81.01,24.6,12,0,10,0
2023-10-23 13:00:00,84.57,24.3,13,0,10,0
2023-10-23 14:00:00,84.55,24.2,14,0,10,0
2023-10-23 15:00:00,85.75,25.4,15,0,10,0
2023-10-23 16:00:00,82.61,25.1,16,0,10,0
2023-10-23 17:00:00,94.69,27.8,17,0,10,0
2023-10-23 18:00:00,93.67,28.5,18,0,10,0
2023-10-23 19:00:00,96.86,28.0,19,0,10,0
2023-10-23 20:00:00,98.25,30.6,20,0,10,0
2023-10-23 21:00:00,100.28,31.2,21,0,10,0
2023-10-23 22:00:00,90.62,30.6,22,0,10,0
2023-10-23 23:00:00,78.0,30.2,23,0,10,0
2023-10-24 00:00:00,54.33,32.3,0,1,10,0
2023-10-24 01:00:00,54.44,32.3,1,1,10,0
2023-10-24 02:00:00,56.81,33.2,2,1,10,0
2023-10-24 03:00:00,57.0,32.9,3,1,10,0
2023-10-24 04:00:00,57.83,32.5,4,1,10,0
2023-10-24 05:00:00,60.61,32.2,5,1,10,0
2023-10-24 06:00:00,64.51,30.0,6,1,10,0
2023-10-24 07:00:00,67.03,30.4,7,1,10,0
2023-10-24 08:00:00,73.25,28.6,8,1,10,0
2023-10-24 09:00:00,77.98,28.1,9,1,10,0
2023-10-24 10:00:00,82.16,27.8,10,1,10,0
2023-10-24 11:00:00,81.81,25.2,11,1,10,0
2023-10-24 12:00:00,82.63,25.3,12,1,10,0
2023-10-24 13:00:00,83.53,25.0,13,1,10,0
2023-10-24 14:00:00,83.27,24.6,14,1,10,0
2023-10-24 15:00:00,87.03,25.9,15,1,10,0
2023-10-24 16:00:00,86.36,25.0,16,1,10,0
2023-10-24 17:00:00,92.72,25.7,17,1,10,0
2023-10-24 18:00:00,92.55,26.4,18,1,10,0
2023-10-24 19:00:00,94.93,28.8,19,1,10,0
2023-10-24 20:00:00,98.23,28.6,20,1,10,0
2023-10-24 21:00:00,100.79,30.4,21,1,10,0
2023-10-24 22:00:00,89.19,32.6,22,1,10,0
2023-10-24 23:00:00,78.8,31.8,23,1,10,0
2023-10-25 00:00:00,54.16,33.4,0,2,10,0
2023-10-25 01:00:00,57.7,34.2,1,2,10,0
2023-10-25 02:00:00,58.95,33.8,2,2,10,0
2023-10-25 03:00:00,57.75,32.9,3,2,10,0
2023-10-25 04:00:00,58.51,33.0,4,2,10,0
2023-10-25 05:00:00,57.25,30.8,5,2,10,0
2023-10-25 06:00:00,65.58,30.4,6,2,10,0
2023-10-25 07:00:00,69.2,29.6,7,2,10,0
2023-10-25 08:00:00,75.88,30.8,8,2,10,0
2023-10-25 09:00:00,78.94,27.3,9,2,10,0
2023-10-25 10:00:00,80.01,26.3,10,2,10,0
2023-10-25 11:00:00,80.18,25.3,11,2,10,0
2023-10-25 12:00:00,80.96,26.0,12,2,10,0
2023-10-25 13:00:00,83.81,25.3,13,2,10,0
2023-10-25 14:00:00,84.22,25.9,14,2,10,0
2023-10-25 15:00:00,84.78,25.7,15,2,10,0
2023-10-25 16:00:00,85.61,24.4,16,2,10,0
2023-10-25 17:00:00,92.01,25.5,17,2,10,0
2023-10-25 18:00:00,92.52,28.1,18,2,10,0
2023-10-25 19:00:00,96.1,27.8,19,2,10,0
2023-10-25 20:00:00,97.61,30.0,20,2,10,0
2023-10-25 21:00:00,98.77,29.9,21,2,10,0
2023-10-25 22:00:00,87.03,30.2,22,2,10,0
2023-10-25 23:00:00,80.5,31.6,23,2,10,0
2023-10-26 00:00:00,52.94,31.7,0,3,10,0
2023-10-26 01:00:00,56.92,32.4,1,3,10,0
2023-10-26 02:00:00,57.12,33.2,2,3,10,0
2023-10-26 03:00:00,58.41,33.3,3,3,10,0
2023-10-26 04:00:00,57.65,31.2,4,3,10,0
2023-10-26 05:00:00,59.66,31.8,5,3,10,0
2023-10-26 06:00:00,64.07,30.5,6,3,10,0
2023-10-26 07:00:00,69.82,29.5,7,3,10,0
2023-10-26 08:00:00,73.74,29.1,8,3,10,0
2023-10-26 09:00:00,78.36,27.5,9,3,10,0
2023-10-26 10:00:00,79.22,28.1,10,3,10,0
2023-10-26 11:00:00,81.39,27.1,11,3,10,0
2023-10-26 12:00:00,84.99,26.5,12,3,10,0
2023-10-26 13:00:00,82.49,24.7,13,3,10,0
2023-10-26 14:00:00,84.44,24.2,14,3,10,0
2023-10-26 15:00:00,85.42,25.2,15,3,10,0
2023-10-26 16:00:00,84.42,25.4,16,3,10,0
2023-10-26 17:00:00,91.34,25.7,17,3,10,0
2023-10-26 18:00:00,96.86,26.1,18,3,10,0
2023-10-26 19:00:00,94.65,27.9,19,3,10,0
2023-10-26 20:00:00,97.53,28.7,20,3,10,0
2023-10-26 21:00:00,96.12,30.6,21,3,10,0
2023-10-26 22:00:00,88.0,31.5,22,3,10,0
2023-10-26 23:00:00,82.17,32.7,23,3,10,0
2023-10-27 00:00:00,54.81,31.5,0,4,10,0
2023-10-27 01:00:00,56.52,33.2,1,4,10,0
2023-10-27 02:00:00,56.08,32.4,2,4,10,0
2023-10-27 03:00:00,57.34,31.9,3,4,10,0
2023-10-27 04:00:00,55.42,32.1,4,4,10,0
2023-10-27 05:00:00,60.13,32.7,5,4,10,0
2023-10-27 06:00:00,62.01,30.7,6,4,10,0
2023-10-27 07:00:00,70.73,31.3,7,4,10,0
2023-10-27 08:00:00,70.14,29.4,8,4,10,0
2023-10-27 09:00:00,77.51,27.6,9,4,10,0
2023-10-27 10:00:00,79.96,27.9,10,4,10,0
2023-10-27 11:00:00,80.41,26.5,11,4,10,0
2023-10-27 12:00:00,82.05,24.8,12,4,10,0
2023-10-27 13:00:00,86.2,26.6,13,4,10,0
2023-10-27 14:00:00,85.74,25.2,14,4,10,0
2023-10-27 15:00:00,84.25,25.2,15,4,10,0
2023-10-27 16:00:00,87.32,24.9,16,4,10,0
2023-10-27 17:00:00,92.5,27.1,17,4,10,0
2023-10-27 18:00:00,94.15,27.4,18,4,10,0
2023-10-27 19:00:00,93.57,28.5,19,4,10,0
2023-10-27 20:00:00,92.05,28.6,20,4,10,0
2023-10-27 21:00:00,97.64,30.7,21,4,10,0
2023-10-27 22:00:00,88.39,31.7,22,4,10,0
2023-10-27 23:00:00,78.23,31.3,23,4,10,0
2023-10-28 00:00:00,47.14,31.3,0,5,10,1
2023-10-28 01:00:00,51.4,33.3,1,5,10,1
2023-10-28 02:00:00,51.2,31.7,2,5,10,1
2023-10-28 03:00:00,53.91,33.0,3,5,10,1
2023-10-28 04:00:00,53.55,32.1,4,5,10,1
2023-10-28 05:00:00,53.51,32.8,5,5,10,1
2023-10-28 06:00:00,57.19,30.7,6,5,10,1
2023-10-28 07:00:00,64.54,30.9,7,5,10,1
2023-10-28 08:00:00,63.23,28.6,8,5,10,1
2023-10-28 09:00:00,72.63,28.8,9,5,10,1
2023-10-28 10:00:00,70.5,28.6,10,5,10,1
2023-10-28 11:00:00,73.89,25.3,11,5,10,1
2023-10-28 12:00:00,75.03,25.8,12,5,10,1
2023-10-28 13:00:00,76.57,27.3,13,5,10,1
2023-10-28 14:00:00,80.86,25.1,14,5,10,1
2023-10-28 15:00:00,76.71,25.2,15,5,10,1
2023-10-28 16:00:00,74.51,26.2,16,5,10,1
2023-10-28 17:00:00,83.48,26.2,17,5,10,1
2023-10-28 18:00:00,83.96,25.6,18,5,10,1
2023-10-28 19:00:00,86.69,28.9,19,5,10,1
2023-10-28 20:00:00,88.72,27.4,20,5,10,1
2023-10-28 21:00:00,88.34,29.7,21,5,10,1
2023-10-28 22:00:00,82.47,32.0,22,5,10,1
2023-10-28 23:00:00,71.94,31.5,23,5,10,1
2023-10-29 00:00:00,50.39,31.9,0,6,10,1
2023-10-29 01:00:00,51.29,33.6,1,6,10,1
2023-10-29 02:00:00,50.35,32.3,2,6,10,1
2023-10-29 03:00:00,52.39,31.9,3,6,10,1
2023-10-29 04:00:00,52.43,32.7,4,6,10,1
2023-10-29 05:00:00,53.55,31.7,5,6,10,1
2023-10-29 06:00:00,56.08,30.0,6,6,10,1
2023-10-29 07:00:00,61.93,30.5,7,6,10,1
2023-10-29 08:00:00,69.3,29.4,8,6,10,1
2023-10-29 09:00:00,72.46,27.7,9,6,10,1
2023-10-29 10:00:00,73.59,26.8,10,6,10,1
2023-10-29 11:00:00,74.26,26.5,11,6,10,1
2023-10-29 12:00:00,73.29,26.5,12,6,10,1
2023-10-29 13:00:00,76.68,24.9,13,6,10,1
2023-10-29 14:00:00,78.16,25.5,14,6,10,1
2023-10-29 15:00:00,77.53,25.6,15,6,10,1
2023-10-29 16:00:00,77.36,26.2,16,6,10,1
2023-10-29 17:00:00,82.15,26.2,17,6,10,1
2023-10-29 18:00:00,84.75,26.3,18,6,10,1
2023-10-29 19:00:00,84.72,27.6,19,6,10,1
2023-10-29 20:00:00,88.75,29.3,20,6,10,1
2023-10-29 21:00:00,86.81,31.5,21,6,10,1
2023-10-29 22:00:00,82.32,30.6,22,6,10,1
2023-10-29 23:00:00,71.01,32.5,23,6,10,1
2023-10-30 00:00:00,53.03,32.2,0,0,10,0
2023-10-30 01:00:00,56.46,33.0,1,0,10,0
2023-10-30 02:00:00,59.08,34.2,2,0,10,0
2023-10-30 03:00:00,60.87,33.5,3,0,10,0
2023-10-30 04:00:00,57.71,31.5,4,0,10,0
2023-10-30 05:00:00,58.28,31.4,5,0,10,0
2023-10-30 06:00:00,65.02,32.0,6,0,10,0
2023-10-30 07:00:00,70.31,30.1,7,0,10,0
2023-10-30 08:00:00,76.07,28.1,8,0,10,0
2023-10-30 09:00:00,78.18,27.3,9,0,10,0
2023-10-30 10:00:00,80.86,27.6,10,0,10,0
2023-10-30 11:00:00,81.48,27.0,11,0,10,0
2023-10-30 12:00:00,82.49,25.6,12,0,10,0
2023-10-30 13:00:00,87.78,27.1,13,0,10,0
2023-10-30 14:00:00,84.26,25.7,14,0,10,0
2023-10-30 15:00:00,81.95,24.9,15,0,10,0
2023-10-30 16:00:00,86.3,24.9,16,0,10,0
2023-10-30 17:00:00,94.17,25.4,17,0,10,0
2023-10-30 18:00:00,94.02,27.3,18,0,10,0
2023-10-30 19:00:00,96.11,27.6,19,0,10,0
2023-10-30 20:00:00,99.72,30.3,20,0,10,0
2023-10-30 21:00:00,100.13,31.2,21,0,10,0
2023-10-30 22:00:00,90.75,31.5,22,0,10,0
2023-10-30 23:00:00,79.43,30.9,23,0,10,0
2023-10-31 00:00:00,51.81,31.9,0,1,10,0
2023-10-31 01:00:00,57.25,33.9,1,1,10,0
2023-10-31 02:00:00,54.93,32.5,2,1,10,0
2023-10-31 03:00:00,59.07,33.8,3,1,10,0
2023-10-31 04:00:00,58.44,32.8,4,1,10,0
2023-10-31 05:00:00,60.02,31.9,5,1,10,0
2023-10-31 06:00:00,63.16,30.4,6,1,10,0
2023-10-31 07:00:00,68.76,30.0,7,1,10,0
2023-10-31 08:00:00,72.68,29.2,8,1,10,0
2023-10-31 09:00:00,80.04,28.8,9,1,10,0
2023-10-31 10:00:00,77.58,26.3,10,1,10,0
2023-10-31 11:00:00,80.2,26.0,11,1,10,0
2023-10-31 12:00:00,84.67,25.6,12,1,10,0
2023-10-31 13:00:00,84.03,25.7,13,1,10,0
2023-10-31 14:00:00,82.26,24.3,14,1,10,0
2023-10-31 15:00:00,88.16,24.1,15,1,10,0
2023-10-31 16:00:00,87.55,26.1,16,1,10,0
2023-10-31 17:00:00,93.31,25.0,17,1,10,0
2023-10-31 18:00:00,93.79,28.0,18,1,10,0
2023-10-31 19:00:00,98.22,27.8,19,1,10,0
2023-10-31 20:00:00,99.09,27.8,20,1,10,0
2023-10-31 21:00:00,101.01,29.7,21,1,10,0
2023-10-31 22:00:00,90.74,31.3,22,1,10,0
2023-10-31 23:00:00,79.42,31.4,23,1,10,0
2023-11-01 00:00:00,52.4,31.5,0,2,11,0
2023-11-01 01:00:00,53.78,32.5,1,2,11,0
2023-11-01 02:00:00,55.72,31.8,2,2,11,0
2023-11-01 03:00:00,56.01,31.1,3,2,11,0
2023-11-01 04:00:00,56.21,31.2,4,2,11,0
2023-11-01 05:00:00,59.22,32.0,5,2,11,0
2023-11-01 06:00:00,63.05,31.3,6,2,11,0
2023-11-01 07:00:00,67.49,27.4,7,2,11,0
2023-11-01 08:00:00,70.86,28.9,8,2,11,0
2023-11-01 09:00:00,76.2,27.2,9,2,11,0
2023-11-01 10:00:00,78.98,26.7,10,2,11,0
2023-11-01 11:00:00,82.19,24.7,11,2,11,0
2023-11-01 12:00:00,80.11,23.1,12,2,11,0
2023-11-01 13:00:00,85.71,24.6,13,2,11,0
2023-11-01 14:00:00,82.35,23.2,14,2,11,0
2023-11-01 15:00:00,84.64,23.0,15,2,11,0
2023-11-01 16:00:00,82.73,23.5,16,2,11,0
2023-11-01 17:00:00,86.68,25.7,17,2,11,0
2023-11-01 18:00:00,93.48,26.1,18,2,11,0
2023-11-01 19:00:00,94.06,27.6,19,2,11,0
2023-11-01 20:00:00,93.35,28.5,20,2,11,0
2023-11-01 21:00:00,95.5,28.7,21,2,11,0
2023-11-01 22:00:00,87.9,29.9,22,2,11,0
2023-11-01 23:00:00,76.86,30.4,23,2,11,0
2023-11-02 00:00:00,52.35,31.3,0,3,11,0
2023-11-02 01:00:00,52.95,31.1,1,3,11,0
2023-11-02 02:00:00,55.24,32.3,2,3,11,0
2023-11-02 03:00:00,56.73,32.7,3,3,11,0
2023-11-02 04:00:00,55.44,30.8,4,3,11,0
2023-11-02 05:00:00,57.65,31.9,5,3,11,0
2023-11-02 06:00:00,60.8,30.1,6,3,11,0
2023-11-02 07:00:00,66.13,29.2,7,3,11,0
2023-11-02 08:00:00,71.19,26.6,8,3,11,0
2023-11-02 09:00:00,76.18,25.5,9,3,11,0
2023-11-02 10:00:00,80.52,26.1,10,3,11,0
2023-11-02 11:00:00,82.82,25.8,11,3,11,0
2023-11-02 12:00:00,81.94,24.0,12,3,11,0
2023-11-02 13:00:00,84.12,25.5,13,3,11,0
2023-11-02 14:00:00,83.91,24.6,14,3,11,0
2023-11-02 15:00:00,86.8,23.4,15,3,11,0
2023-11-02 16:00:00,87.9,24.6,16,3,11,0
2023-11-02 17:00:00,90.98,27.2,17,3,11,0
2023-11-02 18:00:00,91.89,25.0,18,3,11,0
2023-11-02 19:00:00,95.0,27.4,19,3,11,0
2023-11-02 20:00:00,96.18,27.7,20,3,11,0
2023-11-02 21:00:00,96.25,29.6,21,3,11,0
2023-11-02 22:00:00,89.27,31.0,22,3,11,0
2023-11-02 23:00:00,78.88,30.5,23,3,11,0
2023-11-03 00:00:00,53.11,32.4,0,4,11,0
2023-11-03 01:00:00,58.83,33.6,1,4,11,0
2023-11-03 02:00:00,54.05,32.1,2,4,11,0
2023-11-03 03:00:00,56.23,32.5,3,4,11,0
2023-11-03 04:00:00,56.58,31.0,4,4,11,0
2023-11-03 05:00:00,59.51,30.8,5,4,11,0
2023-11-03 06:00:00,61.1,29.9,6,4,11,0
2023-11-03 07:00:00,65.85,29.7,7,4,11,0
2023-11-03 08:00:00,72.85,29.0,8,4,11,0
2023-11-03 09:00:00,77.41,26.9,9,4,11,0
2023-11-03 10:00:00,80.36,27.2,10,4,11,0
2023-11-03 11:00:00,80.79,26.4,11,4,11,0
2023-11-03 12:00:00,80.58,25.2,12,4,11,0
2023-11-03 13:00:00,87.82,23.7,13,4,11,0
2023-11-03 14:00:00,80.2,23.5,14,4,11,0
2023-11-03 15:00:00,88.03,23.5,15,4,11,0
2023-11-03 16:00:00,86.58,25.3,16,4,11,0
2023-11-03 17:00:00,89.96,24.2,17,4,11,0
2023-11-03 18:00:00,96.18,26.5,18,4,11,0
2023-11-03 19:00:00,91.89,26.1,19,4,11,0
2023-11-03 20:00:00,97.8,28.7,20,4,11,0
2023-11-03 21:00:00,92.58,29.0,21,4,11,0
2023-11-03 22:00:00,86.7,31.1,22,4,11,0
2023-11-03 23:00:00,77.28,31.7,23,4,11,0
2023-11-04 00:00:00,48.4,32.6,0,5,11,1
2023-11-04 01:00:00,50.55,33.0,1,5,11,1
2023-11-04 02:00:00,49.57,32.1,2,5,11,1
2023-11-04 03:00:00,47.81,30.9,3,5,11,1
2023-11-04 04:00:00,50.94,30.6,4,5,11,1
2023-11-04 05:00:00,49.76,29.2,5,5,11,1
2023-11-04 06:00:00,55.21,29.1,6,5,11,1
2023-11-04 07:00:00,60.08,29.1,7,5,11,1
2023-11-04 08:00:00,66.2,27.6,8,5,11,1
2023-11-04 09:00:00,69.9,26.8,9,5,11,1
2023-11-04 10:00:00,72.96,26.4,10,5,11,1
2023-11-04 11:00:00,71.6,24.9,11,5,11,1
2023-11-04 12:00:00,72.61,23.6,12,5,11,1
2023-11-04 13:00:00,77.84,24.1,13,5,11,1
2023-11-04 14:00:00,78.77,23.3,14,5,11,1
2023-11-04 15:00:00,77.48,23.9,15,5,11,1
2023-11-04 16:00:00,75.08,25.6,16,5,11,1
2023-11-04 17:00:00,80.44,25.0,17,5,11,1
2023-11-04 18:00:00,85.92,27.4,18,5,11,1
2023-11-04 19:00:00,87.26,28.1,19,5,11,1
2023-11-04 20:00:00,86.23,27.5,20,5,11,1
2023-11-04 21:00:00,91.17,28.1,21,5,11,1
2023-11-04 22:00:00,79.44,30.0,22,5,11,1
2023-11-04 23:00:00,69.89,31.8,23,5,11,1
2023-11-05 00:00:00,47.06,31.1,0,6,11,1
2023-11-05 01:00:00,50.06,32.6,1,6,11,1
2023-11-05 02:00:00,51.56,33.0,2,6,11,1
2023-11-05 03:00:00,51.52,31.2,3,6,11,1
2023-11-05 04:00:00,49.82,30.9,4,6,11,1
2023-11-05 05:00:00,50.94,31.4,5,6,11,1
2023-11-05 06:00:00,56.63,30.1,6,6,11,1
2023-11-05 07:00:00,59.09,28.5,7,6,11,1
2023-11-05 08:00:00,68.24,27.7,8,6,11,1
2023-11-05 09:00:00,71.42,26.9,9,6,11,1
2023-11-05 10:00:00,70.61,24.7,10,6,11,1
2023-11-05 11:00:00,74.7,25.8,11,6,11,1
2023-11-05 12:00:00,74.9,24.2,12,6,11,1
2023-11-05 13:00:00,76.64,21.9,13,6,11,1
2023-11-05 14:00:00,76.34,24.0,14,6,11,1
2023-11-05 15:00:00,77.23,23.5,15,6,11,1
2023-11-05 16:00:00,73.09,25.9,16,6,11,1
2023-11-05 17:00:00,84.46,24.7,17,6,11,1
2023-11-05 18:00:00,77.39,25.1,18,6,11,1
2023-11-05 19:00:00,84.14,27.4,19,6,11,1
2023-11-05 20:00:00,83.39,27.5,20,6,11,1
2023-11-05 21:00:00,85.88,28.4,21,6,11,1
2023-11-05 22:00:00,79.03,30.4,22,6,11,1
2023-11-05 23:00:00,67.59,30.0,23,6,11,1
2023-11-06 00:00:00,48.68,30.3,0,0,11,0
2023-11-06 01:00:00,56.06,33.2,1,0,11,0
2023-11-06 02:00:00,58.14,32.5,2,0,11,0
2023-11-06 03:00:00,55.78,31.7,3,0,11,0
2023-11-06 04:00:00,57.93,31.5,4,0,11,0
2023-11-06 05:00:00,59.2,31.2,5,0,11,0
2023-11-06 06:00:00,60.61,30.8,6,0,11,0
2023-11-06 07:00:00,65.79,28.4,7,0,11,0
2023-11-06 08:00:00,70.31,28.3,8,0,11,0
2023-11-06 09:00:00,76.58,26.6,9,0,11,0
2023-11-06 10:00:00,81.95,25.8,10,0,11,0
2023-11-06 11:00:00,81.25,25.3,11,0,11,0
2023-11-06 12:00:00,83.18,24.5,12,0,11,0
2023-11-06 13:00:00,83.94,24.7,13,0,11,0
2023-11-06 14:00:00,83.06,24.4,14,0,11,0
2023-11-06 15:00:00,86.16,22.9,15,0,11,0
2023-11-06 16:00:00,87.1,23.4,16,0,11,0
2023-11-06 17:00:00,91.83,24.9,17,0,11,0
2023-11-06 18:00:00,93.7,27.5,18,0,11,0
2023-11-06 19:00:00,92.13,26.3,19,0,11,0
2023-11-06 20:00:00,97.25,27.8,20,0,11,0
2023-11-06 21:00:00,98.96,28.6,21,0,11,0
2023-11-06 22:00:00,87.48,29.6,22,0,11,0
2023-11-06 23:00:00,75.49,31.0,23,0,11,0
2023-11-07 00:00:00,55.67,32.6,0,1,11,0
2023-11-07 01:00:00,53.74,32.2,1,1,11,0
2023-11-07 02:00:00,55.13,31.4,2,1,11,0
2023-11-07 03:00:00,59.99,34.1,3,1,11,0
2023-11-07 04:00:00,58.06,31.5,4,1,11,0
2023-11-07 05:00:00,54.74,30.4,5,1,11,0
2023-11-07 06:00:00,63.33,31.1,6,1,11,0
2023-11-07 07:00:00,66.44,28.7,7,1,11,0
2023-11-07 08:00:00,74.44,29.3,8,1,11,0
2023-11-07 09:00:00,78.48,26.3,9,1,11,0
2023-11-07 10:00:00,81.56,27.1,10,1,11,0
2023-11-07 11:00:00,81.74,25.3,11,1,11,0
2023-11-07 12:00:00,81.82,25.6,12,1,11,0
2023-11-07 13:00:00,84.32,25.7,13,1,11,0
2023-11-07 14:00:00,87.55,23.1,14,1,11,0
2023-11-07 15:00:00,82.92,25.2,15,1,11,0
2023-11-07 16:00:00,86.53,23.4,16,1,11,0
2023-11-07 17:00:00,90.17,24.3,17,1,11,0
2023-11-07 18:00:00,91.32,25.4,18,1,11,0
2023-11-07 19:00:00,96.24,27.4,19,1,11,0
2023-11-07 20:00:00,94.3,28.0,20,1,11,0
2023-11-07 21:00:00,97.16,28.9,21,1,11,0
2023-11-07 22:00:00,86.59,30.1,22,1,11,0
2023-11-07 23:00:00,75.03,31.3,23,1,11,0
2023-11-08 00:00:00,53.84,32.0,0,2,11,0
2023-11-08 01:00:00,55.38,32.7,1,2,11,0
2023-11-08 02:00:00,55.35,33.5,2,2,11,0
2023-11-08 03:00:00,55.54,31.8,3,2,11,0
2023-11-08 04:00:00,54.45,31.0,4,2,11,0
2023-11-08 05:00:00,58.51,31.3,5,2,11,0
2023-11-08 06:00:00,62.42,29.1,6,2,11,0
2023-11-08 07:00:00,67.47,28.5,7,2,11,0
2023-11-08 08:00:00,73.46,28.8,8,2,11,0
2023-11-08 09:00:00,77.01,26.9,9,2,11,0
2023-11-08 10:00:00,80.18,25.0,10,2,11,0
2023-11-08 11:00:00,80.88,24.0,11,2,11,0
2023-11-08 12:00:00,82.23,24.6,12,2,11,0
2023-11-08 13:00:00,85.56,25.0,13,2,11,0
2023-11-08 14:00:00,86.98,24.9,14,2,11,0
2023-11-08 15:00:00,84.41,24.2,15,2,11,0
2023-11-08 16:00:00,82.74,26.1,16,2,11,0
2023-11-08 17:00:00,90.94,25.1,17,2,11,0
2023-11-08 18:00:00,92.43,25.9,18,2,11,0
2023-11-08 19:00:00,94.9,24.9,19,2,11,0
2023-11-08 20:00:00,97.48,27.6,20,2,11,0
2023-11-08 21:00:00,93.74,29.7,21,2,11,0
2023-11-08 22:00:00,87.73,31.3,22,2,11,0
2023-11-08 23:00:00,75.75,30.2,23,2,11,0
2023-11-09 00:00:00,54.34,31.8,0,3,11,0
2023-11-09 01:00:00,55.06,32.7,1,3,11,0
2023-11-09 02:00:00,54.95,32.0,2,3,11,0
2023-11-09 03:00:00,54.64,30.0,3,3,11,0
2023-11-09 04:00:00,56.56,31.7,4,3,11,0
2023-11-09 05:00:00,57.83,31.4,5,3,11,0
2023-11-09 06:00:00,63.04,29.2,6,3,11,0
2023-11-09 07:00:00,68.67,28.8,7,3,11,0
2023-11-09 08:00:00,71.52,27.1,8,3,11,0
2023-11-09 09:00:00,77.51,24.9,9,3,11,0
2023-11-09 10:00:00,78.4,26.8,10,3,11,0
2023-11-09 11:00:00,77.89,25.2,11,3,11,0
2023-11-09 12:00:00,83.57,25.8,12,3,11,0
2023-11-09 13:00:00,87.93,24.8,13,3,11,0
2023-11-09 14:00:00,84.32,23.7,14,3,11,0
2023-11-09 15:00:00,83.71,24.1,15,3,11,0
2023-11-09 16:00:00,84.6,25.0,16,3,11,0
2023-11-09 17:00:00,91.42,25.9,17,3,11,0
2023-11-09 18:00:00,90.79,26.3,18,3,11,0
2023-11-09 19:00:00,93.55,27.8,19,3,11,0
2023-11-09 20:00:00,97.82,27.8,20,3,11,0
2023-11-09 21:00:00,96.69,28.2,21,3,11,0
2023-11-09 22:00:00,89.27,29.9,22,3,11,0
2023-11-09 23:00:00,78.65,31.0,23,3,11,0
2023-11-10 00:00:00,50.54,30.5,0,4,11,0
2023-11-10 01:00:00,52.42,30.8,1,4,11,0
2023-11-10 02:00:00,56.19,32.4,2,4,11,0
2023-11-10 03:00:00,54.75,31.5,3,4,11,0
2023-11-10 04:00:00,55.39,31.3,4,4,11,0
2023-11-10 05:00:00,55.51,30.5,5,4,11,0
2023-11-10 06:00:00,63.92,31.2,6,4,11,0
2023-11-10 07:00:00,67.11,30.0,7,4,11,0
2023-11-10 08:00:00,73.73,27.0,8,4,11,0
2023-11-10 09:00:00,76.44,26.5,9,4,11,0
2023-11-10 10:00:00,75.58,26.7,10,4,11,0
2023-11-10 11:00:00,80.7,25.7,11,4,11,0
2023-11-10 12:00:00,84.54,24.5,12,4,11,0
2023-11-10 13:00:00,84.07,23.2,13,4,11,0
2023-11-10 14:00:00,82.8,23.5,14,4,11,0
2023-11-10 15:00:00,82.38,23.7,15,4,11,0
2023-11-10 16:00:00,87.01,24.8,16,4,11,0
2023-11-10 17:00:00,89.85,26.5,17,4,11,0
2023-11-10 18:00:00,95.59,25.5,18,4,11,0
2023-11-10 19:00:00,95.57,26.1,19,4,11,0
2023-11-10 20:00:00,94.51,27.9,20,4,11,0
2023-11-10 21:00:00,99.71,29.9,21,4,11,0
2023-11-10 22:00:00,84.55,28.8,22,4,11,0
2023-11-10 23:00:00,77.2,32.0,23,4,11,0
2023-11-11 00:00:00,46.73,31.3,0,5,11,1
2023-11-11 01:00:00,49.25,31.3,1,5,11,1
2023-11-11 02:00:00,49.85,30.7,2,5,11,1
2023-11-11 03:00:00,51.28,32.4,3,5,11,1
2023-11-11 04:00:00,49.36,31.3,4,5,11,1
2023-11-11 05:00:00,50.22,31.0,5,5,11,1
2023-11-11 06:00:00,53.72,29.3,6,5,11,1
2023-11-11 07:00:00,58.08,28.8,7,5,11,1
2023-11-11 08:00:00,65.24,27.6,8,5,11,1
2023-11-11 09:00:00,72.92,26.9,9,5,11,1
2023-11-11 10:00:00,72.63,25.5,10,5,11,1
2023-11-11 11:00:00,71.05,23.9,11,5,11,1
2023-11-11 12:00:00,72.65,26.7,12,5,11,1
2023-11-11 13:00:00,74.8,23.0,13,5,11,1
2023-11-11 14:00:00,77.18,24.1,14,5,11,1
2023-11-11 15:00:00,79.12,22.7,15,5,11,1
2023-11-11 16:00:00,75.78,22.9,16,5,11,1
2023-11-11 17:00:00,84.85,25.2,17,5,11,1
2023-11-11 18:00:00,87.31,26.1,18,5,11,1
2023-11-11 19:00:00,84.31,28.0,19,5,11,1
2023-11-11 20:00:00,85.65,28.3,20,5,11,1
2023-11-11 21:00:00,86.14,28.9,21,5,11,1
2023-11-11 22:00:00,77.82,29.2,22,5,11,1
2023-11-11 23:00:00,71.22,32.0,23,5,11,1
2023-11-12 00:00:00,49.49,32.2,0,6,11,1
2023-11-12 01:00:00,46.5,30.9,1,6,11,1
2023-11-12 02:00:00,49.74,32.0,2,6,11,1
2023-11-12 03:00:00,51.54,32.0,3,6,11,1
2023-11-12 04:00:00,52.08,31.2,4,6,11,1
2023-11-12 05:00:00,54.68,31.4,5,6,11,1
2023-11-12 06:00:00,55.14,30.7,6,6,11,1
2023-11-12 07:00:00,58.91,28.9,7,6,11,1
2023-11-12 08:00:00,61.72,27.8,8,6,11,1
2023-11-12 09:00:00,68.34,28.2,9,6,11,1
2023-11-12 10:00:00,68.7,26.7,10,6,11,1
2023-11-12 11:00:00,72.0,25.2,11,6,11,1
2023-11-12 12:00:00,73.38,23.2,12,6,11,1
2023-11-12 13:00:00,76.37,24.4,13,6,11,1
2023-11-12 14:00:00,76.05,24.6,14,6,11,1
2023-11-12 15:00:00,77.31,21.9,15,6,11,1
2023-11-12 16:00:00,76.73,24.7,16,6,11,1
2023-11-12 17:00:00,80.32,24.8,17,6,11,1
2023-11-12 18:00:00,80.53,25.8,18,6,11,1
2023-11-12 19:00:00,86.01,26.2,19,6,11,1
2023-11-12 20:00:00,89.39,27.9,20,6,11,1
2023-11-12 21:00:00,92.85,30.1,21,6,11,1
2023-11-12 22:00:00,79.75,29.6,22,6,11,1
2023-11-12 23:00:00,73.39,31.6,23,6,11,1
2023-11-13 00:00:00,52.39,30.8,0,0,11,0
2023-11-13 01:00:00,55.32,32.5,1,0,11,0
2023-11-13 02:00:00,55.57,32.0,2,0,11,0
2023-11-13 03:00:00,56.51,32.1,3,0,11,0
2023-11-13 04:00:00,57.56,31.5,4,0,11,0
2023-11-13 05:00:00,57.18,31.3,5,0,11,0
2023-11-13 06:00:00,60.5,27.9,6,0,11,0
2023-11-13 07:00:00,64.87,27.9,7,0,11,0
2023-11-13 08:00:00,72.74,28.3,8,0,11,0
2023-11-13 09:00:00,76.35,25.3,9,0,11,0
2023-11-13 10:00:00,79.39,25.6,10,0,11,0
2023-11-13 11:00:00,81.68,25.1,11,0,11,0
2023-11-13 12:00:00,82.86,23.9,12,0,11,0
2023-11-13 13:00:00,85.26,23.6,13,0,11,0
2023-11-13 14:00:00,84.7,24.2,14,0,11,0
2023-11-13 15:00:00,85.84,24.9,15,0,11,0
2023-11-13 16:00:00,84.25,23.8,16,0,11,0
2023-11-13 17:00:00,87.8,24.7,17,0,11,0
2023-11-13 18:00:00,93.78,25.4,18,0,11,0
2023-11-13 19:00:00,94.93,25.0,19,0,11,0
2023-11-13 20:00:00,97.81,28.1,20,0,11,0
2023-11-13 21:00:00,97.37,29.8,21,0,11,0
2023-11-13 22:00:00,85.58,30.8,22,0,11,0
2023-11-13 23:00:00,76.9,30.1,23,0,11,0
2023-11-14 00:00:00,52.44,30.5,0,1,11,0
2023-11-14 01:00:00,54.77,31.9,1,1,11,0
2023-11-14 02:00:00,56.15,32.7,2,1,11,0
2023-11-14 03:00:00,54.8,32.0,3,1,11,0
2023-11-14 04:00:00,56.11,31.7,4,1,11,0
2023-11-14 05:00:00,58.72,31.7,5,1,11,0
2023-11-14 06:00:00,59.21,29.4,6,1,11,0
2023-11-14 07:00:00,65.97,28.9,7,1,11,0
2023-11-14 08:00:00,72.5,29.3,8,1,11,0
2023-11-14 09:00:00,79.51,26.8,9,1,11,0
2023-11-14 10:00:00,80.28,25.0,10,1,11,0
2023-11-14 11:00:00,82.4,24.6,11,1,11,0
2023-11-14 12:00:00,82.41,23.8,12,1,11,0
2023-11-14 13:00:00,82.64,24.4,13,1,11,0
2023-11-14 14:00:00,84.04,23.3,14,1,11,0
2023-11-14 15:00:00,83.52,24.4,15,1,11,0
2023-11-14 16:00:00,86.02,23.9,16,1,11,0
2023-11-14 17:00:00,90.05,23.5,17,1,11,0
2023-11-14 18:00:00,92.12,26.2,18,1,11,0
2023-11-14 19:00:00,94.42,27.1,19,1,11,0
2023-11-14 20:00:00,98.97,28.4,20,1,11,0
2023-11-14 21:00:00,97.68,28.5,21,1,11,0
2023-11-14 22:00:00,85.28,29.4,22,1,11,0
2023-11-14 23:00:00,78.45,31.1,23,1,11,0
2023-11-15 00:00:00,55.81,32.7,0,2,11,0
2023-11-15 01:00:00,54.9,31.9,1,2,11,0
2023-11-15 02:00:00,54.22,32.3,2,2,11,0
2023-11-15 03:00:00,55.08,31.6,3,2,11,0
2023-11-15 04:00:00,54.34,30.2,4,2,11,0
2023-11-15 05:00:00,59.62,31.6,5,2,11,0
2023-11-15 06:00:00,64.18,30.7,6,2,11,0
2023-11-15 07:00:00,66.3,29.6,7,2,11,0
2023-11-15 08:00:00,71.18,27.9,8,2,11,0
2023-11-15 09:00:00,77.85,27.4,9,2,11,0
2023-11-15 10:00:00,79.46,26.7,10,2,11,0
2023-11-15 11:00:00,79.4,26.5,11,2,11,0
2023-11-15 12:00:00,81.54,25.3,12,2,11,0
2023-11-15 13:00:00,81.66,24.2,13,2,11,0
2023-11-15 14:00:00,87.13,23.0,14,2,11,0
2023-11-15 15:00:00,82.16,24.3,15,2,11,0
2023-11-15 16:00:00,82.14,24.7,16,2,11,0
2023-11-15 17:00:00,92.04,25.7,17,2,11,0
2023-11-15 18:00:00,90.61,27.1,18,2,11,0
2023-11-15 19:00:00,93.47,26.9,19,2,11,0
2023-11-15 20:00:00,96.89,29.7,20,2,11,0
2023-11-15 21:00:00,97.71,27.6,21,2,11,0
2023-11-15 22:00:00,87.28,30.3,22,2,11,0
2023-11-15 23:00:00,79.75,30.2,23,2,11,0
2023-11-16 00:00:00,50.86,29.9,0,3,11,0
2023-11-16 01:00:00,55.23,31.7,1,3,11,0
2023-11-16 02:00:00,54.3,30.8,2,3,11,0
2023-11-16 03:00:00,58.31,31.7,3,3,11,0
2023-11-16 04:00:00,58.03,31.5,4,3,11,0
2023-11-16 05:00:00,58.26,31.7,5,3,11,0
2023-11-16 06:00:00,61.41,28.8,6,3,11,0
2023-11-16 07:00:00,67.0,29.8,7,3,11,0
2023-11-16 08:00:00,71.71,28.1,8,3,11,0
2023-11-16 09:00:00,75.83,27.8,9,3,11,0
2023-11-16 10:00:00,78.11,25.7,10,3,11,0
2023-11-16 11:00:00,84.11,24.1,11,3,11,0
2023-11-16 12:00:00,80.03,23.6,12,3,11,0
2023-11-16 13:00:00,82.95,23.1,13,3,11,0
2023-11-16 14:00:00,84.89,24.4,14,3,11,0
2023-11-16 15:00:00,84.95,25.3,15,3,11,0
2023-11-16 16:00:00,85.68,24.1,16,3,11,0
2023-11-16 17:00:00,90.45,25.7,17,3,11,0
2023-11-16 18:00:00,93.62,24.8,18,3,11,0
2023-11-16 19:00:00,96.46,27.1,19,3,11,0
2023-11-16 20:00:00,98.28,28.5,20,3,11,0
2023-11-16 21:00:00,95.96,27.9,21,3,11,0
2023-11-16 22:00:00,88.06,29.8,22,3,11,0
2023-11-16 23:00:00,76.92,31.4,23,3,11,0
2023-11-17 00:00:00,49.21,29.1,0,4,11,0
2023-11-17 01:00:00,54.35,32.9,1,4,11,0
2023-11-17 02:00:00,55.77,32.3,2,4,11,0
2023-11-17 03:00:00,56.1,32.4,3,4,11,0
2023-11-17 04:00:00,54.87,31.1,4,4,11,0
2023-11-17 05:00:00,55.16,29.5,5,4,11,0
2023-11-17 06:00:00,60.33,30.4,6,4,11,0
2023-11-17 07:00:00,68.08,29.0,7,4,11,0
2023-11-17 08:00:00,71.31,28.0,8,4,11,0
2023-11-17 09:00:00,79.27,27.8,9,4,11,0
2023-11-17 10:00:00,78.59,26.6,10,4,11,0
2023-11-17 11:00:00,79.03,26.7,11,4,11,0
2023-11-17 12:00:00,83.79,24.7,12,4,11,0
2023-11-17 13:00:00,84.15,23.6,13,4,11,0
2023-11-17 14:00:00,88.14,23.8,14,4,11,0
2023-11-17 15:00:00,84.28,24.5,15,4,11,0
2023-11-17 16:00:00,84.32,25.3,16,4,11,0
2023-11-17 17:00:00,93.04,24.0,17,4,11,0
2023-11-17 18:00:00,94.64,26.0,18,4,11,0
2023-11-17 19:00:00,94.66,28.3,19,4,11,0
2023-11-17 20:00:00,102.11,27.8,20,4,11,0
2023-11-17 21:00:00,96.89,29.8,21,4,11,0
2023-11-17 22:00:00,85.66,30.4,22,4,11,0
2023-11-17 23:00:00,77.37,31.6,23,4,11,0
2023-11-18 00:00:00,46.7,30.8,0,5,11,1
2023-11-18 01:00:00,49.87,31.2,1,5,11,1
2023-11-18 02:00:00,50.09,32.0,2,5,11,1
2023-11-18 03:00:00,51.12,30.6,3,5,11,1
2023-11-18 04:00:00,51.63,31.2,4,5,11,1
2023-11-18 05:00:00,53.02,31.0,5,5,11,1
2023-11-18 06:00:00,57.94,31.4,6,5,11,1
2023-11-18 07:00:00,60.71,29.4,7,5,11,1
2023-11-18 08:00:00,65.92,28.5,8,5,11,1
2023-11-18 09:00:00,69.16,27.9,9,5,11,1
2023-11-18 10:00:00,70.56,25.2,10,5,11,1
2023-11-18 11:00:00,73.35,25.0,11,5,11,1
2023-11-18 12:00:00,76.81,26.5,12,5,11,1
2023-11-18 13:00:00,73.11,24.1,13,5,11,1
2023-11-18 14:00:00,73.22,24.9,14,5,11,1
2023-11-18 15:00:00,76.11,24.9,15,5,11,1
2023-11-18 16:00:00,78.23,23.4,16,5,11,1
2023-11-18 17:00:00,82.23,25.4,17,5,11,1
2023-11-18 18:00:00,81.45,26.1,18,5,11,1
2023-11-18 19:00:00,85.09,27.2,19,5,11,1
2023-11-18 20:00:00,83.14,27.4,20,5,11,1
2023-11-18 21:00:00,87.98,28.1,21,5,11,1
2023-11-18 22:00:00,77.68,29.6,22,5,11,1
2023-11-18 23:00:00,70.18,30.8,23,5,11,1
2023-11-19 00:00:00,49.3,32.4,0,6,11,1
2023-11-19 01:00:00,51.1,33.3,1,6,11,1
2023-11-19 02:00:00,51.05,33.1,2,6,11,1
2023-11-19 03:00:00,52.98,32.6,3,6,11,1
2023-11-19 04:00:00,51.41,30.7,4,6,11,1
2023-11-19 05:00:00,49.39,30.5,5,6,11,1
2023-11-19 06:00:00,55.78,30.2,6,6,11,1
2023-11-19 07:00:00,58.36,28.5,7,6,11,1
2023-11-19 08:00:00,63.11,28.5,8,6,11,1
2023-11-19 09:00:00,70.81,27.5,9,6,11,1
2023-11-19 10:00:00,70.77,26.4,10,6,11,1
2023-11-19 11:00:00,72.59,26.0,11,6,11,1
2023-11-19 12:00:00,72.68,23.8,12,6,11,1
2023-11-19 13:00:00,76.21,24.9,13,6,11,1
2023-11-19 14:00:00,77.66,23.4,14,6,11,1
2023-11-19 15:00:00,80.1,23.4,15,6,11,1
2023-11-19 16:00:00,76.25,25.0,16,6,11,1
2023-11-19 17:00:00,79.59,26.1,17,6,11,1
2023-11-19 18:00:00,82.64,26.4,18,6,11,1
2023-11-19 19:00:00,86.49,27.0,19,6,11,1
2023-11-19 20:00:00,84.91,28.2,20,6,11,1
2023-11-19 21:00:00,84.17,29.1,21,6,11,1
2023-11-19 22:00:00,76.35,29.1,22,6,11,1
2023-11-19 23:00:00,68.32,29.8,23,6,11,1
2023-11-20 00:00:00,51.62,31.4,0,0,11,0
2023-11-20 01:00:00,54.51,31.9,1,0,11,0
2023-11-20 02:00:00,55.38,32.0,2,0,11,0
2023-11-20 03:00:00,57.78,32.4,3,0,11,0
2023-11-20 04:00:00,56.23,31.3,4,0,11,0
2023-11-20 05:00:00,58.32,31.3,5,0,11,0
2023-11-20 06:00:00,61.18,29.9,6,0,11,0
2023-11-20 07:00:00,66.73,30.5,7,0,11,0
2023-11-20 08:00:00,71.33,28.1,8,0,11,0
2023-11-20 09:00:00,75.36,28.8,9,0,11,0
2023-11-20 10:00:00,82.08,26.3,10,0,11,0
2023-11-20 11:00:00,81.12,25.0,11,0,11,0
2023-11-20 12:00:00,80.68,23.8,12,0,11,0
2023-11-20 13:00:00,83.4,23.0,13,0,11,0
2023-11-20 14:00:00,81.03,23.2,14,0,11,0
2023-11-20 15:00:00,87.4,23.4,15,0,11,0
2023-11-20 16:00:00,87.24,24.9,16,0,11,0
2023-11-20 17:00:00,91.46,24.8,17,0,11,0
2023-11-20 18:00:00,93.4,26.1,18,0,11,0
2023-11-20 19:00:00,92.07,28.0,19,0,11,0
2023-11-20 20:00:00,93.73,27.9,20,0,11,0
2023-11-20 21:00:00,95.34,30.7,21,0,11,0
2023-11-20 22:00:00,85.94,29.1,22,0,11,0
2023-11-20 23:00:00,79.3,30.7,23,0,11,0
2023-11-21 00:00:00,51.82,31.0,0,1,11,0
2023-11-21 01:00:00,55.48,32.6,1,1,11,0
2023-11-21 02:00:00,54.28,30.2,2,1,11,0
2023-11-21 03:00:00,53.28,30.7,3,1,11,0
2023-11-21 04:00:00,58.73,31.4,4,1,11,0
2023-11-21 05:00:00,59.92,32.1,5,1,11,0
2023-11-21 06:00:00,62.72,30.2,6,1,11,0
2023-11-21 07:00:00,67.56,28.0,7,1,11,0
2023-11-21 08:00:00,73.43,27.0,8,1,11,0
2023-11-21 09:00:00,78.23,28.3,9,1,11,0
2023-11-21 10:00:00,81.53,25.5,10,1,11,0
2023-11-21 11:00:00,80.19,24.4,11,1,11,0
2023-11-21 12:00:00,82.67,25.7,12,1,11,0
2023-11-21 13:00:00,86.15,24.9,13,1,11,0
2023-11-21 14:00:00,80.63,25.0,14,1,11,0
2023-11-21 15:00:00,85.77,23.4,15,1,11,0
2023-11-21 16:00:00,86.24,23.3,16,1,11,0
2023-11-21 17:00:00,88.26,25.3,17,1,11,0
2023-11-21 18:00:00,93.33,26.3,18,1,11,0
2023-11-21 19:00:00,92.94,27.3,19,1,11,0
2023-11-21 20:00:00,96.91,29.2,20,1,11,0
2023-11-21 21:00:00,96.28,27.6,21,1,11,0
2023-11-21 22:00:00,86.55,30.7,22,1,11,0
2023-11-21 23:00:00,78.53,30.0,23,1,11,0
2023-11-22 00:00:00,53.1,32.1,0,2,11,0
2023-11-22 01:00:00,54.09,31.5,1,2,11,0
2023-11-22 02:00:00,55.93,31.3,2,2,11,0
2023-11-22 03:00:00,54.84,31.4,3,2,11,0
2023-11-22 04:00:00,55.5,30.3,4,2,11,0
2023-11-22 05:00:00,56.72,30.9,5,2,11,0
2023-11-22 06:00:00,60.84,29.4,6,2,11,0
2023-11-22 07:00:00,69.98,29.7,7,2,11,0
2023-11-22 08:00:00,72.72,28.5,8,2,11,0
2023-11-22 09:00:00,78.26,28.3,9,2,11,0
2023-11-22 10:00:00,80.15,26.3,10,2,11,0
2023-11-22 11:00:00,81.57,25.6,11,2,11,0
2023-11-22 12:00:00,79.05,25.7,12,2,11,0
2023-11-22 13:00:00,87.73,23.6,13,2,11,0
2023-11-22 14:00:00,82.65,22.8,14,2,11,0
2023-11-22 15:00:00,87.89,24.3,15,2,11,0
2023-11-22 16:00:00,86.06,23.4,16,2,11,0
2023-11-22 17:00:00,91.59,27.1,17,2,11,0
2023-11-22 18:00:00,92.28,27.2,18,2,11,0
2023-11-22 19:00:00,99.12,28.7,19,2,11,0
2023-11-22 20:00:00,97.06,28.0,20,2,11,0
2023-11-22 21:00:00,97.09,29.5,21,2,11,0
2023-11-22 22:00:00,85.92,29.6,22,2,11,0
2023-11-22 23:00:00,77.76,31.5,23,2,11,0
2023-11-23 00:00:00,51.63,30.5,0,3,11,0
2023-11-23 01:00:00,50.87,29.8,1,3,11,0
2023-11-23 02:00:00,55.42,31.4,2,3,11,0
2023-11-23 03:00:00,54.28,30.7,3,3,11,0
2023-11-23 04:00:00,59.3,32.6,4,3,11,0
2023-11-23 05:00:00,59.97,32.3,5,3,11,0
2023-11-23 06:00:00,60.61,28.9,6,3,11,0
2023-11-23 07:00:00,68.44,30.1,7,3,11,0
2023-11-23 08:00:00,72.96,28.8,8,3,11,0
2023-11-23 09:00:00,75.59,25.7,9,3,11,0
2023-11-23 10:00:00,81.99,25.7,10,3,11,0
2023-11-23 11:00:00,80.5,24.7,11,3,11,0
2023-11-23 12:00:00,83.04,25.1,12,3,11,0
2023-11-23 13:00:00,85.18,23.2,13,3,11,0
2023-11-23 14:00:00,80.96,23.9,14,3,11,0
2023-11-23 15:00:00,83.97,23.6,15,3,11,0
2023-11-23 16:00:00,86.43,24.9,16,3,11,0
2023-11-23 17:00:00,91.38,25.0,17,3,11,0
2023-11-23 18:00:00,94.06,25.6,18,3,11,0
2023-11-23 19:00:00,94.55,26.8,19,3,11,0
2023-11-23 20:00:00,98.93,29.6,20,3,11,0
2023-11-23 21:00:00,96.67,28.7,21,3,11,0
2023-11-23 22:00:00,88.69,29.2,22,3,11,0
2023-11-23 23:00:00,77.04,31.3,23,3,11,0
2023-11-24 00:00:00,52.42,31.3,0,4,11,0
2023-11-24 01:00:00,52.28,30.7,1,4,11,0
2023-11-24 02:00:00,58.01,33.8,2,4,11,0
2023-11-24 03:00:00,55.73,31.6,3,4,11,0
2023-11-24 04:00:00,56.33,31.2,4,4,11,0
2023-11-24 05:00:00,56.62,31.0,5,4,11,0
2023-11-24 06:00:00,63.02,31.4,6,4,11,0
2023-11-24 07:00:00,66.37,27.7,7,4,11,0
2023-11-24 08:00:00,69.27,28.2,8,4,11,0
2023-11-24 09:00:00,74.33,28.6,9,4,11,0
2023-11-24 10:00:00,79.43,26.1,10,4,11,0
2023-11-24 11:00:00,76.58,24.2,11,4,11,0
2023-11-24 12:00:00,81.63,24.0,12,4,11,0
2023-11-24 13:00:00,83.4,24.3,13,4,11,0
2023-11-24 14:00:00,85.94,25.1,14,4,11,0
2023-11-24 15:00:00,83.95,23.9,15,4,11,0
2023-11-24 16:00:00,87.62,25.2,16,4,11,0
2023-11-24 17:00:00,92.76,24.0,17,4,11,0
2023-11-24 18:00:00,90.12,24.8,18,4,11,0
2023-11-24 19:00:00,93.86,26.6,19,4,11,0
2023-11-24 20:00:00,99.0,29.2,20,4,11,0
2023-11-24 21:00:00,95.28,29.1,21,4,11,0
2023-11-24 22:00:00,87.44,30.2,22,4,11,0
2023-11-24 23:00:00,80.28,31.1,23,4,11,0
2023-11-25 00:00:00,48.37,32.4,0,5,11,1
2023-11-25 01:00:00,49.72,31.4,1,5,11,1
2023-11-25 02:00:00,50.08,32.6,2,5,11,1
2023-11-25 03:00:00,47.3,31.2,3,5,11,1
2023-11-25 04:00:00,54.74,33.1,4,5,11,1
2023-11-25 05:00:00,51.38,30.2,5,5,11,1
2023-11-25 06:00:00,55.56,29.3,6,5,11,1
2023-11-25 07:00:00,58.94,29.5,7,5,11,1
2023-11-25 08:00:00,63.47,28.1,8,5,11,1
2023-11-25 09:00:00,71.73,27.2,9,5,11,1
2023-11-25 10:00:00,71.78,26.2,10,5,11,1
2023-11-25 11:00:00,72.63,24.3,11,5,11,1
2023-11-25 12:00:00,74.09,25.8,12,5,11,1
2023-11-25 13:00:00,78.05,24.9,13,5,11,1
2023-11-25 14:00:00,77.73,25.1,14,5,11,1
2023-11-25 15:00:00,75.76,23.7,15,5,11,1
2023-11-25 16:00:00,74.24,24.9,16,5,11,1
2023-11-25 17:00:00,83.18,25.3,17,5,11,1
2023-11-25 18:00:00,81.89,26.9,18,5,11,1
2023-11-25 19:00:00,82.79,27.9,19,5,11,1
2023-11-25 20:00:00,88.78,28.2,20,5,11,1
2023-11-25 21:00:00,88.43,27.8,21,5,11,1
2023-11-25 22:00:00,81.0,31.4,22,5,11,1
2023-11-25 23:00:00,69.09,31.3,23,5,11,1
2023-11-26 00:00:00,48.92,31.0,0,6,11,1
2023-11-26 01:00:00,50.59,32.2,1,6,11,1
2023-11-26 02:00:00,48.53,30.8,2,6,11,1
2023-11-26 03:00:00,51.52,32.7,3,6,11,1
2023-11-26 04:00:00,50.18,30.3,4,6,11,1
2023-11-26 05:00:00,51.01,30.7,5,6,11,1
2023-11-26 06:00:00,58.63,30.2,6,6,11,1
2023-11-26 07:00:00,60.33,29.9,7,6,11,1
2023-11-26 08:00:00,63.39,28.1,8,6,11,1
2023-11-26 09:00:00,72.39,27.5,9,6,11,1
2023-11-26 10:00:00,70.54,26.0,10,6,11,1
2023-11-26 11:00:00,74.04,25.1,11,6,11,1
2023-11-26 12:00:00,74.81,24.6,12,6,11,1
2023-11-26 13:00:00,75.51,24.0,13,6,11,1
2023-11-26 14:00:00,74.95,22.7,14,6,11,1
2023-11-26 15:00:00,76.46,23.5,15,6,11,1
2023-11-26 16:00:00,74.62,24.7,16,6,11,1
2023-11-26 17:00:00,82.1,25.0,17,6,11,1
2023-11-26 18:00:00,84.93,25.9,18,6,11,1
2023-11-26 19:00:00,88.07,26.7,19,6,11,1
2023-11-26 20:00:00,84.33,27.3,20,6,11,1
2023-11-26 21:00:00,86.34,28.6,21,6,11,1
2023-11-26 22:00:00,77.57,29.8,22,6,11,1
2023-11-26 23:00:00,70.7,30.8,23,6,11,1
2023-11-27 00:00:00,51.68,31.8,0,0,11,0
2023-11-27 01:00:00,53.15,31.7,1,0,11,0
2023-11-27 02:00:00,52.81,31.2,2,0,11,0
2023-11-27 03:00:00,53.47,30.7,3,0,11,0
2023-11-27 04:00:00,58.65,33.5,4,0,11,0
2023-11-27 05:00:00,57.82,29.9,5,0,11,0
2023-11-27 06:00:00,61.8,29.6,6,0,11,0
2023-11-27 07:00:00,66.94,29.4,7,0,11,0
2023-11-27 08:00:00,73.96,28.3,8,0,11,0
2023-11-27 09:00:00,78.36,27.4,9,0,11,0
2023-11-27 10:00:00,80.07,25.6,10,0,11,0
2023-11-27 11:00:00,80.16,25.4,11,0,11,0
2023-11-27 12:00:00,80.93,24.6,12,0,11,0
2023-11-27 13:00:00,81.89,23.9,13,0,11,0
2023-11-27 14:00:00,84.06,24.2,14,0,11,0
2023-11-27 15:00:00,84.59,25.0,15,0,11,0
2023-11-27 16:00:00,85.61,24.5,16,0,11,0
2023-11-27 17:00:00,91.21,25.2,17,0,11,0
2023-11-27 18:00:00,92.17,26.9,18,0,11,0
2023-11-27 19:00:00,92.72,27.7,19,0,11,0
2023-11-27 20:00:00,97.04,29.3,20,0,11,0
2023-11-27 21:00:00,95.53,27.6,21,0,11,0
2023-11-27 22:00:00,88.71,30.7,22,0,11,0
2023-11-27 23:00:00,75.68,31.3,23,0,11,0
2023-11-28 00:00:00,52.27,30.8,0,1,11,0
2023-11-28 01:00:00,55.27,32.1,1,1,11,0
2023-11-28 02:00:00,57.04,32.8,2,1,11,0
2023-11-28 03:00:00,55.33,31.2,3,1,11,0
2023-11-28 04:00:00,58.24,31.8,4,1,11,0
2023-11-28 05:00:00,56.62,31.5,5,1,11,0
2023-11-28 06:00:00,60.69,29.1,6,1,11,0
2023-11-28 07:00:00,66.13,28.9,7,1,11,0
2023-11-28 08:00:00,73.52,28.2,8,1,11,0
2023-11-28 09:00:00,74.76,26.3,9,1,11,0
2023-11-28 10:00:00,77.72,25.3,10,1,11,0
2023-11-28 11:00:00,83.62,25.1,11,1,11,0
2023-11-28 12:00:00,78.1,25.2,12,1,11,0
2023-11-28 13:00:00,85.33,24.7,13,1,11,0
2023-11-28 14:00:00,83.9,23.3,14,1,11,0
2023-11-28 15:00:00,85.47,24.7,15,1,11,0
2023-11-28 16:00:00,87.37,23.9,16,1,11,0
2023-11-28 17:00:00,91.79,23.9,17,1,11,0
2023-11-28 18:00:00,95.39,25.7,18,1,11,0
2023-11-28 19:00:00,93.49,27.9,19,1,11,0
2023-11-28 20:00:00,95.27,28.5,20,1,11,0
2023-11-28 21:00:00,97.92,29.0,21,1,11,0
2023-11-28 22:00:00,86.2,29.7,22,1,11,0
2023-11-28 23:00:00,78.39,30.5,23,1,11,0
2023-11-29 00:00:00,54.04,31.6,0,2,11,0
2023-11-29 01:00:00,54.07,31.0,1,2,11,0
2023-11-29 02:00:00,53.52,31.7,2,2,11,0
2023-11-29 03:00:00,55.79,31.7,3,2,11,0
2023-11-29 04:00:00,55.91,30.4,4,2,11,0
2023-11-29 05:00:00,56.15,30.2,5,2,11,0
2023-11-29 06:00:00,62.33,30.3,6,2,11,0
2023-11-29 07:00:00,66.76,29.0,7,2,11,0
2023-11-29 08:00:00,71.35,27.8,8,2,11,0
2023-11-29 09:00:00,77.5,26.2,9,2,11,0
2023-11-29 10:00:00,77.54,27.3,10,2,11,0
2023-11-29 11:00:00,80.15,24.5,11,2,11,0
2023-11-29 12:00:00,79.52,24.7,12,2,11,0
2023-11-29 13:00:00,84.2,23.7,13,2,11,0
2023-11-29 14:00:00,84.73,24.0,14,2,11,0
2023-11-29 15:00:00,83.55,24.5,15,2,11,0
2023-11-29 16:00:00,87.98,23.4,16,2,11,0
2023-11-29 17:00:00,90.84,25.2,17,2,11,0
2023-11-29 18:00:00,93.34,27.0,18,2,11,0
2023-11-29 19:00:00,93.22,28.4,19,2,11,0
2023-11-29 20:00:00,95.17,27.9,20,2,11,0
2023-11-29 21:00:00,97.18,29.1,21,2,11,0
2023-11-29 22:00:00,88.89,31.8,22,2,11,0
2023-11-29 23:00:00,78.96,31.7,23,2,11,0
2023-11-30 00:00:00,52.96,31.0,0,3,11,0
2023-11-30 01:00:00,53.19,31.4,1,3,11,0
2023-11-30 02:00:00,55.09,32.8,2,3,11,0
2023-11-30 03:00:00,53.86,31.1,3,3,11,0
2023-11-30 04:00:00,59.39,32.3,4,3,11,0
2023-11-30 05:00:00,58.48,31.1,5,3,11,0
2023-11-30 06:00:00,63.12,30.4,6,3,11,0
2023-11-30 07:00:00,65.82,28.8,7,3,11,0
2023-11-30 08:00:00,70.23,27.5,8,3,11,0
2023-11-30 09:00:00,77.36,28.1,9,3,11,0
2023-11-30 10:00:00,79.2,25.8,10,3,11,0
2023-11-30 11:00:00,79.13,24.8,11,3,11,0
2023-11-30 12:00:00,79.61,24.5,12,3,11,0
2023-11-30 13:00:00,81.21,24.3,13,3,11,0
2023-11-30 14:00:00,86.13,23.2,14,3,11,0
2023-11-30 15:00:00,83.07,23.7,15,3,11,0
2023-11-30 16:00:00,85.56,24.0,16,3,11,0
2023-11-30 17:00:00,90.57,25.8,17,3,11,0
2023-11-30 18:00:00,93.88,25.3,18,3,11,0
2023-11-30 19:00:00,94.99,25.6,19,3,11,0
2023-11-30 20:00:00,95.51,26.4,20,3,11,0
2023-11-30 21:00:00,96.7,27.9,21,3,11,0
2023-11-30 22:00:00,88.42,31.1,22,3,11,0
2023-11-30 23:00:00,76.97,30.8,23,3,11,0
2023-12-01 00:00:00,54.85,31.1,0,4,12,0
2023-12-01 01:00:00,55.16,31.6,1,4,12,0
2023-12-01 02:00:00,56.2,31.3,2,4,12,0
2023-12-01 03:00:00,55.68,31.1,3,4,12,0
2023-12-01 04:00:00,59.08,31.6,4,4,12,0
2023-12-01 05:00:00,57.53,30.2,5,4,12,0
2023-12-01 06:00:00,63.75,30.4,6,4,12,0
2023-12-01 07:00:00,67.44,28.8,7,4,12,0
2023-12-01 08:00:00,74.23,26.8,8,4,12,0
2023-12-01 09:00:00,77.29,25.8,9,4,12,0
2023-12-01 10:00:00,82.94,24.7,10,4,12,0
2023-12-01 11:00:00,83.45,25.4,11,4,12,0
2023-12-01 12:00:00,83.84,23.5,12,4,12,0
2023-12-01 13:00:00,84.21,22.8,13,4,12,0
2023-12-01 14:00:00,88.5,23.5,14,4,12,0
2023-12-01 15:00:00,86.75,23.3,15,4,12,0
2023-12-01 16:00:00,89.93,24.0,16,4,12,0
2023-12-01 17:00:00,95.07,26.0,17,4,12,0
2023-12-01 18:00:00,98.57,26.0,18,4,12,0
2023-12-01 19:00:00,97.67,26.3,19,4,12,0
2023-12-01 20:00:00,101.02,26.1,20,4,12,0
2023-12-01 21:00:00,100.43,27.9,21,4,12,0
2023-12-01 22:00:00,89.07,29.8,22,4,12,0
2023-12-01 23:00:00,78.67,29.2,23,4,12,0
2023-12-02 00:00:00,49.53,32.4,0,5,12,1
2023-12-02 01:00:00,51.76,31.1,1,5,12,1
2023-12-02 02:00:00,50.84,31.3,2,5,12,1
2023-12-02 03:00:00,51.09,30.6,3,5,12,1
2023-12-02 04:00:00,53.03,31.1,4,5,12,1
2023-12-02 05:00:00,50.16,29.2,5,5,12,1
2023-12-02 06:00:00,60.31,31.0,6,5,12,1
2023-12-02 07:00:00,60.83,29.4,7,5,12,1
2023-12-02 08:00:00,65.23,28.1,8,5,12,1
2023-12-02 09:00:00,72.02,25.1,9,5,12,1
2023-12-02 10:00:00,71.75,25.4,10,5,12,1
2023-12-02 11:00:00,77.59,25.4,11,5,12,1
2023-12-02 12:00:00,75.76,24.3,12,5,12,1
2023-12-02 13:00:00,72.83,22.6,13,5,12,1
2023-12-02 14:00:00,79.34,22.7,14,5,12,1
2023-12-02 15:00:00,79.92,23.0,15,5,12,1
2023-12-02 16:00:00,78.32,23.3,16,5,12,1
2023-12-02 17:00:00,82.41,25.7,17,5,12,1
2023-12-02 18:00:00,86.05,23.7,18,5,12,1
2023-12-02 19:00:00,86.81,26.8,19,5,12,1
2023-12-02 20:00:00,87.32,26.2,20,5,12,1
2023-12-02 21:00:00,87.63,27.5,21,5,12,1
2023-12-02 22:00:00,80.23,27.7,22,5,12,1
2023-12-02 23:00:00,72.5,29.7,23,5,12,1
2023-12-03 00:00:00,50.17,31.9,0,6,12,1
2023-12-03 01:00:00,48.28,31.3,1,6,12,1
2023-12-03 02:00:00,50.35,30.3,2,6,12,1
2023-12-03 03:00:00,53.41,31.9,3,6,12,1
2023-12-03 04:00:00,54.79,31.7,4,6,12,1
2023-12-03 05:00:00,51.5,30.2,5,6,12,1
2023-12-03 06:00:00,58.58,30.9,6,6,12,1
2023-12-03 07:00:00,62.39,29.0,7,6,12,1
2023-12-03 08:00:00,66.23,27.8,8,6,12,1
2023-12-03 09:00:00,73.09,25.6,9,6,12,1
2023-12-03 10:00:00,73.67,25.8,10,6,12,1
2023-12-03 11:00:00,73.84,24.6,11,6,12,1
2023-12-03 12:00:00,74.92,24.2,12,6,12,1
2023-12-03 13:00:00,80.07,22.9,13,6,12,1
2023-12-03 14:00:00,77.38,23.4,14,6,12,1
2023-12-03 15:00:00,77.09,22.8,15,6,12,1
2023-12-03 16:00:00,79.58,22.1,16,6,12,1
2023-12-03 17:00:00,84.74,25.2,17,6,12,1
2023-12-03 18:00:00,83.89,24.1,18,6,12,1
2023-12-03 19:00:00,86.74,26.3,19,6,12,1
2023-12-03 20:00:00,87.62,27.5,20,6,12,1
2023-12-03 21:00:00,88.42,28.6,21,6,12,1
2023-12-03 22:00:00,84.17,29.0,22,6,12,1
2023-12-03 23:00:00,71.46,30.3,23,6,12,1
2023-12-04 00:00:00,53.06,31.1,0,0,12,0
2023-12-04 01:00:00,57.68,31.7,1,0,12,0
2023-12-04 02:00:00,58.86,32.7,2,0,12,0
2023-12-04 03:00:00,58.1,31.3,3,0,12,0
2023-12-04 04:00:00,56.96,30.8,4,0,12,0
2023-12-04 05:00:00,58.48,29.4,5,0,12,0
2023-12-04 06:00:00,64.31,29.6,6,0,12,0
2023-12-04 07:00:00,68.71,28.8,7,0,12,0
2023-12-04 08:00:00,72.02,27.1,8,0,12,0
2023-12-04 09:00:00,80.27,26.7,9,0,12,0
2023-12-04 10:00:00,84.55,25.0,10,0,12,0
2023-12-04 11:00:00,83.85,25.0,11,0,12,0
2023-12-04 12:00:00,83.98,24.5,12,0,12,0
2023-12-04 13:00:00,86.35,24.1,13,0,12,0
2023-12-04 14:00:00,87.53,23.4,14,0,12,0
2023-12-04 15:00:00,86.48,22.6,15,0,12,0
2023-12-04 16:00:00,87.72,23.3,16,0,12,0
2023-12-04 17:00:00,96.75,24.9,17,0,12,0
2023-12-04 18:00:00,98.2,27.2,18,0,12,0
2023-12-04 19:00:00,96.05,26.0,19,0,12,0
2023-12-04 20:00:00,101.39,27.6,20,0,12,0
2023-12-04 21:00:00,100.98,27.9,21,0,12,0
2023-12-04 22:00:00,89.91,28.5,22,0,12,0
2023-12-04 23:00:00,79.5,29.6,23,0,12,0
2023-12-05 00:00:00,50.62,29.1,0,1,12,0
2023-12-05 01:00:00,55.9,32.2,1,1,12,0
2023-12-05 02:00:00,54.96,29.5,2,1,12,0
2023-12-05 03:00:00,55.65,30.9,3,1,12,0
2023-12-05 04:00:00,55.55,29.8,4,1,12,0
2023-12-05 05:00:00,57.55,29.4,5,1,12,0
2023-12-05 06:00:00,63.39,30.4,6,1,12,0
2023-12-05 07:00:00,69.57,28.5,7,1,12,0
2023-12-05 08:00:00,73.36,26.5,8,1,12,0
2023-12-05 09:00:00,80.66,25.8,9,1,12,0
2023-12-05 10:00:00,82.4,24.7,10,1,12,0
2023-12-05 11:00:00,82.75,24.4,11,1,12,0
2023-12-05 12:00:00,84.2,23.9,12,1,12,0
2023-12-05 13:00:00,85.62,24.9,13,1,12,0
2023-12-05 14:00:00,87.76,21.7,14,1,12,0
2023-12-05 15:00:00,86.21,23.4,15,1,12,0
2023-12-05 16:00:00,87.42,23.6,16,1,12,0
2023-12-05 17:00:00,95.53,25.2,17,1,12,0
2023-12-05 18:00:00,93.78,25.6,18,1,12,0
2023-12-05 19:00:00,96.54,26.7,19,1,12,0
2023-12-05 20:00:00,99.99,27.5,20,1,12,0
2023-12-05 21:00:00,95.7,27.6,21,1,12,0
2023-12-05 22:00:00,93.38,30.2,22,1,12,0
2023-12-05 23:00:00,81.72,30.7,23,1,12,0
2023-12-06 00:00:00,52.91,31.5,0,2,12,0
2023-12-06 01:00:00,54.12,32.1,1,2,12,0
2023-12-06 02:00:00,56.68,31.6,2,2,12,0
2023-12-06 03:00:00,57.42,32.3,3,2,12,0
2023-12-06 04:00:00,59.07,31.0,4,2,12,0
2023-12-06 05:00:00,58.24,29.9,5,2,12,0
2023-12-06 06:00:00,63.13,29.3,6,2,12,0
2023-12-06 07:00:00,67.79,28.3,7,2,12,0
2023-12-06 08:00:00,76.63,26.9,8,2,12,0
2023-12-06 09:00:00,81.43,27.5,9,2,12,0
2023-12-06 10:00:00,82.82,25.5,10,2,12,0
2023-12-06 11:00:00,85.38,24.5,11,2,12,0
2023-12-06 12:00:00,82.97,24.1,12,2,12,0
2023-12-06 13:00:00,88.8,25.8,13,2,12,0
2023-12-06 14:00:00,87.36,22.4,14,2,12,0
2023-12-06 15:00:00,88.34,22.7,15,2,12,0
2023-12-06 16:00:00,87.53,22.7,16,2,12,0
2023-12-06 17:00:00,90.91,24.3,17,2,12,0
2023-12-06 18:00:00,97.53,25.5,18,2,12,0
2023-12-06 19:00:00,94.1,25.9,19,2,12,0
2023-12-06 20:00:00,97.24,26.8,20,2,12,0
2023-12-06 21:00:00,98.72,28.4,21,2,12,0
2023-12-06 22:00:00,85.62,28.9,22,2,12,0
2023-12-06 23:00:00,78.11,30.3,23,2,12,0
2023-12-07 00:00:00,54.74,31.6,0,3,12,0
2023-12-07 01:00:00,55.36,31.7,1,3,12,0
2023-12-07 02:00:00,56.87,32.0,2,3,12,0
2023-12-07 03:00:00,57.27,32.0,3,3,12,0
2023-12-07 04:00:00,58.12,31.0,4,3,12,0
2023-12-07 05:00:00,57.6,30.0,5,3,12,0
2023-12-07 06:00:00,60.71,28.7,6,3,12,0
2023-12-07 07:00:00,68.26,28.0,7,3,12,0
2023-12-07 08:00:00,72.68,26.8,8,3,12,0
2023-12-07 09:00:00,81.64,26.8,9,3,12,0
2023-12-07 10:00:00,81.3,25.5,10,3,12,0
2023-12-07 11:00:00,87.44,25.0,11,3,12,0
2023-12-07 12:00:00,86.11,22.9,12,3,12,0
2023-12-07 13:00:00,86.51,24.5,13,3,12,0
2023-12-07 14:00:00,88.74,22.9,14,3,12,0
2023-12-07 15:00:00,84.36,22.5,15,3,12,0
2023-12-07 16:00:00,89.37,23.5,16,3,12,0
2023-12-07 17:00:00,92.77,26.4,17,3,12,0
2023-12-07 18:00:00,95.98,25.0,18,3,12,0
2023-12-07 19:00:00,96.1,26.0,19,3,12,0
2023-12-07 20:00:00,97.88,27.1,20,3,12,0
2023-12-07 21:00:00,99.23,28.2,21,3,12,0
2023-12-07 22:00:00,88.99,28.6,22,3,12,0
2023-12-07 23:00:00,79.55,30.2,23,3,12,0
2023-12-08 00:00:00,54.51,31.6,0,4,12,0
2023-12-08 01:00:00,53.75,31.4,1,4,12,0
2023-12-08 02:00:00,57.54,30.4,2,4,12,0
2023-12-08 03:00:00,57.12,30.9,3,4,12,0
2023-12-08 04:00:00,57.69,30.3,4,4,12,0
2023-12-08 05:00:00,57.7,30.1,5,4,12,0
2023-12-08 06:00:00,63.17,30.3,6,4,12,0
2023-12-08 07:00:00,68.71,28.2,7,4,12,0
2023-12-08 08:00:00,74.81,27.2,8,4,12,0
2023-12-08 09:00:00,82.25,27.7,9,4,12,0
2023-12-08 10:00:00,85.08,26.0,10,4,12,0
2023-12-08 11:00:00,85.81,24.9,11,4,12,0
2023-12-08 12:00:00,81.79,25.4,12,4,12,0
2023-12-08 13:00:00,85.97,23.8,13,4,12,0
2023-12-08 14:00:00,88.34,21.7,14,4,12,0
2023-12-08 15:00:00,87.13,24.1,15,4,12,0
2023-12-08 16:00:00,87.72,22.5,16,4,12,0
2023-12-08 17:00:00,90.44,24.8,17,4,12,0
2023-12-08 18:00:00,97.46,23.9,18,4,12,0
2023-12-08 19:00:00,94.01,25.9,19,4,12,0
2023-12-08 20:00:00,96.12,27.0,20,4,12,0
2023-12-08 21:00:00,97.68,27.7,21,4,12,0
2023-12-08 22:00:00,88.7,29.0,22,4,12,0
2023-12-08 23:00:00,78.06,30.9,23,4,12,0
2023-12-09 00:00:00,46.67,30.2,0,5,12,1
2023-12-09 01:00:00,51.46,31.6,1,5,12,1
2023-12-09 02:00:00,49.86,30.5,2,5,12,1
2023-12-09 03:00:00,51.98,31.0,3,5,12,1
2023-12-09 04:00:00,51.22,31.0,4,5,12,1
2023-12-09 05:00:00,51.37,29.3,5,5,12,1
2023-12-09 06:00:00,56.21,28.2,6,5,12,1
2023-12-09 07:00:00,60.65,28.7,7,5,12,1
2023-12-09 08:00:00,66.9,28.2,8,5,12,1
2023-12-09 09:00:00,69.43,26.2,9,5,12,1
2023-12-09 10:00:00,74.38,24.9,10,5,12,1
2023-12-09 11:00:00,74.53,24.6,11,5,12,1
2023-12-09 12:00:00,75.71,23.8,12,5,12,1
2023-12-09 13:00:00,79.43,23.6,13,5,12,1
2023-12-09 14:00:00,79.72,21.2,14,5,12,1
2023-12-09 15:00:00,78.49,22.5,15,5,12,1
2023-12-09 16:00:00,77.18,23.1,16,5,12,1
2023-12-09 17:00:00,87.13,24.6,17,5,12,1
2023-12-09 18:00:00,83.84,25.4,18,5,12,1
2023-12-09 19:00:00,88.83,26.7,19,5,12,1
2023-12-09 20:00:00,86.17,27.5,20,5,12,1
2023-12-09 21:00:00,91.32,27.3,21,5,12,1
2023-12-09 22:00:00,83.33,30.4,22,5,12,1
2023-12-09 23:00:00,70.07,31.1,23,5,12,1
2023-12-10 00:00:00,47.52,29.7,0,6,12,1
2023-12-10 01:00:00,50.45,31.4,1,6,12,1
2023-12-10 02:00:00,51.04,30.8,2,6,12,1
2023-12-10 03:00:00,52.15,31.2,3,6,12,1
2023-12-10 04:00:00,52.22,31.6,4,6,12,1
2023-12-10 05:00:00,54.2,31.8,5,6,12,1
2023-12-10 06:00:00,59.39,29.9,6,6,12,1
2023-12-10 07:00:00,60.25,28.5,7,6,12,1
2023-12-10 08:00:00,67.41,27.0,8,6,12,1
2023-12-10 09:00:00,73.99,26.4,9,6,12,1
2023-12-10 10:00:00,72.19,26.4,10,6,12,1
2023-12-10 11:00:00,72.95,24.4,11,6,12,1
2023-12-10 12:00:00,74.12,23.1,12,6,12,1
2023-12-10 13:00:00,78.69,22.1,13,6,12,1
2023-12-10 14:00:00,76.92,23.7,14,6,12,1
2023-12-10 15:00:00,78.79,23.6,15,6,12,1
2023-12-10 16:00:00,81.26,23.3,16,6,12,1
2023-12-10 17:00:00,84.7,25.3,17,6,12,1
2023-12-10 18:00:00,84.84,24.9,18,6,12,1
2023-12-10 19:00:00,87.91,26.1,19,6,12,1
2023-12-10 20:00:00,89.0,27.3,20,6,12,1
2023-12-10 21:00:00,90.45,28.0,21,6,12,1
2023-12-10 22:00:00,83.26,29.5,22,6,12,1
2023-12-10 23:00:00,73.32,31.0,23,6,12,1
2023-12-11 00:00:00,54.3,29.8,0,0,12,0
2023-12-11 01:00:00,55.91,31.5,1,0,12,0
2023-12-11 02:00:00,55.64,31.4,2,0,12,0
2023-12-11 03:00:00,59.69,31.3,3,0,12,0
2023-12-11 04:00:00,58.42,31.4,4,0,12,0
2023-12-11 05:00:00,56.94,30.1,5,0,12,0
2023-12-11 06:00:00,66.19,29.7,6,0,12,0
2023-12-11 07:00:00,67.58,28.9,7,0,12,0
2023-12-11 08:00:00,73.33,26.9,8,0,12,0
2023-12-11 09:00:00,79.47,26.5,9,0,12,0
2023-12-11 10:00:00,82.15,25.1,10,0,12,0
2023-12-11 11:00:00,84.96,24.3,11,0,12,0
2023-12-11 12:00:00,80.39,23.5,12,0,12,0
2023-12-11 13:00:00,88.22,23.8,13,0,12,0
2023-12-11 14:00:00,86.88,23.3,14,0,12,0
2023-12-11 15:00:00,87.11,23.7,15,0,12,0
2023-12-11 16:00:00,90.6,23.8,16,0,12,0
2023-12-11 17:00:00,94.59,23.2,17,0,12,0
2023-12-11 18:00:00,96.62,25.3,18,0,12,0
2023-12-11 19:00:00,97.34,26.3,19,0,12,0
2023-12-11 20:00:00,100.44,27.5,20,0,12,0
2023-12-11 21:00:00,102.58,27.8,21,0,12,0
2023-12-11 22:00:00,84.75,28.3,22,0,12,0
2023-12-11 23:00:00,81.66,30.6,23,0,12,0
2023-12-12 00:00:00,54.67,30.5,0,1,12,0
2023-12-12 01:00:00,55.71,31.3,1,1,12,0
2023-12-12 02:00:00,55.25,31.0,2,1,12,0
2023-12-12 03:00:00,55.95,31.1,3,1,12,0
2023-12-12 04:00:00,59.81,30.4,4,1,12,0
2023-12-12 05:00:00,56.14,29.3,5,1,12,0
2023-12-12 06:00:00,65.13,29.6,6,1,12,0
2023-12-12 07:00:00,69.02,27.8,7,1,12,0
2023-12-12 08:00:00,77.25,27.4,8,1,12,0
2023-12-12 09:00:00,79.82,26.6,9,1,12,0
2023-12-12 10:00:00,79.44,24.8,10,1,12,0
2023-12-12 11:00:00,83.51,23.5,11,1,12,0
2023-12-12 12:00:00,82.23,25.7,12,1,12,0
2023-12-12 13:00:00,91.06,23.0,13,1,12,0
2023-12-12 14:00:00,88.82,23.8,14,1,12,0
2023-12-12 15:00:00,89.07,25.0,15,1,12,0
2023-12-12 16:00:00,89.07,24.4,16,1,12,0
2023-12-12 17:00:00,92.99,24.2,17,1,12,0
2023-12-12 18:00:00,95.58,25.2,18,1,12,0
2023-12-12 19:00:00,97.63,25.6,19,1,12,0
2023-12-12 20:00:00,102.63,28.0,20,1,12,0
2023-12-12 21:00:00,97.41,28.8,21,1,12,0
2023-12-12 22:00:00,87.65,28.9,22,1,12,0
2023-12-12 23:00:00,77.98,29.3,23,1,12,0
2023-12-13 00:00:00,51.58,29.7,0,2,12,0
2023-12-13 01:00:00,54.51,31.9,1,2,12,0
2023-12-13 02:00:00,53.71,31.4,2,2,12,0
2023-12-13 03:00:00,55.5,31.3,3,2,12,0
2023-12-13 04:00:00,58.13,30.1,4,2,12,0
2023-12-13 05:00:00,56.73,28.9,5,2,12,0
2023-12-13 06:00:00,64.81,30.0,6,2,12,0
2023-12-13 07:00:00,67.77,28.3,7,2,12,0
2023-12-13 08:00:00,74.27,28.0,8,2,12,0
2023-12-13 09:00:00,82.71,25.9,9,2,12,0
2023-12-13 10:00:00,84.28,25.1,10,2,12,0
2023-12-13 11:00:00,84.98,25.0,11,2,12,0
2023-12-13 12:00:00,84.9,24.4,12,2,12,0
2023-12-13 13:00:00,87.56,24.0,13,2,12,0
2023-12-13 14:00:00,88.4,23.0,14,2,12,0
2023-12-13 15:00:00,87.52,23.9,15,2,12,0
2023-12-13 16:00:00,87.13,24.7,16,2,12,0
2023-12-13 17:00:00,96.19,24.4,17,2,12,0
2023-12-13 18:00:00,93.5,24.9,18,2,12,0
2023-12-13 19:00:00,100.13,27.3,19,2,12,0
2023-12-13 20:00:00,98.52,26.7,20,2,12,0
2023-12-13 21:00:00,97.12,28.8,21,2,12,0
2023-12-13 22:00:00,88.19,29.2,22,2,12,0
2023-12-13 23:00:00,76.88,28.6,23,2,12,0
2023-12-14 00:00:00,53.96,31.6,0,3,12,0
2023-12-14 01:00:00,51.88,28.9,1,3,12,0
2023-12-14 02:00:00,53.74,29.7,2,3,12,0
2023-12-14 03:00:00,57.41,31.6,3,3,12,0
2023-12-14 04:00:00,58.24,31.2,4,3,12,0
2023-12-14 05:00:00,58.27,29.6,5,3,12,0
2023-12-14 06:00:00,62.82,29.4,6,3,12,0
2023-12-14 07:00:00,68.94,26.3,7,3,12,0
2023-12-14 08:00:00,74.42,27.8,8,3,12,0
2023-12-14 09:00:00,81.11,26.4,9,3,12,0
2023-12-14 10:00:00,81.97,25.2,10,3,12,0
2023-12-14 11:00:00,82.5,24.5,11,3,12,0
2023-12-14 12:00:00,83.13,24.2,12,3,12,0
2023-12-14 13:00:00,87.06,23.4,13,3,12,0
2023-12-14 14:00:00,89.88,21.8,14,3,12,0
2023-12-14 15:00:00,87.41,25.2,15,3,12,0
2023-12-14 16:00:00,86.64,24.8,16,3,12,0
2023-12-14 17:00:00,93.76,23.4,17,3,12,0
2023-12-14 18:00:00,94.81,25.0,18,3,12,0
2023-12-14 19:00:00,96.21,26.0,19,3,12,0
2023-12-14 20:00:00,96.36,28.1,20,3,12,0
2023-12-14 21:00:00,99.11,26.6,21,3,12,0
2023-12-14 22:00:00,89.25,28.9,22,3,12,0
2023-12-14 23:00:00,76.57,28.7,23,3,12,0
2023-12-15 00:00:00,52.35,30.5,0,4,12,0
2023-12-15 01:00:00,53.69,30.8,1,4,12,0
2023-12-15 02:00:00,54.9,31.3,2,4,12,0
2023-12-15 03:00:00,55.55,30.6,3,4,12,0
2023-12-15 04:00:00,56.79,30.1,4,4,12,0
2023-12-15 05:00:00,57.24,30.6,5,4,12,0
2023-12-15 06:00:00,63.19,29.6,6,4,12,0
2023-12-15 07:00:00,67.62,28.7,7,4,12,0
2023-12-15 08:00:00,73.12,27.1,8,4,12,0
2023-12-15 09:00:00,80.86,25.8,9,4,12,0
2023-12-15 10:00:00,80.92,25.2,10,4,12,0
2023-12-15 11:00:00,82.77,24.8,11,4,12,0
2023-12-15 12:00:00,86.63,22.1,12,4,12,0
2023-12-15 13:00:00,85.23,23.7,13,4,12,0
2023-12-15 14:00:00,90.36,23.5,14,4,12,0
2023-12-15 15:00:00,87.22,23.5,15,4,12,0
2023-12-15 16:00:00,85.93,23.7,16,4,12,0
2023-12-15 17:00:00,93.24,22.4,17,4,12,0
2023-12-15 18:00:00,95.94,24.9,18,4,12,0
2023-12-15 19:00:00,99.71,27.7,19,4,12,0
2023-12-15 20:00:00,100.51,27.3,20,4,12,0
2023-12-15 21:00:00,99.68,28.1,21,4,12,0
2023-12-15 22:00:00,91.31,29.3,22,4,12,0
2023-12-15 23:00:00,77.09,30.4,23,4,12,0
2023-12-16 00:00:00,49.25,31.3,0,5,12,1
2023-12-16 01:00:00,49.8,30.9,1,5,12,1
2023-12-16 02:00:00,51.62,31.6,2,5,12,1
2023-12-16 03:00:00,51.7,32.5,3,5,12,1
2023-12-16 04:00:00,52.05,31.5,4,5,12,1
2023-12-16 05:00:00,54.49,32.0,5,5,12,1
2023-12-16 06:00:00,57.67,28.7,6,5,12,1
2023-12-16 07:00:00,64.84,29.6,7,5,12,1
2023-12-16 08:00:00,66.04,26.6,8,5,12,1
2023-12-16 09:00:00,70.3,26.5,9,5,12,1
2023-12-16 10:00:00,74.96,25.9,10,5,12,1
2023-12-16 11:00:00,79.23,24.0,11,5,12,1
2023-12-16 12:00:00,77.87,23.9,12,5,12,1
2023-12-16 13:00:00,76.83,24.1,13,5,12,1
2023-12-16 14:00:00,83.7,22.7,14,5,12,1
2023-12-16 15:00:00,80.14,24.7,15,5,12,1
2023-12-16 16:00:00,77.71,22.7,16,5,12,1
2023-12-16 17:00:00,88.2,26.0,17,5,12,1
2023-12-16 18:00:00,84.68,26.1,18,5,12,1
2023-12-16 19:00:00,86.55,26.2,19,5,12,1
2023-12-16 20:00:00,90.47,26.9,20,5,12,1
2023-12-16 21:00:00,89.56,27.9,21,5,12,1
2023-12-16 22:00:00,80.28,29.2,22,5,12,1
2023-12-16 23:00:00,71.71,30.1,23,5,12,1
2023-12-17 00:00:00,50.56,31.7,0,6,12,1
2023-12-17 01:00:00,49.38,32.7,1,6,12,1
2023-12-17 02:00:00,51.34,31.4,2,6,12,1
2023-12-17 03:00:00,50.64,30.5,3,6,12,1
2023-12-17 04:00:00,50.88,30.3,4,6,12,1
2023-12-17 05:00:00,51.35,29.9,5,6,12,1
2023-12-17 06:00:00,53.28,28.4,6,6,12,1
2023-12-17 07:00:00,60.64,27.4,7,6,12,1
2023-12-17 08:00:00,68.76,28.9,8,6,12,1
2023-12-17 09:00:00,73.51,26.5,9,6,12,1
2023-12-17 10:00:00,73.42,24.6,10,6,12,1
2023-12-17 11:00:00,72.95,25.1,11,6,12,1
2023-12-17 12:00:00,77.42,22.9,12,6,12,1
2023-12-17 13:00:00,80.17,22.5,13,6,12,1
2023-12-17 14:00:00,80.71,22.6,14,6,12,1
2023-12-17 15:00:00,77.42,24.7,15,6,12,1
2023-12-17 16:00:00,77.59,23.6,16,6,12,1
2023-12-17 17:00:00,87.71,22.5,17,6,12,1
2023-12-17 18:00:00,84.07,26.2,18,6,12,1
2023-12-17 19:00:00,88.55,26.0,19,6,12,1
2023-12-17 20:00:00,85.84,25.8,20,6,12,1
2023-12-17 21:00:00,89.05,28.0,21,6,12,1
2023-12-17 22:00:00,81.79,29.7,22,6,12,1
2023-12-17 23:00:00,71.97,30.4,23,6,12,1
2023-12-18 00:00:00,55.73,32.2,0,0,12,0
2023-12-18 01:00:00,52.94,30.4,1,0,12,0
2023-12-18 02:00:00,55.47,31.3,2,0,12,0
2023-12-18 03:00:00,57.01,30.6,3,0,12,0
2023-12-18 04:00:00,57.0,29.5,4,0,12,0
2023-12-18 05:00:00,59.13,30.8,5,0,12,0
2023-12-18 06:00:00,64.46,29.6,6,0,12,0
2023-12-18 07:00:00,66.4,28.5,7,0,12,0
2023-12-18 08:00:00,73.76,27.6,8,0,12,0
2023-12-18 09:00:00,83.03,25.7,9,0,12,0
2023-12-18 10:00:00,83.86,24.5,10,0,12,0
2023-12-18 11:00:00,84.5,24.5,11,0,12,0
2023-12-18 12:00:00,84.33,24.7,12,0,12,0
2023-12-18 13:00:00,88.4,24.7,13,0,12,0
2023-12-18 14:00:00,88.49,23.9,14,0,12,0
2023-12-18 15:00:00,85.3,23.4,15,0,12,0
2023-12-18 16:00:00,89.42,24.0,16,0,12,0
2023-12-18 17:00:00,92.69,24.4,17,0,12,0
2023-12-18 18:00:00,97.18,24.4,18,0,12,0
2023-12-18 19:00:00,94.48,26.3,19,0,12,0
2023-12-18 20:00:00,101.99,26.2,20,0,12,0
2023-12-18 21:00:00,99.05,28.2,21,0,12,0
2023-12-18 22:00:00,88.94,30.6,22,0,12,0
2023-12-18 23:00:00,79.31,30.8,23,0,12,0
2023-12-19 00:00:00,52.27,30.0,0,1,12,0
2023-12-19 01:00:00,54.97,31.1,1,1,12,0
2023-12-19 02:00:00,56.77,30.6,2,1,12,0
2023-12-19 03:00:00,57.19,31.1,3,1,12,0
2023-12-19 04:00:00,56.53,31.6,4,1,12,0
2023-12-19 05:00:00,57.36,30.6,5,1,12,0
2023-12-19 06:00:00,68.62,31.3,6,1,12,0
2023-12-19 07:00:00,69.05,29.3,7,1,12,0
2023-12-19 08:00:00,75.73,27.4,8,1,12,0
2023-12-19 09:00:00,79.83,26.8,9,1,12,0
2023-12-19 10:00:00,80.36,25.1,10,1,12,0
2023-12-19 11:00:00,82.76,23.5,11,1,12,0
2023-12-19 12:00:00,84.78,24.8,12,1,12,0
2023-12-19 13:00:00,85.97,24.2,13,1,12,0
2023-12-19 14:00:00,90.94,23.1,14,1,12,0
2023-12-19 15:00:00,86.78,23.6,15,1,12,0
2023-12-19 16:00:00,86.06,24.8,16,1,12,0
2023-12-19 17:00:00,95.64,25.1,17,1,12,0
2023-12-19 18:00:00,97.49,24.1,18,1,12,0
2023-12-19 19:00:00,97.48,26.4,19,1,12,0
2023-12-19 20:00:00,97.92,27.1,20,1,12,0
2023-12-19 21:00:00,96.27,29.2,21,1,12,0
2023-12-19 22:00:00,92.21,30.1,22,1,12,0
2023-12-19 23:00:00,82.06,31.2,23,1,12,0
2023-12-20 00:00:00,51.93,29.8,0,2,12,0
2023-12-20 01:00:00,54.32,30.5,1,2,12,0
2023-12-20 02:00:00,57.14,32.2,2,2,12,0
2023-12-20 03:00:00,58.3,30.7,3,2,12,0
2023-12-20 04:00:00,55.19,29.5,4,2,12,0
2023-12-20 05:00:00,57.88,30.5,5,2,12,0
2023-12-20 06:00:00,61.79,28.8,6,2,12,0
2023-12-20 07:00:00,69.76,29.7,7,2,12,0
2023-12-20 08:00:00,74.48,27.5,8,2,12,0
2023-12-20 09:00:00,80.6,26.4,9,2,12,0
2023-12-20 10:00:00,80.55,25.0,10,2,12,0
2023-12-20 11:00:00,85.82,25.7,11,2,12,0
2023-12-20 12:00:00,83.86,24.1,12,2,12,0
2023-12-20 13:00:00,88.64,23.1,13,2,12,0
2023-12-20 14:00:00,92.94,22.6,14,2,12,0
2023-12-20 15:00:00,86.36,23.3,15,2,12,0
2023-12-20 16:00:00,88.35,23.0,16,2,12,0
2023-12-20 17:00:00,93.98,25.3,17,2,12,0
2023-12-20 18:00:00,99.45,23.8,18,2,12,0
2023-12-20 19:00:00,96.91,26.1,19,2,12,0
2023-12-20 20:00:00,99.49,27.8,20,2,12,0
2023-12-20 21:00:00,99.99,28.6,21,2,12,0
2023-12-20 22:00:00,88.69,28.7,22,2,12,0
2023-12-20 23:00:00,81.18,30.6,23,2,12,0
2023-12-21 00:00:00,52.68,30.0,0,3,12,0
2023-12-21 01:00:00,55.45,31.1,1,3,12,0
2023-12-21 02:00:00,57.1,31.8,2,3,12,0
2023-12-21 03:00:00,56.98,31.5,3,3,12,0
2023-12-21 04:00:00,56.83,30.2,4,3,12,0
2023-12-21 05:00:00,59.85,31.1,5,3,12,0
2023-12-21 06:00:00,63.64,29.3,6,3,12,0
2023-12-21 07:00:00,70.11,28.9,7,3,12,0
2023-12-21 08:00:00,76.99,28.5,8,3,12,0
2023-12-21 09:00:00,79.51,27.1,9,3,12,0
2023-12-21 10:00:00,82.11,26.2,10,3,12,0
2023-12-21 11:00:00,83.21,24.6,11,3,12,0
2023-12-21 12:00:00,82.83,24.4,12,3,12,0
2023-12-21 13:00:00,87.63,23.6,13,3,12,0
2023-12-21 14:00:00,89.06,22.3,14,3,12,0
2023-12-21 15:00:00,86.02,23.6,15,3,12,0
2023-12-21 16:00:00,87.18,24.0,16,3,12,0
2023-12-21 17:00:00,93.38,24.9,17,3,12,0
2023-12-21 18:00:00,93.12,25.2,18,3,12,0
2023-12-21 19:00:00,97.36,25.6,19,3,12,0
2023-12-21 20:00:00,96.91,27.8,20,3,12,0
2023-12-21 21:00:00,99.86,27.3,21,3,12,0
2023-12-21 22:00:00,90.99,30.4,22,3,12,0
2023-12-21 23:00:00,79.81,29.9,23,3,12,0
2023-12-22 00:00:00,54.09,30.9,0,4,12,0
2023-12-22 01:00:00,57.08,31.6,1,4,12,0
2023-12-22 02:00:00,55.96,31.7,2,4,12,0
2023-12-22 03:00:00,55.03,30.0,3,4,12,0
2023-12-22 04:00:00,59.23,31.4,4,4,12,0
2023-12-22 05:00:00,58.16,30.3,5,4,12,0
2023-12-22 06:00:00,63.95,28.8,6,4,12,0
2023-12-22 07:00:00,69.24,27.7,7,4,12,0
2023-12-22 08:00:00,77.07,27.0,8,4,12,0
2023-12-22 09:00:00,80.16,25.2,9,4,12,0
2023-12-22 10:00:00,79.63,26.6,10,4,12,0
2023-12-22 11:00:00,84.04,25.6,11,4,12,0
2023-12-22 12:00:00,84.46,24.2,12,4,12,0
2023-12-22 13:00:00,87.58,23.2,13,4,12,0
2023-12-22 14:00:00,88.88,23.1,14,4,12,0
2023-12-22 15:00:00,86.91,24.0,15,4,12,0
2023-12-22 16:00:00,86.13,25.2,16,4,12,0
2023-12-22 17:00:00,93.96,24.0,17,4,12,0
2023-12-22 18:00:00,91.56,24.4,18,4,12,0
2023-12-22 19:00:00,97.57,27.5,19,4,12,0
2023-12-22 20:00:00,98.28,25.8,20,4,12,0
2023-12-22 21:00:00,101.17,27.5,21,4,12,0
2023-12-22 22:00:00,85.68,29.1,22,4,12,0
2023-12-22 23:00:00,78.16,28.8,23,4,12,0
2023-12-23 00:00:00,50.88,31.6,0,5,12,1
2023-12-23 01:00:00,51.24,31.8,1,5,12,1
2023-12-23 02:00:00,51.32,30.8,2,5,12,1
2023-12-23 03:00:00,53.33,32.2,3,5,12,1
2023-12-23 04:00:00,51.86,31.9,4,5,12,1
2023-12-23 05:00:00,52.44,30.0,5,5,12,1
2023-12-23 06:00:00,56.85,28.9,6,5,12,1
2023-12-23 07:00:00,61.61,30.1,7,5,12,1
2023-12-23 08:00:00,66.79,27.8,8,5,12,1
2023-12-23 09:00:00,67.91,26.4,9,5,12,1
2023-12-23 10:00:00,73.2,26.4,10,5,12,1
2023-12-23 11:00:00,74.48,24.7,11,5,12,1
2023-12-23 12:00:00,78.34,23.4,12,5,12,1
2023-12-23 13:00:00,77.07,23.5,13,5,12,1
2023-12-23 14:00:00,78.57,24.1,14,5,12,1
2023-12-23 15:00:00,78.88,21.8,15,5,12,1
2023-12-23 16:00:00,78.04,23.6,16,5,12,1
2023-12-23 17:00:00,86.06,25.5,17,5,12,1
2023-12-23 18:00:00,82.67,24.9,18,5,12,1
2023-12-23 19:00:00,89.75,27.5,19,5,12,1
2023-12-23 20:00:00,89.11,28.4,20,5,12,1
2023-12-23 21:00:00,92.03,28.3,21,5,12,1
2023-12-23 22:00:00,75.41,28.8,22,5,12,1
2023-12-23 23:00:00,67.86,29.9,23,5,12,1
2023-12-24 00:00:00,50.65,32.9,0,6,12,1
2023-12-24 01:00:00,52.03,32.6,1,6,12,1
2023-12-24 02:00:00,50.5,31.4,2,6,12,1
2023-12-24 03:00:00,51.66,30.6,3,6,12,1
2023-12-24 04:00:00,53.28,30.8,4,6,12,1
2023-12-24 05:00:00,53.33,30.3,5,6,12,1
2023-12-24 06:00:00,56.49,28.3,6,6,12,1
2023-12-24 07:00:00,61.79,28.4,7,6,12,1
2023-12-24 08:00:00,66.11,28.3,8,6,12,1
2023-12-24 09:00:00,72.18,24.8,9,6,12,1
2023-12-24 10:00:00,72.14,25.9,10,6,12,1
2023-12-24 11:00:00,73.93,25.5,11,6,12,1
2023-12-24 12:00:00,76.93,23.4,12,6,12,1
2023-12-24 13:00:00,77.3,24.8,13,6,12,1
2023-12-24 14:00:00,77.8,22.7,14,6,12,1
2023-12-24 15:00:00,79.75,23.8,15,6,12,1
2023-12-24 16:00:00,79.63,23.6,16,6,12,1
2023-12-24 17:00:00,84.41,24.2,17,6,12,1
2023-12-24 18:00:00,85.97,24.8,18,6,12,1
2023-12-24 19:00:00,88.44,26.8,19,6,12,1
2023-12-24 20:00:00,90.92,27.9,20,6,12,1
2023-12-24 21:00:00,89.98,28.3,21,6,12,1
2023-12-24 22:00:00,78.0,28.2,22,6,12,1
2023-12-24 23:00:00,71.7,30.4,23,6,12,1
2023-12-25 00:00:00,53.52,31.1,0,0,12,0
2023-12-25 01:00:00,53.83,31.0,1,0,12,0
2023-12-25 02:00:00,58.59,32.8,2,0,12,0
2023-12-25 03:00:00,56.27,29.9,3,0,12,0
2023-12-25 04:00:00,56.43,29.0,4,0,12,0
2023-12-25 05:00:00,56.29,29.5,5,0,12,0
2023-12-25 06:00:00,63.77,29.8,6,0,12,0
2023-12-25 07:00:00,68.51,27.5,7,0,12,0
2023-12-25 08:00:00,74.83,26.5,8,0,12,0
2023-12-25 09:00:00,80.49,27.0,9,0,12,0
2023-12-25 10:00:00,81.88,25.6,10,0,12,0
2023-12-25 11:00:00,83.3,24.7,11,0,12,0
2023-12-25 12:00:00,86.33,24.4,12,0,12,0
2023-12-25 13:00:00,85.32,23.1,13,0,12,0
2023-12-25 14:00:00,87.51,23.0,14,0,12,0
2023-12-25 15:00:00,89.56,24.1,15,0,12,0
2023-12-25 16:00:00,86.46,22.7,16,0,12,0
2023-12-25 17:00:00,92.88,22.7,17,0,12,0
2023-12-25 18:00:00,97.13,24.9,18,0,12,0
2023-12-25 19:00:00,94.83,27.0,19,0,12,0
2023-12-25 20:00:00,100.25,27.5,20,0,12,0
2023-12-25 21:00:00,98.66,29.0,21,0,12,0
2023-12-25 22:00:00,89.54,27.7,22,0,12,0
2023-12-25 23:00:00,77.93,30.3,23,0,12,0
2023-12-26 00:00:00,55.29,31.3,0,1,12,0
2023-12-26 01:00:00,52.59,30.1,1,1,12,0
2023-12-26 02:00:00,57.85,32.0,2,1,12,0
2023-12-26 03:00:00,55.8,31.0,3,1,12,0
2023-12-26 04:00:00,62.59,33.2,4,1,12,0
2023-12-26 05:00:00,56.67,28.4,5,1,12,0
2023-12-26 06:00:00,66.59,30.4,6,1,12,0
2023-12-26 07:00:00,67.47,28.0,7,1,12,0
2023-12-26 08:00:00,73.79,26.0,8,1,12,0
2023-12-26 09:00:00,82.11,25.8,9,1,12,0
2023-12-26 10:00:00,79.72,25.5,10,1,12,0
2023-12-26 11:00:00,82.42,25.3,11,1,12,0
2023-12-26 12:00:00,85.36,25.2,12,1,12,0
2023-12-26 13:00:00,85.07,24.5,13,1,12,0
2023-12-26 14:00:00,88.64,22.5,14,1,12,0
2023-12-26 15:00:00,88.07,24.3,15,1,12,0
2023-12-26 16:00:00,85.31,24.1,16,1,12,0
2023-12-26 17:00:00,95.92,23.9,17,1,12,0
2023-12-26 18:00:00,93.56,25.1,18,1,12,0
2023-12-26 19:00:00,98.83,25.7,19,1,12,0
2023-12-26 20:00:00,99.27,27.3,20,1,12,0
2023-12-26 21:00:00,98.72,27.7,21,1,12,0
2023-12-26 22:00:00,87.02,28.4,22,1,12,0
2023-12-26 23:00:00,80.43,30.5,23,1,12,0
2023-12-27 00:00:00,53.19,31.2,0,2,12,0
2023-12-27 01:00:00,56.04,31.0,1,2,12,0
2023-12-27 02:00:00,58.85,32.4,2,2,12,0
2023-12-27 03:00:00,58.56,30.9,3,2,12,0
2023-12-27 04:00:00,57.76,30.5,4,2,12,0
2023-12-27 05:00:00,58.23,30.6,5,2,12,0
2023-12-27 06:00:00,62.52,29.2,6,2,12,0
2023-12-27 07:00:00,68.04,28.4,7,2,12,0
2023-12-27 08:00:00,74.75,25.3,8,2,12,0
2023-12-27 09:00:00,80.95,26.2,9,2,12,0
2023-12-27 10:00:00,83.79,23.8,10,2,12,0
2023-12-27 11:00:00,83.54,23.5,11,2,12,0
2023-12-27 12:00:00,82.36,22.7,12,2,12,0
2023-12-27 13:00:00,86.06,22.6,13,2,12,0
2023-12-27 14:00:00,90.34,22.8,14,2,12,0
2023-12-27 15:00:00,85.24,23.0,15,2,12,0
2023-12-27 16:00:00,89.0,24.3,16,2,12,0
2023-12-27 17:00:00,93.53,24.6,17,2,12,0
2023-12-27 18:00:00,94.24,23.7,18,2,12,0
2023-12-27 19:00:00,98.14,26.3,19,2,12,0
2023-12-27 20:00:00,101.92,27.5,20,2,12,0
2023-12-27 21:00:00,100.2,28.0,21,2,12,0
2023-12-27 22:00:00,88.66,29.2,22,2,12,0
2023-12-27 23:00:00,77.7,30.2,23,2,12,0
2023-12-28 00:00:00,54.05,31.3,0,3,12,0
2023-12-28 01:00:00,52.23,29.9,1,3,12,0
2023-12-28 02:00:00,55.74,31.1,2,3,12,0
2023-12-28 03:00:00,58.5,32.3,3,3,12,0
2023-12-28 04:00:00,56.7,31.9,4,3,12,0
2023-12-28 05:00:00,60.37,30.8,5,3,12,0
2023-12-28 06:00:00,62.02,29.7,6,3,12,0
2023-12-28 07:00:00,69.0,29.6,7,3,12,0
2023-12-28 08:00:00,75.15,28.8,8,3,12,0
2023-12-28 09:00:00,82.26,26.1,9,3,12,0
2023-12-28 10:00:00,80.69,24.5,10,3,12,0
2023-12-28 11:00:00,79.59,24.2,11,3,12,0
2023-12-28 12:00:00,86.28,26.3,12,3,12,0
2023-12-28 13:00:00,84.69,22.1,13,3,12,0
2023-12-28 14:00:00,88.38,22.9,14,3,12,0
2023-12-28 15:00:00,88.48,22.3,15,3,12,0
2023-12-28 16:00:00,82.46,23.9,16,3,12,0
2023-12-28 17:00:00,91.37,23.5,17,3,12,0
2023-12-28 18:00:00,94.99,25.2,18,3,12,0
2023-12-28 19:00:00,92.72,24.7,19,3,12,0
2023-12-28 20:00:00,96.56,27.8,20,3,12,0
2023-12-28 21:00:00,100.15,29.3,21,3,12,0
2023-12-28 22:00:00,88.71,29.0,22,3,12,0
2023-12-28 23:00:00,79.8,30.0,23,3,12,0
2023-12-29 00:00:00,53.74,30.6,0,4,12,0
2023-12-29 01:00:00,53.57,31.3,1,4,12,0
2023-12-29 02:00:00,54.89,31.2,2,4,12,0
2023-12-29 03:00:00,58.62,31.7,3,4,12,0
2023-12-29 04:00:00,60.5,31.7,4,4,12,0
2023-12-29 05:00:00,56.2,29.4,5,4,12,0
2023-12-29 06:00:00,62.93,29.0,6,4,12,0
2023-12-29 07:00:00,69.55,29.0,7,4,12,0
2023-12-29 08:00:00,74.74,26.1,8,4,12,0
2023-12-29 09:00:00,79.92,24.7,9,4,12,0
2023-12-29 10:00:00,80.92,25.4,10,4,12,0
2023-12-29 11:00:00,86.6,24.8,11,4,12,0
2023-12-29 12:00:00,84.73,23.2,12,4,12,0
2023-12-29 13:00:00,87.35,22.9,13,4,12,0
2023-12-29 14:00:00,88.32,22.7,14,4,12,0
2023-12-29 15:00:00,86.46,22.7,15,4,12,0
2023-12-29 16:00:00,87.87,24.4,16,4,12,0
2023-12-29 17:00:00,93.65,23.5,17,4,12,0
2023-12-29 18:00:00,95.21,25.1,18,4,12,0
2023-12-29 19:00:00,98.0,25.5,19,4,12,0
2023-12-29 20:00:00,97.34,26.1,20,4,12,0
2023-12-29 21:00:00,97.32,29.0,21,4,12,0
2023-12-29 22:00:00,89.69,28.9,22,4,12,0
2023-12-29 23:00:00,78.82,30.2,23,4,12,0
2023-12-30 00:00:00,46.52,29.5,0,5,12,1
2023-12-30 01:00:00,47.12,30.5,1,5,12,1
2023-12-30 02:00:00,52.62,31.9,2,5,12,1
2023-12-30 03:00:00,54.72,33.2,3,5,12,1
2023-12-30 04:00:00,51.08,29.2,4,5,12,1
2023-12-30 05:00:00,52.56,29.9,5,5,12,1
2023-12-30 06:00:00,55.31,29.6,6,5,12,1
2023-12-30 07:00:00,61.96,27.8,7,5,12,1
2023-12-30 08:00:00,66.12,27.9,8,5,12,1
2023-12-30 09:00:00,70.82,25.5,9,5,12,1
2023-12-30 10:00:00,74.48,25.4,10,5,12,1
2023-12-30 11:00:00,77.74,24.0,11,5,12,1
2023-12-30 12:00:00,78.48,24.8,12,5,12,1
2023-12-30 13:00:00,79.05,22.9,13,5,12,1
2023-12-30 14:00:00,78.96,23.0,14,5,12,1
2023-12-30 15:00:00,78.66,24.2,15,5,12,1
2023-12-30 16:00:00,77.53,23.0,16,5,12,1
2023-12-30 17:00:00,84.32,24.5,17,5,12,1
2023-12-30 18:00:00,87.86,23.8,18,5,12,1
2023-12-30 19:00:00,91.0,25.4,19,5,12,1
2023-12-30 20:00:00,87.62,27.6,20,5,12,1
2023-12-30 21:00:00,85.9,27.5,21,5,12,1
2023-12-30 22:00:00,79.09,28.8,22,5,12,1
2023-12-30 23:00:00,73.46,30.5,23,5,12,1
2023-12-31 00:00:00,49.8,30.3,0,6,12,1
